-3.091594209173041397e-01,-1.216875816132606397e-01,-4.249250243678965450e-02,9.422350938995281977e-01,8.250730989259474901e-01,9.029780352538792076e-01,7.752182713665303204e-01,-5.237210263437712676e-01,1.038868313697705464e-01,1.507909152044623613e-01,2.282883711492018908e-01,4.457877597038625850e-02,-2.398120372648213788e-02,-5.293353713867262611e-01,9.906085178647167089e-02,1.050595691659955838e-01,1.107401373752377322e-01,8.538137581455843006e-02,-7.110498647246898951e-02,-3.660188783994469675e-02,-1.391189617565319059e-01,4.679998676551409553e-01,-2.357528826458067106e-01,1.953670481627290678e-01,2.740043430135434277e-01,7.266231520543252609e-01,3.064026287045830757e-02,1.924340346320289330e-01,4.499322810952769564e-02,1.859612669671401042e-01,5.916398950864194123e-02,-2.353822639708513104e-02,3.153575737590197381e-01,3.693801599874381534e-03,1.018474872763284050e-01,1.058137071429061590e-02
-2.974628929339918071e-01,-9.554632648372789194e-02,-3.457488039945623426e-02,9.493109629979887831e-01,8.155407363340667626e-01,9.037328290916922802e-01,7.693028501254522977e-01,-5.346651527933973247e-01,1.430310214648489175e-01,1.556145039043153044e-01,4.189943720646416292e-01,-7.244325723413566620e-02,-3.273266424412846903e-02,-5.607121607680749520e-01,1.322489686446035317e-01,8.609922205320288957e-02,3.205378967191774287e-01,-2.539799929936615089e-02,-8.930823004343541038e-02,-2.145610007931971278e-02,-1.948768312893680577e-01,4.679999898304615380e-01,-2.416678729434444672e-01,2.262176380112668750e-01,3.144703698986987539e-01,8.432767463410368869e-01,3.633472374247171538e-02,2.064153168984460829e-01,4.499964842523066638e-02,3.628211719765007948e-02,7.594380094988624486e-02,-2.147928801896251128e-02,4.679341030458469830e-01,5.701795491221329192e-03,1.404488874502430318e-01,1.739575081519925681e-02
-2.844638169209351419e-01,-5.950728767748232617e-02,-2.792906724015626480e-02,9.564304401152949886e-01,8.092323960515807046e-01,9.041142950703741077e-01,7.632849300318249597e-01,-4.975401643436274668e-01,1.813705344861451796e-01,1.464704349150235396e-01,5.473024879527921271e-01,-1.665359421932733064e-01,-5.858859516588036526e-02,-5.367050052742002864e-01,1.671431090846201839e-01,7.171722707723862666e-02,4.523473338876066729e-01,-1.237698195195201939e-01,-1.171723849701063330e-01,8.227520264826914190e-03,-2.096758888765937745e-01,4.679999980459744191e-01,-2.476183942399512450e-01,2.468462111513535784e-01,3.449093336894642481e-01,9.178401696733692328e-01,4.125342354067047801e-02,2.009550636034665161e-01,4.499992513949243461e-02,1.026863274871502203e-02,8.315726759782007815e-02,-2.425681179042056546e-02,5.479014572347334910e-01,6.319023826073538568e-03,1.560788470390988836e-01,2.041552833390425023e-02
-2.731156656402449201e-01,-3.671710704783619217e-02,-2.434822954182805366e-02,9.609718263040296637e-01,8.033054297111174025e-01,9.022365696773578803e-01,7.590895990469337384e-01,-4.630240239870549446e-01,2.049932946721406690e-01,1.378191621847456583e-01,6.176070940152150746e-01,-2.232218839801481391e-01,-7.334233116532347385e-02,-5.138924878789443706e-01,1.909491634184526387e-01,6.206059974654771355e-02,5.278718680878129454e-01,-1.937741080568314289e-01,-1.438149914385634387e-01,3.341458343496254285e-02,-2.097090346337273925e-01,4.679998167383644381e-01,-2.459931508474102191e-01,2.535627286765868571e-01,3.650181835683284359e-01,9.697617724550277041e-01,4.437667308264697796e-02,1.858213140950072673e-01,4.499349522405012708e-02,1.284011893844087988e-02,9.026429280994523185e-02,-2.042482861071219166e-02,5.928054568656528911e-01,6.958977211942209314e-03,1.621036964079990983e-01,2.314938565424385156e-02
-2.646125157958411078e-01,-1.690918967905619130e-02,-2.126779281299291322e-02,9.639719792491153738e-01,7.972496610057081545e-01,9.012910798237020460e-01,7.556437040803605232e-01,-4.264460687611165701e-01,2.237863880217622059e-01,1.307972185554135969e-01,6.650814970784150182e-01,-2.655995215670086118e-01,-8.680773573612927951e-02,-4.858807691263180573e-01,2.087868178442285061e-01,4.930879799070078673e-02,5.780530847167991704e-01,-2.446203275866828120e-01,-1.651148522072787284e-01,5.438783265908770509e-02,-2.146899871973982077e-01,4.679999985542967478e-01,-2.415643749582598310e-01,2.585357300932797364e-01,3.825785057825645818e-01,1.012008060529728581e+00,4.691783576564927116e-02,1.686384092579788774e-01,4.499994082409040919e-02,2.110153031600080914e-02,9.752943963702626062e-02,-1.494849930358878136e-02,6.199246364604599213e-01,7.504251758102328286e-03,1.644487159099435325e-01,2.530460498192885904e-02
-2.581026971821550609e-01,-1.241979314495676289e-03,-1.927392947162414466e-02,9.659244125900338096e-01,7.929473953058571167e-01,8.994639611211334707e-01,7.543507334758733363e-01,-3.892922001747108340e-01,2.352099607922811253e-01,1.266178123022193291e-01,6.857109579945647182e-01,-2.910520444978005328e-01,-9.544837400390382420e-02,-4.552870882580558054e-01,2.209006834028197919e-01,4.186527015618716346e-02,6.020579057581558757e-01,-2.826460019761141695e-01,-1.813602175461279664e-01,7.121700501548133833e-02,-2.102439746172076740e-01,4.679997946712268764e-01,-2.363652226696888181e-01,2.576099925635146337e-01,3.985605949368494216e-01,1.041091093317450422e+00,4.887833285740832145e-02,1.497131346528169094e-01,4.499238364039243043e-02,3.058160171978891936e-02,9.867600239490739722e-02,-1.396839729984608765e-02,6.374044821316153797e-01,7.645594597693931155e-03,1.655416933238393340e-01,2.618434345200681621e-02
-2.519357951538447882e-01,9.681841927462084621e-03,-1.782710240071498989e-02,9.675312974147585177e-01,7.893096649005618692e-01,8.990916101087090828e-01,7.530677074766267687e-01,-3.641163218197816520e-01,2.435844266616894460e-01,1.203500960883134435e-01,7.022600054742795805e-01,-3.066882634750177639e-01,-8.734801270828740360e-02,-4.334734489767686494e-01,2.313559865181670228e-01,3.656263665978950334e-02,6.172968822415748624e-01,-3.065093425895807910e-01,-1.856204224898589938e-01,8.561466328467018383e-02,-2.134394066322222727e-01,4.679999984879987251e-01,-2.316540489537487757e-01,2.620326610171325732e-01,4.159822585281220397e-01,1.059344267053204502e+00,5.025804988014321434e-02,1.313585175549480399e-01,4.499993009611256284e-02,3.507181429563314273e-02,1.030900056910316054e-01,-1.083305784107633195e-02,6.517155456940777469e-01,7.925216533293661519e-03,1.665989107402132408e-01,2.726233918590732774e-02
-2.509226585142403376e-01,1.872885651275152732e-02,-1.684839113812714936e-02,9.676792759452521597e-01,7.863004937512947379e-01,8.984883394331794060e-01,7.523528996521436918e-01,-3.421636934850461054e-01,2.500815369410124833e-01,1.201057757786978264e-01,7.090906225440885002e-01,-3.205885343776602725e-01,-1.077764476817019007e-01,-4.132593316571813169e-01,2.384744226904019215e-01,3.672184381120232460e-02,6.273174615059188275e-01,-3.208488530100749858e-01,-1.953997735867980257e-01,9.174901256973833075e-02,-2.135857967459089124e-01,4.679999477322245860e-01,-2.281930637813717744e-01,2.619694920145848593e-01,4.326485425423168829e-01,1.073292956578637325e+00,5.111034889469109888e-02,1.154041394610750976e-01,4.499798129001555264e-02,4.006840461196303771e-02,1.056039158900583530e-01,-8.875848861161239958e-03,6.631997222422039151e-01,8.109263830801202375e-03,1.677256406943896938e-01,2.794197052554521152e-02
-2.476559073039978909e-01,2.640866769116315821e-02,-1.528787879827206951e-02,9.683673965030320518e-01,7.846174615739411884e-01,8.967848739555084325e-01,7.524403837444544330e-01,-3.188087080290802899e-01,2.508668753558856435e-01,1.190574133357337194e-01,7.093515787766935254e-01,-3.281576583089698129e-01,-1.100079905359099830e-01,-3.930094230117101017e-01,2.424385234019635349e-01,3.959107400039473673e-02,6.306349876522411302e-01,-3.302035483219292189e-01,-2.022461783989655260e-01,9.856975876356735555e-02,-2.083759604060949622e-01,4.679998587093264217e-01,-2.231955847323618125e-01,2.577740661807653710e-01,4.483496997547526952e-01,1.085549230515096442e+00,5.166463302333430818e-02,1.021856729492943566e-01,4.499455342754515169e-02,4.520031707114967323e-02,1.046290938265977688e-01,-9.367784977360363308e-03,6.719808624342207271e-01,8.112443369556803993e-03,1.684096162667632068e-01,2.811662978023210524e-02
-2.464056510760707641e-01,3.378521728885319764e-02,-1.409983793767661045e-02,9.684750945587883297e-01,7.820437981719013942e-01,8.961027280200984935e-01,7.523093904468487469e-01,-2.982976181524239490e-01,2.532418218457637704e-01,1.170350271852687307e-01,7.108349365464078362e-01,-3.351477199316229560e-01,-1.131043700256118001e-01,-3.730008430457914526e-01,2.474062044093200130e-01,4.156887709971089639e-02,6.335485473121253985e-01,-3.379615830868926696e-01,-2.075292829837790121e-01,1.041361667019793519e-01,-2.087248929553141563e-01,4.679999373472394919e-01,-2.195960297783474957e-01,2.565265009631482740e-01,4.644877766212041070e-01,1.094934830519355806e+00,5.212437486967216871e-02,9.114796974750985492e-02,4.499737557161327672e-02,5.023522849816598052e-02,1.067564205174424963e-01,-8.587367127095613811e-03,6.803945074472432797e-01,8.218660188327845534e-03,1.693739607667951730e-01,2.845652237847005189e-02
-2.449501553278588817e-01,4.009307565777572857e-02,-1.292862054963915888e-02,9.686200583612962767e-01,7.799594879493896293e-01,8.955764310780810478e-01,7.521781785112291452e-01,-2.804109385771095808e-01,2.547032426510825731e-01,1.149379703857162649e-01,7.114286271487133551e-01,-3.407529195856424109e-01,-1.158669236890930432e-01,-3.557884185806202137e-01,2.515559476223095392e-01,4.372390528664482634e-02,6.355720491566827501e-01,-3.432675501102422366e-01,-2.118148133178890669e-01,1.089796465723239516e-01,-2.093041570606554991e-01,4.679998546036149287e-01,-2.162869315103984058e-01,2.559158572314902402e-01,4.807391256953069125e-01,1.102599140877888129e+00,5.254780105236317445e-02,8.214212264938769437e-02,4.499373451642942751e-02,5.426910393291025508e-02,1.089464269263920038e-01,-7.621239115608925349e-03,6.879511647410182507e-01,8.342904188815471883e-03,1.703258037653585799e-01,2.878829094114024323e-02
-2.434742878488194151e-01,4.655751033292344215e-02,-1.176121993324977071e-02,9.687178862258049028e-01,7.771462781224586225e-01,8.960705654288374511e-01,7.513083540368903357e-01,-2.645189847950398798e-01,2.582342177305966269e-01,1.106595927351858577e-01,7.168764140521616257e-01,-3.488457116415060733e-01,-1.209413932759559607e-01,-3.396720393786048509e-01,2.572045977457826926e-01,4.375813932552767571e-02,6.399662980266076495e-01,-3.451382354961340382e-01,-2.153019837565492700e-01,1.144587555134560508e-01,-2.164329544818620887e-01,4.679998313875242677e-01,-2.128902406797589519e-01,2.595876062614302926e-01,4.976213143791820004e-01,1.108368168260119191e+00,5.299451515105937927e-02,7.470843388389022954e-02,4.499256446561067380e-02,6.045798749287752821e-02,1.152581934825695070e-01,-3.394156557605903460e-03,6.959213989187522653e-01,8.729018832670212141e-03,1.717633416396990853e-01,2.955748108687437925e-02
-2.416740269329172575e-01,5.322961265761039229e-02,-1.042081278800554602e-02,9.688403788566957164e-01,7.749879645667113737e-01,8.955424412199300965e-01,7.501387499735409081e-01,-2.491794820891546913e-01,2.602651780674026805e-01,1.078106449810450340e-01,7.255683967841554116e-01,-3.591931761073608453e-01,-1.240734138062724173e-01,-3.245135019535441145e-01,2.601941781570482615e-01,4.305929989224589749e-02,6.473992766158750412e-01,-3.471422478598584771e-01,-2.099386288913463461e-01,1.193041588860923874e-01,-2.156096007632708755e-01,4.679999458864921857e-01,-2.095684062795074298e-01,2.586134442324104499e-01,5.128546864085252732e-01,1.114337657236743162e+00,5.339409504132670847e-02,6.904603151706782682e-02,4.499747330630313874e-02,6.442377913692284852e-02,1.181329845214022650e-01,-2.698863681369769330e-03,7.049606508340315880e-01,8.856047138625804116e-03,1.732254638854510698e-01,2.982425062724147063e-02
-2.418819941378560490e-01,5.846725739704305286e-02,-1.000095792071515818e-02,9.684909197122243407e-01,7.728415421054751766e-01,8.952865133751279902e-01,7.506287838401377588e-01,-2.331611670862522023e-01,2.614573629988503067e-01,1.045995188767057799e-01,7.208275726382672444e-01,-3.605194980080515532e-01,-1.262849363566240779e-01,-3.070473586554475776e-01,2.638853079753625264e-01,4.358979639133959277e-02,6.432562419271116161e-01,-3.533973014832624271e-01,-2.153785675299006164e-01,1.230899460832224762e-01,-2.172282072890494575e-01,4.679999447041497951e-01,-2.067285744595884212e-01,2.587861376444092754e-01,5.286811992784777869e-01,1.118553511560347324e+00,5.385554987118647274e-02,6.427563162073475500e-02,4.499743892665138828e-02,6.895544164543319920e-02,1.200173680935479464e-01,-2.397916598634978493e-04,7.093966069025257060e-01,9.088753919743479057e-03,1.737480164430934004e-01,3.026895378595771680e-02
-2.399610785098834909e-01,6.152988330027903824e-02,-8.864981171412107674e-03,9.687900527824685470e-01,7.727943314984252465e-01,8.939969228714741423e-01,7.512440465743857043e-01,-2.208230747093002100e-01,2.577570957913210559e-01,1.040355772765458736e-01,7.143775760531509977e-01,-3.601805983096311725e-01,-1.255950459303308842e-01,-2.966027097758953124e-01,2.632307192733331358e-01,4.658138951329051508e-02,6.402530084027239221e-01,-3.542481684896106042e-01,-2.196368754083297403e-01,1.257604880809233550e-01,-2.124705380341732341e-01,4.679999431756569073e-01,-2.049040022971041763e-01,2.535645924767366832e-01,5.431432144627162950e-01,1.122680608611841713e+00,5.429488516268082821e-02,6.062565677248631796e-02,4.499721096671486370e-02,6.994128430094123661e-02,1.175220434470601316e-01,-9.094984285459937340e-04,7.128245898931385716e-01,9.069052441064040515e-03,1.740910921737484351e-01,3.019700295685950886e-02
-2.391676026560890511e-01,6.448493471758212636e-02,-7.888078285689452754e-03,9.688025233530139779e-01,7.719557049926348835e-01,8.936677950271919579e-01,7.513465205728384610e-01,-2.115406868384427097e-01,2.563149157964391689e-01,1.029776685856107765e-01,7.120159249586098804e-01,-3.610320750896826025e-01,-1.260982930399910107e-01,-2.877124748393179443e-01,2.640717301868675260e-01,4.837641760582330613e-02,6.401380847929646345e-01,-3.557818727682808269e-01,-2.224105074265623205e-01,1.286522459757436510e-01,-2.124760595874191083e-01,4.679998087591754619e-01,-2.048734340733448234e-01,2.511931529696208032e-01,5.585771366914054070e-01,1.127021640071668607e+00,5.505521153008194335e-02,5.855980970904287042e-02,4.499029820455276857e-02,7.139490060230917201e-02,1.177792120624134437e-01,-7.263323086233574449e-04,7.164423999670042065e-01,9.120837421961413422e-03,1.745835720902260135e-01,3.027417928529707244e-02
-2.388051712460970977e-01,6.743259990895321410e-02,-7.632592402643637725e-03,9.686932838565860404e-01,7.704472040501241237e-01,8.943728440948978120e-01,7.508400127768065646e-01,-2.059212208700099411e-01,2.586512241226571196e-01,1.002295329041417576e-01,7.151679504124667242e-01,-3.640344233773641913e-01,-1.285859611254912271e-01,-2.806149353638274224e-01,2.677178236384354371e-01,4.749060807933670053e-02,6.421307665206503756e-01,-3.584107522048441963e-01,-2.245360642539013796e-01,1.317151047247374085e-01,-2.174069585886451161e-01,4.679998092102750085e-01,-2.042062370401309668e-01,2.527815369738995455e-01,5.751999567679563219e-01,1.128349561373931165e+00,5.607906851484589783e-02,5.735172892014007984e-02,4.499022836002123521e-02,7.337254654805146215e-02,1.215395271660375393e-01,1.923260547108146968e-03,7.202937350724906151e-01,9.369659092912305254e-03,1.751949105055017886e-01,3.077557290674868065e-02
-2.381113077855305515e-01,7.160585960451562593e-02,-7.048518614768939025e-03,9.685690085689816486e-01,7.687639154267181807e-01,8.947044238487686929e-01,7.497010743987626569e-01,-1.988793671549012043e-01,2.608870196574625266e-01,9.659454041718153194e-02,7.234026002270783628e-01,-3.710917489653426382e-01,-1.313207025341850409e-01,-2.724463811407227820e-01,2.704262417367304105e-01,4.501270569676733835e-02,6.487867780287324138e-01,-3.620478351500630576e-01,-2.172955220413769484e-01,1.342819567689993998e-01,-2.179594784419827957e-01,4.679998581498997501e-01,-2.051317886491062781e-01,2.516339608617432222e-01,5.895320849055635248e-01,1.129942440165851991e+00,5.715313129445688534e-02,5.702111196861655434e-02,4.499217797216410047e-02,7.584665807505126811e-02,1.245704996038439483e-01,2.486716611402610758e-03,7.260839115937967048e-01,9.464406136703093150e-03,1.761454086802192176e-01,3.098201160950084243e-02
-2.382286641991777087e-01,7.262489476710380643e-02,-6.698592083519958919e-03,9.684667557939410365e-01,7.683228785436779784e-01,8.949807799513237461e-01,7.505298451041505503e-01,-1.932773959829737764e-01,2.582001528863716588e-01,9.225626558997966631e-02,7.146756101294570174e-01,-3.666614238392665315e-01,-1.320929304952449534e-01,-2.666707632036278142e-01,2.714169849742007479e-01,4.687130862002206189e-02,6.437517163337219683e-01,-3.657796946237070745e-01,-2.209675662024562781e-01,1.363892185478305374e-01,-2.205926606751147934e-01,4.679999225819880260e-01,-2.051846901443023508e-01,2.518365577086615348e-01,6.038236908994464303e-01,1.129320250804310088e+00,5.798364240298991418e-02,5.495363295482057903e-02,4.499554627322119998e-02,7.706477189758507984e-02,1.249723773089341516e-01,4.283079951929033395e-03,7.267825350903008852e-01,9.616990853954874435e-03,1.760221640230898721e-01,3.128106326267270781e-02
-2.372181629982194617e-01,7.286904781053302194e-02,-5.219516385902647944e-03,9.687055288701690303e-01,7.682288550821027018e-01,8.961720108344238822e-01,7.504347245935005795e-01,-1.912793581489403427e-01,2.540400408115453534e-01,8.700426214570418371e-02,7.106995173949596234e-01,-3.641225029514916778e-01,-1.341469139710859682e-01,-2.669261905225724374e-01,2.708483736416145704e-01,4.742451151563564782e-02,6.455710070879452367e-01,-3.650053288831422438e-01,-2.239275441903985642e-01,1.395228541624028984e-01,-2.209755085620628001e-01,4.679998977431221174e-01,-2.052843675710258053e-01,2.526593173359273359e-01,6.163915126270642642e-01,1.129946256689691397e+00,5.858550693074973670e-02,5.327722743233254121e-02,4.499375111098027208e-02,7.632442999111523074e-02,1.266429236821687010e-01,4.082319804739479967e-03,7.273276793051182132e-01,9.592941324780441051e-03,1.759402589223181546e-01,3.121147378456601978e-02
-2.395383335689056092e-01,7.589827090902608042e-02,-4.123061306728197442e-03,9.679069374632629508e-01,7.663028299373281227e-01,8.966425899268268829e-01,7.504800221782740310e-01,-1.816483807837384057e-01,2.529895372494346262e-01,8.278019998266125667e-02,7.074873938802559437e-01,-3.647833580732961489e-01,-1.363258842981590058e-01,-2.572640661330941603e-01,2.703193705408826752e-01,4.401334654297144044e-02,6.462704515825147267e-01,-3.716103172958334366e-01,-2.269379994734212480e-01,1.416642589455804624e-01,-2.216266897884602571e-01,4.679998117696869131e-01,-2.071321589777813943e-01,2.549955960968975921e-01,6.281058282044713614e-01,1.129123006736403534e+00,5.902170547129689804e-02,5.115143256692225582e-02,4.498892345563049872e-02,8.034010282840213513e-02,1.271518130002472213e-01,3.455242904500044603e-03,7.290029332944294449e-01,9.556415379948314526e-03,1.762887429042633569e-01,3.108889263316391358e-02
-2.384034367883128003e-01,7.515808164714858630e-02,-3.247754085547972184e-03,9.682481686964563572e-01,7.669167712865470055e-01,8.976338316244293347e-01,7.491655330150783776e-01,-1.880310096078010307e-01,2.506497167048102326e-01,7.759979817602158381e-02,7.158088443381683819e-01,-3.682917136085582799e-01,-1.380471873258543869e-01,-2.652223285457246948e-01,2.699279097685094442e-01,4.361710868387666529e-02,6.559455644574896382e-01,-3.667989578360635328e-01,-2.289141857243821854e-01,1.450996550433162058e-01,-2.203276938054231360e-01,4.679999550140419018e-01,-2.113296137894654370e-01,2.608758358517405118e-01,6.408446898913915390e-01,1.127622392536711038e+00,5.962506370242955794e-02,4.950446907687384296e-02,4.499701419894362037e-02,7.799079868182647035e-02,1.255129017851973339e-01,8.351665480703446753e-04,7.306594517685183199e-01,9.384882750900706838e-03,1.766820595493989454e-01,3.066611954258794195e-02
-2.399692689453062910e-01,7.335035370112651110e-02,-4.085207632882940053e-03,9.679967906209044903e-01,7.665997739686413182e-01,8.998206224529056163e-01,7.493172021232054059e-01,-1.958022053832727261e-01,2.520410870904231659e-01,7.253852728623344515e-02,7.138206031237881444e-01,-3.631698201593276942e-01,-1.401069735404545102e-01,-2.688032746691177421e-01,2.716702891261632002e-01,3.930068164759399629e-02,6.502568829041518450e-01,-3.635447098512326614e-01,-2.302663970853752184e-01,1.487593234514814622e-01,-2.237432964459220575e-01,4.679999214331203583e-01,-2.175330160182272765e-01,2.730404913672511702e-01,6.549450975915128703e-01,1.121118668362653059e+00,6.031794851703879690e-02,4.660343898746312913e-02,4.499467064101545649e-02,7.793273197575519007e-02,1.238673084638376026e-01,1.282869993492750807e-03,7.292019790738157869e-01,9.435185266003920726e-03,1.763905239672489411e-01,3.071863454342261407e-02
-2.328926450790874958e-01,6.518265257539314350e-02,-7.540739668264579386e-03,9.702862334984235781e-01,7.692365642629525047e-01,9.040607642325262372e-01,7.507007536206946607e-01,-2.142300366399442768e-01,2.630138282105010661e-01,7.988007049433000495e-02,7.031980146206129323e-01,-3.452601226473047125e-01,-1.303294308805549306e-01,-2.866143243273428509e-01,2.805930977100494217e-01,3.791114048893249461e-02,6.280963232544914954e-01,-3.538446472756439087e-01,-2.289029211986865486e-01,1.613377006178270678e-01,-2.205422878466186398e-01,4.679999168873274495e-01,-2.253791044231076013e-01,2.869445737678740782e-01,6.672643652241191381e-01,1.112155563953577397e+00,6.091696773813602694e-02,4.283226420594968969e-02,4.499349427938829915e-02,6.564457827927834555e-02,1.197598724156878486e-01,-6.859141298751909302e-04,7.245209421732988764e-01,9.248053566893187777e-03,1.752223430807168247e-01,3.033278904235242948e-02
-2.377327513887243227e-01,6.128138631340382392e-02,-5.730250470876730069e-03,9.693786127402416186e-01,7.682914127281471606e-01,9.052569664608116629e-01,7.516040001487885869e-01,-2.193312367736323654e-01,2.534525585965880512e-01,7.395486868050232809e-02,6.908152478573005295e-01,-3.362982896692329748e-01,-1.270843260520767848e-01,-2.903363253063259708e-01,2.709116245726033156e-01,3.102835771039557169e-02,6.208896940496376748e-01,-3.439742615358594158e-01,-2.305932921156409188e-01,1.640211833985429357e-01,-2.181905583553918615e-01,4.679999225350471859e-01,-2.340861353590188154e-01,3.007695001024622838e-01,6.800428069462139957e-01,1.100437232891876338e+00,6.147559322537066856e-02,3.868714249752607665e-02,4.499396885136605628e-02,6.702139879998214589e-02,1.131028706317560861e-01,-4.735482001777993610e-03,7.271379846245162870e-01,8.983626729440070610e-03,1.759424424397909303e-01,2.978654613773571574e-02
-2.428009683645737937e-01,5.282298486097043722e-02,-7.808996324327202587e-03,9.686054106848719369e-01,7.691970201762332593e-01,9.085927759937533210e-01,7.523691661903355588e-01,-2.443025641904833789e-01,2.505891405765900970e-01,6.207952885083231620e-02,6.820606643641065059e-01,-3.222455104706432039e-01,-1.287928811419160047e-01,-3.088980117610266585e-01,2.677441026416338410e-01,2.066701939488756884e-02,6.080850121965767352e-01,-3.352534908677141101e-01,-2.313259979657892595e-01,1.654853439825874906e-01,-2.111208237550545042e-01,4.679999177458876725e-01,-2.447325976779614332e-01,3.116947978057936219e-01,6.918024110426574946e-01,1.090107432599240589e+00,6.201771005449021462e-02,3.524134751187953107e-02,4.499287425552294523e-02,6.097526819953745514e-02,1.031432247020809129e-01,-1.302129947911685390e-02,7.245356659053568960e-01,8.334886382407816902e-03,1.750623786946779170e-01,2.855320270226740023e-02
-2.497846950548872069e-01,3.183701082429258450e-02,-9.803464618357536631e-03,9.677282174968275807e-01,7.749637960813597903e-01,9.122380385599698771e-01,7.532722631132187097e-01,-3.061443706010656407e-01,2.330730633332521728e-01,5.104391677651146791e-02,6.718515929746202708e-01,-2.952512185824759383e-01,-1.101716103992303186e-01,-3.621394571459887746e-01,2.507438909204191546e-01,9.101195970744728816e-03,5.951925525404130335e-01,-3.071748768075186486e-01,-2.299924194869240324e-01,1.597440995366437022e-01,-2.054445611056656962e-01,4.679998586174341502e-01,-2.633103862219824398e-01,3.147523683619227741e-01,7.010903694175388834e-01,1.077989984979519145e+00,6.242718181481989731e-02,3.145114188020231571e-02,4.498590493230616993e-02,3.760573542449328899e-02,8.635970977870774390e-02,-2.431672701301293774e-02,7.125743054468001159e-01,7.389696997518048482e-03,1.714424924616712587e-01,2.698010385250033255e-02
-2.617740374422987126e-01,9.323129417193430288e-03,-9.994475824340542935e-03,9.650324051719842977e-01,7.801255723297345623e-01,9.144250170913126308e-01,7.530874019277866704e-01,-3.716953807916196784e-01,2.078585821603666228e-01,4.605419582762842329e-02,6.637749203424957445e-01,-2.667647448925887232e-01,-9.547609693652693574e-02,-4.238420905563594632e-01,2.213926409782814297e-01,-8.704441691319616398e-03,6.013248629487843999e-01,-2.907296834184730505e-01,-2.246864964975207324e-01,1.466779048343792302e-01,-2.014582635622524098e-01,4.679999274159010181e-01,-2.734594040158935813e-01,3.203686104497899256e-01,7.163373618316728475e-01,1.065388142564368090e+00,6.308595265430044785e-02,2.822421313451023428e-02,4.499426947823871592e-02,2.543331853783512009e-02,6.307229903145468441e-02,-3.704900182141829257e-02,6.970608531226692994e-01,6.350506834270627961e-03,1.679948308635439425e-01,2.494142133939688394e-02
-2.747417096995410368e-01,-1.365002822093336343e-02,-1.123367375889480942e-02,9.613555399823832115e-01,7.875760180091914142e-01,9.160416629107278608e-01,7.537368528771762888e-01,-4.380756293564623260e-01,1.835300028133762806e-01,4.843997751153272802e-02,6.539738771799346040e-01,-2.639115113904969556e-01,-9.237327534689422637e-02,-4.854331822946788000e-01,1.899842533638796682e-01,-2.350485590297624050e-02,6.015594777355771638e-01,-2.798147586945594067e-01,-2.201745601615852921e-01,1.299394402916863589e-01,-1.866846661274442765e-01,4.679998961304540073e-01,-2.921795935013899448e-01,3.118694261806219115e-01,7.242724467720460524e-01,1.051545448335799771e+00,6.355048344350931744e-02,2.474362016147710341e-02,4.498581044186496930e-02,1.291912370028306008e-02,3.446155180744737284e-02,-5.211845129761766282e-02,6.786393347234276341e-01,5.193996844123723380e-03,1.644194616382508023e-01,2.242878848660413704e-02
-2.889053108389095237e-01,-2.669595119968886168e-02,-1.445869242906170499e-02,9.568761642824313851e-01,7.896690424457907254e-01,9.169602967200896071e-01,7.521209692410167902e-01,-4.883133469566440232e-01,1.682342105769589202e-01,3.905741517570933408e-02,6.639447143329730849e-01,-2.585685661720920625e-01,-7.993158541075481849e-02,-5.248130290716154223e-01,1.679879438786062440e-01,-4.847307291510166705e-02,6.136887124374894587e-01,-2.770293482748193425e-01,-2.181267971686834117e-01,1.215585133194132250e-01,-1.677832752861621868e-01,4.679998505358463623e-01,-3.056816364941700170e-01,3.056520886752586708e-01,7.296526002418484147e-01,1.031506665482163854e+00,6.358157728956558008e-02,1.890336667820901109e-02,4.497827304059449915e-02,1.145866867632482425e-02,9.319530339363519406e-03,-6.593368876883769214e-02,6.606950020658621803e-01,4.201230831657323112e-03,1.618250409038206050e-01,1.995503076502561784e-02
-3.076758343896360826e-01,-4.031303133905244501e-02,-1.729952893698505009e-02,9.504794404591064838e-01,7.927296146238373975e-01,9.181239158020988445e-01,7.520986515522765092e-01,-5.338959951307631346e-01,1.418323408212473213e-01,2.336026791407405656e-02,6.548823586172538569e-01,-2.439627870634674678e-01,-6.256424535278708177e-02,-5.608561863104448708e-01,1.376378706745403357e-01,-7.627350069520319464e-02,6.183353841646711535e-01,-2.798131484533034063e-01,-2.163705314710742955e-01,1.109137946330057273e-01,-1.452508370699367168e-01,4.679999796002426438e-01,-3.238713481968089614e-01,2.904052558795206518e-01,7.270140564302242092e-01,1.018979048209502469e+00,6.326401781275112213e-02,1.587520692499076735e-02,4.499638962093895772e-02,1.015692374626109458e-02,-1.797478975906365711e-02,-7.824661936683303953e-02,6.414159315879386369e-01,3.397793779440896889e-03,1.586771933035142634e-01,1.795645812390512380e-02
-3.253544200894397109e-01,-5.088221851628629833e-02,-2.244312330863441549e-02,9.439554053996824790e-01,7.945748461255438544e-01,9.190866585049319859e-01,7.528159742194290294e-01,-5.767432757211338190e-01,1.134346442716939324e-01,-5.003886380088675735e-03,6.527745331093403047e-01,-2.547870270066425191e-01,-4.444425917386927299e-02,-5.829838310893454834e-01,1.146246626297757198e-01,-1.053634926461583243e-01,6.092324197913534523e-01,-2.777652392495412736e-01,-2.143237588332274901e-01,1.027551665384280610e-01,-1.309229628224358455e-01,4.679999935331624061e-01,-3.396888371602340695e-01,2.852254333225973659e-01,7.212350399731943806e-01,1.009174561536500869e+00,6.270859289383136359e-02,1.436345077317598834e-02,4.499917665446687837e-02,1.327645961154815500e-02,-3.807678210806567792e-02,-8.963036951988738454e-02,6.273261355177572884e-01,2.654481691801561984e-03,1.564169127616938382e-01,1.616092749889462901e-02
-3.427951145181983295e-01,-5.721412575305244441e-02,-2.990211024155459488e-02,9.371893709810579232e-01,7.948735498791603682e-01,9.194298462261688565e-01,7.529499612464469749e-01,-6.013255143250419987e-01,1.008234190585211576e-01,-4.314737500839593842e-02,6.778805144082502565e-01,-3.016166848463897598e-01,-2.957686805909118255e-02,-5.966803983214713503e-01,9.913929404825359837e-02,-1.383601752763069792e-01,6.040005721851197107e-01,-2.862228088163298878e-01,-2.141155078450211469e-01,9.665658082228537062e-02,-1.157506136736096841e-01,4.679999710660208145e-01,-3.517558924836511891e-01,2.879753062941378672e-01,7.148607814861600573e-01,9.970834562877445295e-01,6.196661934658349857e-02,1.252623457163549829e-02,4.499177581043409258e-02,1.420501623052425853e-02,-5.741249159084881731e-02,-1.025908453607076443e-01,6.109588536039974871e-01,1.806444393884687168e-03,1.532318355067384119e-01,1.414580353400623353e-02
-3.576479095609574332e-01,-6.022361851327228538e-02,-3.605654616608468255e-02,9.312148055300764060e-01,7.951922460044482666e-01,9.156170011589227498e-01,7.548480290277330695e-01,-6.132920053212500555e-01,9.157315774188795610e-02,-8.711118085745177264e-02,6.854317263103772984e-01,-3.489525546042563375e-01,-1.682637403511192536e-02,-5.941759036789461268e-01,8.345895291777762071e-02,-1.632998146226674885e-01,5.923261864956470557e-01,-2.976967568273609643e-01,-2.084534966016722835e-01,9.138767793030817821e-02,-1.008674409115994514e-01,4.679999870689170449e-01,-3.542285328231531416e-01,2.880634873644026817e-01,7.080481678914914978e-01,9.870840741111353012e-01,6.111992073800820435e-02,1.188528073741015358e-02,4.499561287728905817e-02,1.804420501296019955e-02,-7.741262027003537050e-02,-1.156482876743224059e-01,6.024358849128578219e-01,1.049846469308311726e-03,1.523400601780637853e-01,1.222455134554551771e-02
-3.723241348167511955e-01,-6.673697113107995849e-02,-4.577522270168430524e-02,9.245677607962642375e-01,7.975999592448679287e-01,9.143531724710437514e-01,7.552014103883715190e-01,-6.448906116975533509e-01,1.070804020269788964e-01,-1.137585487100158249e-01,6.955094411831045376e-01,-3.848144938718048857e-01,-6.090596148967730500e-04,-6.066600448186212358e-01,7.146073952521718453e-02,-1.935519510700125234e-01,5.784645954804984447e-01,-2.966133367606411109e-01,-2.071766577198827508e-01,8.366184097912199302e-02,-8.474875205427499780e-02,4.679999920412554193e-01,-3.611238034897666371e-01,2.931915779847157899e-01,7.056464129239995442e-01,9.783651866817782983e-01,6.045020739972777751e-02,1.186799264636443849e-02,4.499857186185331204e-02,1.357945085860259860e-02,-9.315113090302844234e-02,-1.281076863480865302e-01,5.898072944161153464e-01,3.108026822817303502e-04,1.500064770462199992e-01,1.040069081716079279e-02
-3.903963797314153328e-01,-6.441557235856570918e-02,-5.429001242138804112e-02,9.167845413626958262e-01,7.965570613160771751e-01,9.112209615961706088e-01,7.554449518836229283e-01,-6.613166853554270919e-01,1.307594925529016738e-01,-1.199040404621161682e-01,7.046323128645767264e-01,-3.960961651955544061e-01,2.233986780213907328e-02,-5.957277086910961472e-01,6.055901125315577699e-02,-2.321943261590961316e-01,5.734470202803263472e-01,-3.098174777369802624e-01,-2.047306638873463702e-01,7.067371641380466862e-02,-7.668453989040943664e-02,4.679998742801433353e-01,-3.646412588331630622e-01,3.025480051911150214e-01,7.064833144718636326e-01,9.751877703611516734e-01,5.993071463272554161e-02,1.334108069157359869e-02,4.498453276884051971e-02,1.265549094335688060e-02,-1.002798550958006046e-01,-1.333800446944308493e-01,5.801884594538619933e-01,4.972146636471325284e-05,1.481637041185315806e-01,9.844659956439771528e-03
-4.049996087013596480e-01,-5.926662849699852048e-02,-6.274656289743173188e-02,9.102338449777084284e-01,7.966232608411250027e-01,9.056698566822409813e-01,7.554017264801567988e-01,-6.669842014606516267e-01,1.696354659755157923e-01,-1.103034449114101700e-01,7.127701269492071612e-01,-3.837133936486423758e-01,5.031515619778584997e-02,-5.777819774254910890e-01,5.346814537483175755e-02,-2.660958958735387125e-01,5.679575650498464023e-01,-3.175440107289079772e-01,-1.980619855166733667e-01,5.919668429152800948e-02,-6.305823273940464047e-02,4.679999349785562424e-01,-3.660748309425752023e-01,3.087205707564842916e-01,7.071591222534194809e-01,9.729926172748142310e-01,5.952519885073546263e-02,1.432618186591371953e-02,4.499252681483948552e-02,1.492536616470744280e-02,-1.055632692589801164e-01,-1.370266131717358948e-01,5.790102532898760979e-01,6.234858358437030189e-06,1.488916036404568377e-01,9.720446770941339187e-03
-4.198981579052971647e-01,-5.280623993834922952e-02,-7.354571512941257549e-02,9.030437784500897624e-01,7.965614590211307355e-01,8.995026375541034236e-01,7.548954366425291163e-01,-6.823626477930458956e-01,2.172642750515758614e-01,-7.290168624008672160e-02,7.269814575036139814e-01,-3.488766889212728817e-01,8.146934452310865271e-02,-5.579453796878739436e-01,5.185622776965644054e-02,-3.035284840340722323e-01,5.623271318688207732e-01,-3.306033061042913390e-01,-1.912976194767420368e-01,4.631169113230793749e-02,-5.077246945177050358e-02,4.679999755746448997e-01,-3.627251482621501877e-01,3.154714538486183550e-01,7.120662599782031643e-01,9.783021404103273699e-01,5.935823246751694565e-02,1.747234937128332513e-02,4.499766329621758543e-02,1.085565186969932039e-02,-1.087436485604558467e-01,-1.371863945484670388e-01,5.701003042394443554e-01,1.643943802902514363e-05,1.464194759354357223e-01,1.001404959105833131e-02
-4.272724766585467848e-01,-3.766809822938602115e-02,-8.406316309983744017e-02,8.994179949698044574e-01,7.962303196423027307e-01,8.904384898635039347e-01,7.508718470110776755e-01,-6.961711136825368129e-01,2.691251945297132853e-01,-4.735542536705981270e-02,7.819259765488314473e-01,-3.284849726843296347e-01,1.152648946655565609e-01,-5.291967083576633035e-01,6.251846061110889752e-02,-3.338616680576916296e-01,5.773909028386841058e-01,-3.402531660470152763e-01,-1.816428892582631627e-01,4.464823211809926945e-02,-3.627402865086383488e-02,4.679998814235343807e-01,-3.512171328141894810e-01,3.217565527199123254e-01,7.205783989582700277e-01,9.863130162793275479e-01,5.929320192587672622e-02,2.060067847019824219e-02,4.499058821156920462e-02,1.718507628510186278e-02,-1.094272741017336820e-01,-1.312201374367247264e-01,5.637832107757311251e-01,4.928585459205565801e-04,1.458135210676925475e-01,1.110319313434500813e-02
-4.360011543971002435e-01,-2.278281780928952463e-02,-8.779456051322766241e-02,8.953636421707963367e-01,7.975100462909705534e-01,8.754916615049613826e-01,7.493374227917440900e-01,-6.815402037816892244e-01,2.797180774725400165e-01,-3.428246954873048064e-02,8.240891293398457940e-01,-3.330086788408001541e-01,1.413695192541217782e-01,-4.874262338047444243e-01,5.444995635748518803e-02,-3.521320638446461815e-01,5.937596187329899911e-01,-3.592729855113067083e-01,-1.624260262686035294e-01,4.055646884864658186e-02,-1.822678888896799368e-02,4.679999949488621858e-01,-3.372775621344027974e-01,3.105491790959861720e-01,7.227910457079886886e-01,1.003571150228176112e+00,5.934253023701350355e-02,2.610816760457635929e-02,4.499966432420690610e-02,2.745937958205396656e-02,-1.198528826183662410e-01,-1.294848846363971517e-01,5.623841054951045360e-01,7.301721173174962817e-04,1.460295369548800515e-01,1.167490506821793582e-02
-4.457301396328879339e-01,-1.042992022799777395e-02,-9.046322225826702867e-02,8.905235902577400831e-01,8.011385507553400176e-01,8.614957253382615754e-01,7.473115104542480402e-01,-6.729493366441562374e-01,2.801093172209199178e-01,-2.438748682721333938e-02,8.619406928568728032e-01,-3.452089813009567854e-01,1.581219227201496325e-01,-4.543163404316858389e-01,3.883487907869388744e-02,-3.691646310053442459e-01,6.151777558039595029e-01,-3.801553851669549622e-01,-1.400964693653685422e-01,3.318278172592230291e-02,-4.502591370797153630e-03,4.679999760396412745e-01,-3.263808696855207692e-01,2.953816270253806775e-01,7.264803015970473510e-01,1.020862374955703311e+00,5.950868203171441606e-02,3.061209869602766337e-02,4.499780997973993474e-02,3.810379478566690292e-02,-1.293822341865382142e-01,-1.266875417750002453e-01,5.663391378104983831e-01,9.988882524678086711e-04,1.473485529386746873e-01,1.230614900972827087e-02
-4.543523378002267687e-01,3.818787118167733222e-04,-8.901438226644509122e-02,8.863634960070507773e-01,8.064291329942876452e-01,8.462135878030545566e-01,7.423004440079146171e-01,-6.619546939750958758e-01,2.639258954714599481e-01,-2.093416953068260103e-02,9.146314571340297128e-01,-3.704613379858792688e-01,1.693505312908429872e-01,-4.342213908889984708e-01,7.467540660349262192e-03,-3.783589387551505312e-01,6.683067339468702350e-01,-4.068997618830907381e-01,-1.132860568665853412e-01,3.001554873880962065e-02,5.319828987489149015e-03,4.679998384355151808e-01,-3.243082198931504512e-01,2.785842948496188298e-01,7.286779092981003902e-01,1.021653797658055751e+00,5.954054415380301973e-02,2.919598014036904957e-02,4.498368166989839823e-02,4.986864019089948946e-02,-1.425859468612173386e-01,-1.285140637256274865e-01,5.662255942024800870e-01,9.572280901343324698e-04,1.475561825705289098e-01,1.207192845743023865e-02
-4.658199229154669774e-01,7.042106303447721177e-03,-8.351997921109417800e-02,8.809010280538999149e-01,8.165673372855567491e-01,8.276352515674181287e-01,7.355469427651789571e-01,-6.523585804212280737e-01,2.229485582070604710e-01,-1.405013322753228232e-02,9.648865796728441913e-01,-4.157541834403284953e-01,1.732844283813263775e-01,-4.263172014410543387e-01,-5.028168689528051544e-02,-3.788457993125093903e-01,7.445480951256170377e-01,-4.449762295139446100e-01,-8.538067015011444050e-02,2.673900955109580202e-02,2.677077401349265209e-02,4.679999072998317078e-01,-3.231802991864938801e-01,2.417648779610814813e-01,7.232332192955347461e-01,1.033923634967823579e+00,5.956574542323101601e-02,3.145900365761028494e-02,4.498156874521071907e-02,6.754053157500007620e-02,-1.669174380449480466e-01,-1.435631404111984144e-01,5.608883601261696050e-01,1.754307795700067393e-04,1.466437902155582895e-01,9.755759212267123281e-03
-4.781974828031175795e-01,1.956040113806575484e-02,-6.938535554106797787e-02,8.752886555785580613e-01,8.229815093244304824e-01,8.058289205429008950e-01,7.296437850140550241e-01,-6.060701912224336629e-01,1.712992720787641920e-01,-7.086525989097466893e-03,1.007500303336440028e+00,-4.554090132406415359e-01,1.746351038588372373e-01,-3.862696627041041775e-01,-1.133022193457320220e-01,-3.701887596434557115e-01,8.184146635674395265e-01,-5.101351186733920073e-01,-5.936249455907839645e-02,2.426691477661498467e-02,3.279422278824954684e-02,4.679998624497743176e-01,-3.180547438921502712e-01,2.070184382747673468e-01,7.154698523176225011e-01,1.049882414782606688e+00,5.950593288162540212e-02,3.496066251996090418e-02,4.490944594527042366e-02,9.925280378729714470e-02,-1.818362757382256945e-01,-1.567592907671819247e-01,5.665474469147543379e-01,-3.675918476711392932e-04,1.489888728681774133e-01,7.936513779786335404e-03
-5.021874066478944076e-01,3.191987325745938853e-02,-4.809089669782807414e-02,8.628303401887817969e-01,8.246425379126497424e-01,7.855791563200339445e-01,7.222816755011939316e-01,-5.491660064448674605e-01,1.047334384772086596e-01,1.736480494725201008e-03,1.038651844594094209e+00,-4.918913386034657886e-01,1.717580746208106079e-01,-3.288167474628419518e-01,-1.953978570451679053e-01,-3.765021273888730091e-01,9.013275997000772533e-01,-5.920235598638565744e-01,-5.420176671204764152e-02,9.739663882789668589e-03,1.666881024296326327e-02,4.679998680805655953e-01,-3.152501353870264533e-01,1.849207234351572804e-01,7.061093832315709085e-01,1.088133299067258530e+00,5.932484587463799502e-02,4.561790173195001685e-02,4.430807652608886871e-02,1.387950660859825769e-01,-1.812620960053627217e-01,-1.684997665512377729e-01,5.811748165320224091e-01,-8.644617783345122548e-04,1.534811202310432943e-01,6.310805463611205042e-03
-5.466228547955466199e-01,4.242765730952250021e-03,-1.622859066355759883e-02,8.372108972052344500e-01,8.385215592678417762e-01,7.731537978584147597e-01,7.165871005772473934e-01,-5.526214620590789162e-01,-6.609906058397342632e-02,1.387199297153781860e-02,1.000776610867482042e+00,-4.933129432836440564e-01,1.458351302578491104e-01,-2.349225965758774126e-01,-2.429080450670487445e-01,-2.850896907218809506e-01,1.045287171714284646e+00,-6.269650739456028576e-01,-1.109761183980252641e-01,-4.871346054338764053e-02,-3.148428438308832622e-02,4.679997245988506416e-01,-3.596485858930574819e-01,1.508685407072192786e-01,6.847781733671199911e-01,1.098372147140000532e+00,5.810458661092486599e-02,4.627341918002582377e-02,3.967441170700161668e-02,1.899024635274636219e-01,-1.858390057901635195e-01,-1.843788119263813363e-01,5.965467990872986848e-01,-1.807344576662402950e-03,1.593712649428291328e-01,2.919897661082140276e-03
-5.718509797903573721e-01,-7.993411131434838155e-06,9.084780839731685861e-04,8.203570146689090903e-01,8.440472515206829396e-01,7.596514144481599784e-01,7.122177190270408964e-01,-5.251145014122420296e-01,-1.502695539597734553e-01,6.471255218685437356e-03,9.885056713393942651e-01,-4.929434850929757528e-01,1.242535972251442022e-01,-2.721220422578773945e-01,-3.067030576109318063e-01,-2.406011425545655780e-01,1.186915859240947890e+00,-6.321208580750359296e-01,-1.673998754577656900e-01,-7.207090944616287298e-02,-5.960892852401996483e-02,4.679999585910782356e-01,-3.750554757793107541e-01,1.338674230627643902e-01,6.721394444687203151e-01,1.117559913176773723e+00,5.687832439302620974e-02,5.068897047582279769e-02,3.715542623095421937e-02,2.064840288254110867e-01,-1.772074835671660631e-01,-1.889701724868695920e-01,6.024334036861037633e-01,-2.136824698910088065e-03,1.607764449189207356e-01,2.002707664250837332e-03
-5.846552425576448941e-01,-7.076059855957236508e-03,4.614650111132607112e-03,8.112378700055418168e-01,8.497938366499836471e-01,7.487881788447390274e-01,7.097910079993745569e-01,-5.221745961645847256e-01,-1.975347639095848817e-01,4.258129170384252968e-03,9.797928736872743016e-01,-4.769221499493120908e-01,1.579244018582075526e-01,-3.358244108662533645e-01,-3.357489509288501539e-01,-2.039790822156387629e-01,1.302555519336215051e+00,-6.362477458677724407e-01,-2.189227275397027939e-01,-7.507215583124920988e-02,-6.537286231581471152e-02,4.679999987990571819e-01,-3.931058664800018976e-01,1.318528431423515446e-01,6.573906484017217888e-01,1.125988868395657816e+00,5.524608461919996300e-02,5.186252359774997517e-02,3.340467894034277602e-02,2.143360012799880587e-01,-1.688016031192555721e-01,-1.967054540016655861e-01,6.000852375616120282e-01,-2.646295975528339429e-03,1.597417212353155758e-01,8.560644859479071530e-04
-5.936907657949224149e-01,-1.283933079783514987e-02,4.768324011769268719e-03,8.045767143539647170e-01,8.556674991321737700e-01,7.367050344255483552e-01,7.107142592555716343e-01,-5.112407500676817707e-01,-2.343146553105892593e-01,-2.429617194423176144e-03,9.623736162313240028e-01,-4.842129228596773749e-01,1.805429630107661110e-01,-4.092652578026976240e-01,-3.272182896321874090e-01,-1.459332653371653854e-01,1.384300415914394122e+00,-6.311158416331740240e-01,-2.356157610878052422e-01,-7.387339619886212905e-02,-5.892457475996205896e-02,4.679997666844399329e-01,-4.143575552666136086e-01,1.195438324580859746e-01,6.360310993947665414e-01,1.126808123737909728e+00,5.319331472668525906e-02,5.108205710845080405e-02,2.755640650286279858e-02,2.176266273645637295e-01,-1.651227478104555779e-01,-2.071865002989989879e-01,5.935358899743354844e-01,-3.259529874302260089e-03,1.580497041652950685e-01,-7.181061997733860242e-04
-5.997869157914097471e-01,-1.540109339365523106e-02,9.403735588621944461e-03,7.999562686326593397e-01,8.586695437754706672e-01,7.240356654765534028e-01,7.107862495038427264e-01,-4.854072929551120907e-01,-2.654399034910995825e-01,-5.098214533969422715e-03,9.452883685993825891e-01,-4.879139328412813725e-01,1.960605378404408905e-01,-4.686800507449369046e-01,-3.067199861891255486e-01,-9.234276670409272136e-02,1.449097292762229428e+00,-6.299160324409723843e-01,-2.356160509741539733e-01,-6.598965683689383965e-02,-6.023078349683958638e-02,4.679996759358772684e-01,-4.330575687577482014e-01,1.127539052372594913e-01,6.098752435416849860e-01,1.118854164259194928e+00,5.091225880647317487e-02,4.820103002267391717e-02,2.017848836511672295e-02,2.224001924957730580e-01,-1.542489303820603896e-01,-2.154759917485479237e-01,5.891073114777471975e-01,-3.715896709640961228e-03,1.575060093326269561e-01,-2.160895676395046660e-03
-6.017415395374408060e-01,-2.491465039731085088e-02,8.983908901174904316e-03,7.982516327396679268e-01,8.637410027335908902e-01,7.144051461349704146e-01,7.140381751641950991e-01,-4.764735492322402233e-01,-2.914545957029424095e-01,-5.222756868452292124e-03,9.118252393718689897e-01,-4.987141901986378301e-01,1.825831918257841413e-01,-5.486316812121940778e-01,-2.860345141405267189e-01,-4.509167673284172895e-02,1.481634268407414412e+00,-6.305265283947356636e-01,-2.356180452731218011e-01,-5.254319198124623308e-02,-5.235025811101259169e-02,4.679998447022057362e-01,-4.556785782510182070e-01,1.021854910804570610e-01,5.759783128027070598e-01,1.107282095246314491e+00,4.841586968430886678e-02,4.496592461313701772e-02,1.107911524618169358e-02,2.131873997347316640e-01,-1.544768498399069490e-01,-2.285463859650947727e-01,5.823478186421926495e-01,-4.429078827742388008e-03,1.566639844748805299e-01,-4.408773705729417125e-03
-6.027440977580693637e-01,-3.570082490510433776e-02,1.182088163593517441e-02,7.970478470432343920e-01,8.678643914275300242e-01,7.034777624850416800e-01,7.165720483194013557e-01,-4.609884034434082456e-01,-3.223307713951466535e-01,9.385187692492366314e-04,8.706084445990009968e-01,-4.961632819982924048e-01,2.055855374374965239e-01,-6.310749336323147052e-01,-2.749944219300140547e-01,1.548188171569333214e-03,1.468900972693969909e+00,-6.064910251582821266e-01,-2.356159423114554674e-01,-3.516213292204211499e-02,-5.170472025272414285e-02,4.679996797701980182e-01,-4.749953577037816510e-01,8.965926341428809287e-02,5.358481706197956163e-01,1.099333739674597243e+00,4.587023830191483409e-02,4.398290148485876905e-02,1.485330060347428210e-03,1.982742964012776665e-01,-1.563343489103572459e-01,-2.355284627120256546e-01,5.703739915350277689e-01,-4.677252970699800720e-03,1.528645581833713574e-01,-4.639315796501399317e-03
-6.014103065098808099e-01,-4.467829472711017103e-02,1.473529313797013358e-02,7.975539883544603414e-01,8.657732852011105207e-01,6.911553390324396418e-01,7.182889984310391052e-01,-4.371534041591144670e-01,-3.396017518276481795e-01,5.020794886052076626e-03,8.325418135684282683e-01,-4.882828115810920466e-01,2.225074385920894071e-01,-6.945563846857265577e-01,-2.448110764038548548e-01,3.283951515549075190e-02,1.441293798777002033e+00,-5.779777723948211765e-01,-2.356177268496267574e-01,-1.910193592826985379e-02,-7.290909348150120817e-02,4.679998319861196077e-01,-4.864465500470447346e-01,9.156566481175089367e-02,4.955840128639392717e-01,1.085229466249953312e+00,4.346189571778637240e-02,4.194947853928311654e-02,-6.567320336680666608e-03,1.890011521352278068e-01,-1.502450755391711301e-01,-2.368337316094791256e-01,5.600640991284334680e-01,-4.528730806692003903e-03,1.500503999702053060e-01,-4.145622534716263304e-03
-5.993380569499479060e-01,-5.396318460420634205e-02,2.113032195543950581e-02,7.983955020495122623e-01,8.659069473313301124e-01,6.779921254339899006e-01,7.167611798275586033e-01,-4.157951418422055068e-01,-3.654612360444871588e-01,1.790778679384957828e-02,8.038259688956108651e-01,-4.827515167088397563e-01,2.313530826942579999e-01,-7.583120941249011926e-01,-2.203418699084647991e-01,8.121546288539562009e-02,1.398300427886726816e+00,-5.353472928727353031e-01,-2.356150311010215270e-01,-5.047473870715407998e-03,-8.600142790665432635e-02,4.679996704980050604e-01,-4.965057454371048506e-01,9.160370078340300537e-02,4.502614944236195127e-01,1.062062226972196433e+00,4.114637288442846152e-02,3.778220390339628171e-02,-1.443821893334371748e-02,1.795902851123751254e-01,-1.572428185983170135e-01,-2.468282311006817775e-01,5.465050378896805228e-01,-4.904917831771040022e-03,1.470599586561446848e-01,-5.428486342008874942e-03
-5.944868424750204827e-01,-6.467435107112760873e-02,2.680988122756830169e-02,8.010517166239470299e-01,8.635780127182146604e-01,6.656760591135469918e-01,7.181633317059565869e-01,-3.908488267553629769e-01,-3.883798976910841083e-01,2.533228793701546022e-02,7.641009035683276052e-01,-4.999558867353732783e-01,2.356180304277357140e-01,-7.908539529517277789e-01,-1.771102467016506532e-01,1.273519997070519105e-01,1.294752536690018552e+00,-5.070701432336596204e-01,-2.356193013213218057e-01,1.148247404739117204e-02,-1.147216611167677092e-01,4.679999465950581139e-01,-5.074037027552175116e-01,1.045001928483172138e-01,4.085036615087949685e-01,1.036072803502761985e+00,3.933085499882672809e-02,3.386535185358335864e-02,-1.984077942024552524e-02,1.818581270666186356e-01,-1.604208386206494585e-01,-2.467227867530051300e-01,5.199627673491171720e-01,-4.671440605992904956e-03,1.396511850998784221e-01,-4.580071815149733098e-03
-5.870906941631804932e-01,-7.365351087234447980e-02,2.895601113506790156e-02,8.056433619054513828e-01,8.620987747359515341e-01,6.528857568916841547e-01,7.190212697172092549e-01,-3.688038804927233349e-01,-4.012814623284347015e-01,3.597534886124609949e-02,7.275850061498851939e-01,-5.102041037990163730e-01,2.356170909863261886e-01,-8.244231478080795705e-01,-1.341057257853115470e-01,1.642798041850146440e-01,1.184471100829539214e+00,-4.689298616948131548e-01,-2.356180359220128029e-01,3.307705823191529892e-02,-1.220452846825290649e-01,4.679998600246561558e-01,-5.147308042315593690e-01,1.096931069003451442e-01,3.615759576086415850e-01,1.006498615232110261e+00,3.783350736839753703e-02,3.042337769646098408e-02,-2.406555686618827572e-02,1.642048586575107494e-01,-1.671645091724006105e-01,-2.570892507291174245e-01,5.023926428957247170e-01,-4.875765493140550751e-03,1.362334369937555634e-01,-5.771996166840077935e-03
-5.778263345700112019e-01,-8.034682174836932367e-02,2.798891083441941430e-02,8.117128409620142371e-01,8.627790602926315167e-01,6.389738141200514976e-01,7.207051454174214777e-01,-3.438598334495188702e-01,-4.097751002555341526e-01,4.505816507858332459e-02,6.879491573215694711e-01,-5.270376514146585256e-01,2.356159679413650787e-01,-8.449725843994538854e-01,-9.485333616538989265e-02,1.922726945952883959e-01,1.056871307824213790e+00,-4.129744619176149989e-01,-2.356159996220464903e-01,6.025951893567042805e-02,-1.129523452621633978e-01,4.679997290309933500e-01,-5.156613205707828440e-01,1.067488066909779709e-01,3.131667490698389344e-01,9.724657050935151537e-01,3.660052593119208358e-02,2.625879077637408715e-02,-2.747282558054830320e-02,1.516563848403171821e-01,-1.885039541425024834e-01,-2.733916434191101530e-01,4.890040239260386445e-01,-5.356681954182129432e-03,1.341769706172650789e-01,-7.977843688552636869e-03
-5.693616508859570269e-01,-8.830976648630775583e-02,2.519858571847899409e-02,8.169416912615856674e-01,8.598008490824855521e-01,6.246164490793691959e-01,7.206108486113146361e-01,-3.273678077880565751e-01,-4.132031581339207227e-01,5.301572527529532092e-02,6.622184973046330025e-01,-5.443228664208641376e-01,2.356187416151134528e-01,-8.738529107557825304e-01,-5.873470693853409530e-02,2.109620227194587694e-01,9.508354542241461704e-01,-3.537372336231002778e-01,-2.356174580097125937e-01,7.837939270227556321e-02,-1.133816394428806135e-01,4.679999078780214261e-01,-5.141645655895490385e-01,1.092361591416454308e-01,2.668252157070855612e-01,9.409041613912025870e-01,3.563497976384037008e-02,2.360587598673989651e-02,-2.953120523889029778e-02,1.299738595949532782e-01,-2.018535455466983763e-01,-2.836580469368625845e-01,4.685900823664725379e-01,-5.579895106091946506e-03,1.298572580017324507e-01,-9.358132899845678782e-03
-5.603679039912421445e-01,-9.380421840903151176e-02,1.972838649309025666e-02,8.226781700953975651e-01,8.541222452981570568e-01,6.099641403340717583e-01,7.220427740053375620e-01,-3.031746023619165120e-01,-4.057151215107679953e-01,5.520420215147586740e-02,6.309688279311419512e-01,-5.600393381971540130e-01,2.356154311827849679e-01,-9.056673500750913597e-01,-2.060884885987035453e-02,2.071238289790407194e-01,8.636824328091924352e-01,-2.891026096478539475e-01,-2.356016226938273117e-01,9.865267774089642172e-02,-1.151837220973210424e-01,4.679996591988880295e-01,-5.111568056770900981e-01,1.183515960515368753e-01,2.230161157567185082e-01,9.150481003321269124e-01,3.487600404750457184e-02,2.336158786360451045e-02,-3.032820518830564929e-02,1.082622948745420033e-01,-2.145630331189009310e-01,-2.868422350101259566e-01,4.463122552362751572e-01,-5.393741163983528653e-03,1.248091926833961585e-01,-9.410271020894769856e-03
-5.510057299070795223e-01,-9.718590157814623043e-02,1.647038264872021512e-02,8.286593465588945051e-01,8.466171702144801303e-01,5.927175351043389995e-01,7.221237027333972103e-01,-2.685471764228072322e-01,-4.014453144255755168e-01,5.556196052612895342e-02,6.042505105788035236e-01,-5.923382625079443020e-01,2.356138861719846989e-01,-9.177967696692893584e-01,1.060182764041449517e-02,1.964310502195509567e-01,7.784203426329879827e-01,-2.115688489279804463e-01,-2.355889573729830488e-01,1.187584968280633452e-01,-1.145500714935413361e-01,4.679996684614766700e-01,-5.070763117573224843e-01,1.289173629292303946e-01,1.843146483539024605e-01,8.848548843017460808e-01,3.419879541479907414e-02,2.175508028903659283e-02,-2.980248533448934603e-02,8.661783491748734076e-02,-2.278296100828050563e-01,-2.896906264371107986e-01,4.282563305269705412e-01,-5.238873360448968210e-03,1.205193773854467548e-01,-9.302079006810449330e-03
-5.426113563042973542e-01,-9.745147675121723641e-02,1.407463895832089008e-02,8.341930413440349357e-01,8.378063740272431170e-01,5.741093070984544244e-01,7.212303103498288737e-01,-2.221512949064284870e-01,-3.953743907496823917e-01,5.319483002477093381e-02,5.744101728667193596e-01,-6.159357254168487117e-01,2.356151930273513162e-01,-9.140881809564771476e-01,5.027718833506970159e-02,1.657220838667993190e-01,7.501530439250074789e-01,-1.797265529280640262e-01,-2.320957346208875061e-01,1.361609579750348853e-01,-1.103229281616012747e-01,4.679997594596922994e-01,-5.016715999098672052e-01,1.446000772162990833e-01,1.558357305997954689e-01,8.536239549586038811e-01,3.372401137946910016e-02,2.009357191246830335e-02,-2.696971554513357544e-02,6.662870962091399507e-02,-2.319698853462965060e-01,-2.885980305580569394e-01,4.157217429171649048e-01,-4.821734631909029706e-03,1.182898212916870806e-01,-8.701639969315283149e-03
-5.410514255039748921e-01,-9.461292171695503961e-02,1.379946376825304417e-02,8.355365490533651629e-01,8.281080440756408700e-01,5.541756614272814740e-01,7.190163263681548234e-01,-1.647060530910573473e-01,-3.958318069339744616e-01,3.452159092204770685e-02,5.493911740359841422e-01,-6.461482967878949824e-01,2.355979335803936869e-01,-9.014075030515228404e-01,8.399997485050619828e-02,1.815004374326202596e-01,7.507657969145734578e-01,-1.311100436302136130e-01,-2.154191844207238582e-01,1.463046643202559061e-01,-1.020562466339490215e-01,4.679996351892635187e-01,-4.935871967415393358e-01,1.515415719944764317e-01,1.331189823306311026e-01,8.311174445563238589e-01,3.340421978104323592e-02,2.087585286124557515e-02,-2.322128588697649001e-02,5.016859120274775458e-02,-2.403252553221915389e-01,-2.838929047163354369e-01,4.046405863114896917e-01,-4.292408467105011949e-03,1.159786651377906486e-01,-7.293138790141874030e-03
-5.385507106830310642e-01,-8.751710844849223958e-02,1.289989570372315937e-02,8.379364417677812593e-01,8.174474764989198006e-01,5.321437227723206931e-01,7.155179081462850199e-01,-9.552081166357125064e-02,-3.884687161028595459e-01,1.693367376420383194e-02,5.246663941685527632e-01,-6.756602696178288792e-01,2.292575000914112426e-01,-8.781855112034210320e-01,9.368205135726734301e-02,1.664200729774838461e-01,7.954205092378197062e-01,-7.939202462572864105e-02,-1.949352021950293279e-01,1.585771710615266061e-01,-8.010057669305531425e-02,4.679999519114597661e-01,-4.785967460823620789e-01,1.537815620215161050e-01,1.138935245454622130e-01,8.200183708579832365e-01,3.317655615050975337e-02,2.462612502679079052e-02,-1.925729969005433168e-02,4.267166158642318047e-02,-2.467190809897213122e-01,-2.712364383636698961e-01,4.184351146988195547e-01,-3.381290717053155037e-03,1.200717251686716641e-01,-4.284335293794268654e-03
-5.359547254096215241e-01,-9.422471167499957279e-02,8.135338859804488662e-03,8.389326863834168924e-01,8.110547021993912420e-01,5.147537040839063049e-01,7.150941567415252109e-01,-3.846255825763833514e-02,-3.314529403882196523e-01,1.575238310983147899e-02,5.935980187463297808e-01,-6.714319220319643344e-01,2.356183350596171566e-01,-8.838316497597339394e-01,1.045068270140735167e-01,1.785016250750244282e-01,8.270101493219196298e-01,-9.285896588448099009e-02,-1.985515002778237004e-01,1.726867956053042830e-01,-6.731888275165147373e-02,4.679999564169020632e-01,-4.826548181400610038e-01,1.470165587110841832e-01,1.026172635888616819e-01,8.006488400684640405e-01,3.292487209609203103e-02,2.530229135712773123e-02,-1.387172474088060013e-02,1.575985772487150868e-02,-2.713030291313427989e-01,-2.707237097295203676e-01,4.092579234151940137e-01,-3.354031504147270311e-03,1.173536170173376803e-01,-4.035217901017349937e-03
-5.371895384096722070e-01,-8.357641939274210174e-02,7.464339493517446918e-03,8.392774663843998173e-01,8.010638951569469812e-01,4.927360218610178921e-01,7.145766023378026244e-01,-5.278881780712200988e-02,-3.137529749199339801e-01,1.470005255127938663e-02,7.261562669358754274e-01,-6.356153627185102684e-01,2.356197984837184456e-01,-8.516220853290789039e-01,1.214599553598599141e-01,1.764929755064741090e-01,8.855998758490977174e-01,-1.603147029165438719e-01,-1.995862357187236924e-01,1.815686875327108263e-01,-4.465298878076947448e-02,4.679999933913096544e-01,-4.779013515380953203e-01,1.438934398734113551e-01,9.441524620191127370e-02,7.941297045077450045e-01,3.282679941819075659e-02,2.965149060214209570e-02,-8.513128065354763283e-03,-7.482315652814529663e-03,-2.834932348832630011e-01,-2.665855282528686310e-01,4.019807353490638668e-01,-3.156067406248129568e-03,1.153602385633984012e-01,-3.280354957440446886e-03
-5.438037973244841394e-01,-8.225334374906115298e-02,9.002449177641000042e-03,8.351232084946352829e-01,7.903706678527845364e-01,4.725779106118175310e-01,7.173691645009740991e-01,-1.120157078550300944e-01,-3.047975814798377092e-01,1.524891617834116947e-02,8.957821112183025347e-01,-5.815139982507239180e-01,2.350151205904039420e-01,-8.220137553447710577e-01,1.182751333943700411e-01,1.805008182904348779e-01,9.200980918208645498e-01,-2.194388244914670105e-01,-2.044601349777506738e-01,1.805373039697769633e-01,-3.622867198617615164e-02,4.679997404130981642e-01,-4.810395923929601247e-01,1.373697930492173147e-01,8.632182595602770625e-02,7.938706175308383184e-01,3.275663195706005060e-02,3.547733132083401991e-02,-3.015590284316664680e-03,-2.804877964097923781e-02,-2.869463129753101471e-01,-2.593094645240775487e-01,3.946587851246318168e-01,-2.782871227422362755e-03,1.135985891600922587e-01,-1.994824536144175573e-03
-5.547640354404947960e-01,-8.065141232558781237e-02,9.436488672792963522e-03,8.280357283071749785e-01,7.841245323586876204e-01,4.540695910930226398e-01,7.174652103211243137e-01,-2.002042488225866668e-01,-2.790639388521815034e-01,3.600525911544467939e-02,1.103353074039535198e+00,-5.337890802962966807e-01,2.184824536059577216e-01,-8.014920739593406340e-01,1.058909517860279065e-01,1.793364090361838914e-01,9.615262797078837353e-01,-2.793284393452332703e-01,-2.060170573426423624e-01,1.710059825681529977e-01,-1.376432416138814382e-02,4.679999949006266036e-01,-5.022081623106859904e-01,1.282914769591670667e-01,7.147112106264760789e-02,7.884688756877065163e-01,3.242207085296967828e-02,3.882558237034635512e-02,7.161013962844711873e-04,-6.378923653976423247e-02,-2.984016245789463118e-01,-2.613398783877138309e-01,3.796238952872934003e-01,-2.885538725280028735e-03,1.095402532035057441e-01,-2.292221514835180666e-03
-5.738177405490197946e-01,-7.880580863697647653e-02,9.101956883557560038e-03,8.151318908846468814e-01,7.766255437320034316e-01,4.377132031316504079e-01,7.206997283417234668e-01,-3.010155247427405145e-01,-2.253037270868899211e-01,6.519323907724952627e-02,1.287551592254640775e+00,-5.124982630286381013e-01,2.031115522403099671e-01,-7.674043256097882182e-01,7.870655638001422538e-02,1.627629307917209112e-01,9.738218905498357003e-01,-3.257261841330583163e-01,-2.063550211223152409e-01,1.525722400956879832e-01,-1.542224413032346197e-03,4.679997802277970909e-01,-5.366844657300436916e-01,1.250910286894135470e-01,5.278946117581060499e-02,7.825765601849342668e-01,3.192687062133433423e-02,4.139847533201031216e-02,3.129797487519628101e-03,-8.839263662186273851e-02,-3.091024433238802049e-01,-2.645750030976359302e-01,3.551551858921571658e-01,-3.009934702505452815e-03,1.032193033924179854e-01,-2.946298227888636320e-03
-5.912031409276170546e-01,-8.098063057120342967e-02,3.248717848956768524e-03,8.024402965093092588e-01,7.712690039287167787e-01,4.234315608003250131e-01,7.236508370205775309e-01,-4.137399013895683431e-01,-1.721395242998029207e-01,8.075962160178994098e-02,1.416689602753696597e+00,-4.991750591571979534e-01,2.045053253610171762e-01,-7.473620681576804703e-01,5.755659922585987937e-02,1.446720249455271390e-01,9.737354997970203430e-01,-3.586879741226300933e-01,-2.099007710876691635e-01,1.340444400110108736e-01,1.692411705374832764e-02,4.679996734451199458e-01,-5.774495674686004332e-01,1.248964988351879551e-01,2.996341525390511934e-02,7.777641581436842699e-01,3.128562477417563131e-02,4.392160319089098014e-02,4.474427142160401945e-03,-1.194280336477227950e-01,-3.218831704771198954e-01,-2.692138117046002921e-01,3.285459638058270682e-01,-3.105299566684731425e-03,9.672909583830667513e-02,-3.825967368756724371e-03
-5.996057694030250129e-01,-7.535104456964460129e-02,-6.190830781201455552e-03,7.967162700705366918e-01,7.662768329988324245e-01,4.100922727487896213e-01,7.292074309492372342e-01,-5.071412100306113002e-01,-1.162988960531108201e-01,6.612655671818860881e-02,1.480490400132092654e+00,-4.786219761963854125e-01,2.210796005102546591e-01,-7.050118662662573366e-01,6.221474810695568070e-02,1.213112933197383336e-01,9.382715323735266733e-01,-3.694891328465442770e-01,-2.221615762680269057e-01,1.234698926126434892e-01,3.039252629355325766e-02,4.679999868840576394e-01,-6.160994510623024611e-01,1.271274924538553508e-01,1.109584618671454956e-02,7.673740697501499897e-01,3.065281021654910412e-02,4.437577767478595447e-02,6.262463111358674249e-03,-1.521673889855394701e-01,-3.331380389027073785e-01,-2.603596108030083456e-01,3.035839870198773216e-01,-2.651365852797210598e-03,9.080320440558521666e-02,-2.313193016797362393e-03
-6.115918747553374946e-01,-7.609796895754444845e-02,-1.272753398130244823e-02,7.874023671113410394e-01,7.603815964748060763e-01,3.970622913883390948e-01,7.361605160496355049e-01,-5.852376237539536064e-01,-8.441333466205121205e-02,4.258528214376919308e-02,1.469388234406911575e+00,-4.818524287623767721e-01,2.356133196933793139e-01,-6.669225084188327157e-01,4.883661411167519728e-02,9.461656206349595977e-02,8.965620273931257378e-01,-3.772596882415121811e-01,-2.308819616925300855e-01,1.175425764600907808e-01,3.275028532695146294e-02,4.679998105496421812e-01,-6.600237217788180732e-01,1.298687919731640328e-01,-8.888929638317645543e-03,7.568000671145390656e-01,2.995697070580355392e-02,4.450974212539805103e-02,7.182894141032376313e-03,-1.604362465604328991e-01,-3.431581405086219227e-01,-2.399704530560649862e-01,2.878393261587672280e-01,-1.732171568233461818e-03,8.754067440933052668e-02,1.453956026194840523e-03
-6.197049213124904421e-01,-7.414374296483504378e-02,-2.297733101319793941e-02,7.809869129119606512e-01,7.557793096459524129e-01,3.823652175469966497e-01,7.392503853308175499e-01,-6.485501304429426295e-01,-5.894516693504592980e-02,1.954981901728193583e-03,1.401978082324991215e+00,-4.917777516360821166e-01,2.356172006524772100e-01,-6.361896874941295188e-01,4.871981891916115498e-02,6.247344767715801855e-02,8.693318587919517393e-01,-3.920603528417205275e-01,-2.354854493830760009e-01,1.022818558904950298e-01,4.119243024375000839e-02,4.679998105671699382e-01,-6.935248188712195283e-01,1.374132428808376716e-01,-2.475684680371053117e-02,7.624165560545588249e-01,2.944363391609518960e-02,4.970584416594343163e-02,8.870254527326502936e-03,-1.873824603213073980e-01,-3.465475461462114715e-01,-2.227262826229732262e-01,2.604323099891497351e-01,-1.147937250083337852e-03,8.081162015509260610e-02,4.032793773358332029e-03
-6.256404114699540830e-01,-6.737110259312344140e-02,-3.315469173860573215e-02,7.764895211699970323e-01,7.524862945403937298e-01,3.673810509278636616e-01,7.390219616200135455e-01,-6.746640187359801422e-01,-4.091922364860228062e-02,-4.006249444675228505e-02,1.280784745066011476e+00,-4.940453587878826380e-01,2.356194000777509789e-01,-6.054242028661853681e-01,5.658272610075878312e-02,2.662617768729192910e-02,8.572186405043394908e-01,-4.143738643277605771e-01,-2.356152049150068983e-01,9.419915554915786471e-02,5.752441099662666119e-02,4.679999622830883776e-01,-7.163190066540264800e-01,1.443845577385957091e-01,-4.356087152572204330e-02,7.821153576123113238e-01,2.883489742597968378e-02,5.861713387557289379e-02,9.799014027163538768e-03,-2.061729486709487635e-01,-3.564644268303172603e-01,-2.046112710909724630e-01,2.395528692929926595e-01,-5.256140792390199537e-04,7.629619176786510415e-02,6.523112526664230637e-03
-6.328139884573827922e-01,-5.990284713017050150e-02,-3.777850271591139814e-02,7.710582919928314904e-01,7.498996827790056496e-01,3.504511750257318647e-01,7.381071066357908217e-01,-6.881093125527740773e-01,-3.775857857240512427e-02,-8.440965798865474046e-02,1.126754142267163195e+00,-4.781409497028238920e-01,2.356120024194731377e-01,-5.666127100557930563e-01,5.800874204747413082e-02,1.793408567184130633e-04,8.563687642609438821e-01,-4.480632183869361906e-01,-2.355527762503437095e-01,9.005121927111739422e-02,7.666498797509473107e-02,4.679994892560486730e-01,-7.511037205412730566e-01,1.474926595422196285e-01,-6.704960280119576232e-02,7.926749516999206380e-01,2.789562288829639317e-02,6.384407106103008600e-02,9.561744709933780659e-03,-2.169323919558206748e-01,-3.721945117637407430e-01,-1.919099077635277872e-01,2.328682841342348819e-01,2.855333404919177675e-05,7.588738555320191648e-02,8.487575320961615599e-03
-6.429433819305093722e-01,-6.127918932380790884e-02,-4.325535857863927608e-02,7.622320135902252991e-01,7.461603780823379273e-01,3.345908863339246420e-01,7.401431823885872285e-01,-6.984279425736080738e-01,-3.667850793699643785e-02,-1.167382483214779859e-01,9.431319191774617527e-01,-4.446724809023055447e-01,2.356198797623517971e-01,-5.361851348582153953e-01,4.866101842199512667e-02,-2.481764546202253063e-02,8.371267908508120970e-01,-4.742028917465672677e-01,-2.356198811217798117e-01,7.827774877439697132e-02,8.052778651858523429e-02,4.679999923509409743e-01,-7.923011176030869684e-01,1.474166028598685174e-01,-8.150204747537345695e-02,8.040126319788801768e-01,2.723168805370328183e-02,6.897799570234718070e-02,1.110798625839016368e-02,-2.337097153024478846e-01,-3.884972568382711877e-01,-1.831106594681489452e-01,2.425014103076679750e-01,5.229606248697018199e-04,7.968284746301679267e-02,1.032868770050492102e-02
-6.469440176714317259e-01,-6.209985859804214442e-02,-4.688776078138267439e-02,7.585569085112581211e-01,7.463286183873846236e-01,3.163436219664724214e-01,7.431010884295370378e-01,-7.004399473035270995e-01,-4.716307169379348879e-02,-1.399170320198438733e-01,7.729708101777500451e-01,-3.613955712989348479e-01,2.355975648155476110e-01,-5.001107502313094644e-01,3.631856447328858650e-02,-4.700813332759635338e-02,8.125026720890945464e-01,-4.911431425734287259e-01,-2.356082146921999743e-01,6.961996478477382178e-02,9.477825012502029411e-02,4.679993288460762013e-01,-8.217093441587582925e-01,1.496822261294837586e-01,-9.679926634798147189e-02,8.229600072696896529e-01,2.646595427003647569e-02,7.577000403087934266e-02,1.262235224723569534e-02,-2.486059166263705766e-01,-3.957613602006807563e-01,-1.825521965800609159e-01,2.503551608287468699e-01,6.552129748358160883e-04,8.214511548008246455e-02,1.080372605482689263e-02
-6.558824902537405688e-01,-7.807243842793090693e-02,-5.239690870802253542e-02,7.489842570403680844e-01,7.467361379963348700e-01,3.025205223645313080e-01,7.433592440534846357e-01,-7.564626830152267889e-01,-8.429382487810088698e-02,-1.504186947991244527e-01,6.717361397007749479e-01,-2.580187067282682101e-01,2.214997068208141850e-01,-5.115214740669982163e-01,3.257763753897326402e-03,-6.194826606021804766e-02,8.161433457721926077e-01,-5.103045380675501619e-01,-2.356198170232783051e-01,4.866202429598096013e-02,8.011891314931771091e-02,4.679999922929389822e-01,-8.605694753934410857e-01,1.541182436589619564e-01,-1.015587075759979280e-01,8.338859572143985099e-01,2.603027019916122342e-02,7.935809812280264497e-02,1.641567766510132823e-02,-2.647217077963350818e-01,-4.020595869718907589e-01,-1.839092061654430676e-01,2.507212196953100825e-01,6.345195617076559210e-04,8.193645564339344101e-02,1.115544899548652664e-02
-6.623283380335160953e-01,-8.960944621854058378e-02,-5.680620706760451666e-02,7.416632488028237491e-01,7.486667323566157384e-01,2.884487026256974951e-01,7.439677315295866178e-01,-7.821974967444492721e-01,-1.243402530303843595e-01,-1.593717785899179673e-01,5.640875828816690474e-01,-1.835989847128792762e-01,2.016589179968084344e-01,-5.087259472061720356e-01,-2.115797181998792936e-02,-6.824272345849090315e-02,8.101888633441162169e-01,-5.388379948407033826e-01,-2.356165244861806451e-01,2.480505665933211215e-02,5.890251043187429147e-02,4.679998499175266891e-01,-8.876223077660876370e-01,1.646559963711047569e-01,-1.029644105391039760e-01,8.391564298361152696e-01,2.562213524974844142e-02,8.077734516219389760e-02,1.991805927327777032e-02,-2.816121923143596883e-01,-4.049419595106131253e-01,-1.927744772060706879e-01,2.458984252755581357e-01,3.479644104193628062e-04,8.046453768963338082e-02,1.023080603145685823e-02
-6.657230381260452745e-01,-9.387446936987764445e-02,-5.884004987482427396e-02,7.379283630810514749e-01,7.517604520782481536e-01,2.688748705174042186e-01,7.412434076657022919e-01,-7.831887190036057600e-01,-1.542411450621678781e-01,-1.640425783146622629e-01,5.274856729379433506e-01,-9.129735918128230321e-02,1.699299474978195890e-01,-4.904224719646622654e-01,-3.738535628656662613e-02,-7.089925870067315117e-02,8.229478152587171857e-01,-5.795618568513042357e-01,-2.356179147685065478e-01,-8.172140366827060527e-04,4.888592405116538864e-02,4.679999880788521249e-01,-8.901011074917130061e-01,1.803521507748547803e-01,-1.141995436316273205e-01,8.397022770352771115e-01,2.467594934414456612e-02,8.013590752618239554e-02,2.126507271223690432e-02,-2.799948151013076925e-01,-3.972553687741237627e-01,-1.954834314041297982e-01,2.425955372081768924e-01,2.404830851936297061e-04,7.968560407285994740e-02,9.760156253661427667e-03
-6.668140356458048812e-01,-9.271523043782106677e-02,-5.690171723253613367e-02,7.372415631844189132e-01,7.569167498472950673e-01,2.509403377802804092e-01,7.386351238181917411e-01,-7.709854989261978320e-01,-1.749459235878162433e-01,-1.598378347650265818e-01,5.398955369721712971e-01,-3.925752776478653311e-02,1.359037600553243963e-01,-4.589611368074316688e-01,-5.113110367499718034e-02,-6.787119843806529995e-02,8.318008563245536946e-01,-6.161275554623044659e-01,-2.356169497524097656e-01,-1.462313511639600112e-02,4.159621791349406295e-02,4.679999681244674248e-01,-8.903656238782468035e-01,1.957044381598701810e-01,-1.276937893359747223e-01,8.328896969073911194e-01,2.360799892702595063e-02,7.711080669815197075e-02,2.193946412674781937e-02,-2.687478223113612397e-01,-3.991372118677082304e-01,-2.006304272750107920e-01,2.498040805100863182e-01,1.735062110575697522e-04,8.199694489329971414e-02,9.017926074178339579e-03
-6.662842671805383477e-01,-8.887184404146446226e-02,-5.766258324164056509e-02,7.381341999516507490e-01,7.621968917136154875e-01,2.324214183196757488e-01,7.318072554479151393e-01,-7.846634080746519579e-01,-1.844246191720864680e-01,-1.485127333521330528e-01,6.247257251873723494e-01,-5.222762339759803168e-02,9.928263640784786015e-02,-4.345755751632637276e-01,-5.559610237612095524e-02,-6.535404212947412694e-02,8.599824660305126489e-01,-6.643970340248855910e-01,-2.352129250038160202e-01,-1.927907809214418969e-02,5.643166676144483612e-02,4.679998491799109428e-01,-8.945406169574685595e-01,2.080873817417875082e-01,-1.467943755785564852e-01,8.114300106237958277e-01,2.236874731034495939e-02,6.997097594543300048e-02,2.175068133970060533e-02,-2.502421710804149102e-01,-3.975065829780390914e-01,-2.112280829090212031e-01,2.567189833699544677e-01,-1.401493357136532770e-04,8.403170841810352065e-02,6.825318026773614932e-03
-6.535594697707614031e-01,-8.132069768622453287e-02,-6.006774719209837660e-02,7.500925471887139873e-01,7.647572145033084690e-01,2.107449305414108298e-01,7.246265719083258006e-01,-8.034299431037605910e-01,-1.687779650766255690e-01,-1.380318549729077360e-01,7.569142587616299878e-01,-1.520245117469624097e-01,5.885833408015842677e-02,-4.021065502045123030e-01,-3.933128206515371095e-02,-5.551582767094451198e-02,8.743941312667889987e-01,-6.986387448358023500e-01,-2.355795764631357647e-01,-1.756208564260532470e-02,5.472478105155430955e-02,4.679994743458230633e-01,-8.634587211507825932e-01,2.229238082132039556e-01,-1.851606270574301938e-01,8.275181206387139943e-01,2.051533356895002269e-02,7.461820956745213174e-02,1.759850458267673071e-02,-2.376833343967449108e-01,-3.847741653231520620e-01,-2.054813142788518843e-01,2.625435052463004904e-01,-9.178635825825632159e-06,8.564765328466171501e-02,6.590351823529976352e-03
-6.420554411310396281e-01,-7.475491248590894477e-02,-6.494184641188247009e-02,7.602361936647489271e-01,7.683898889686029410e-01,1.925504058780254102e-01,7.230356033746480060e-01,-7.978772870891286395e-01,-1.522061468847916710e-01,-1.379860721740476803e-01,8.204592886888647518e-01,-2.136842859967213737e-01,4.515300200417599746e-02,-3.699152471683788135e-01,-2.129286199233347901e-02,-4.193719627799679522e-02,8.613838774510294005e-01,-6.934917491453319593e-01,-2.356144021143877221e-01,2.629519179189387587e-04,7.174869409289480471e-02,4.679996629109708928e-01,-8.473743750863312885e-01,2.388027798438011051e-01,-2.298858640955411259e-01,8.291066155646983349e-01,1.853544788221081138e-02,7.309827591304673966e-02,1.331423802973623338e-02,-2.286197161139577605e-01,-3.890274184882789310e-01,-2.071074152633001209e-01,2.898818085292886870e-01,5.664296795988208567e-05,9.342501228827782001e-02,5.843709476084014975e-03
-6.315130406937170537e-01,-7.801633119261885962e-02,-7.535914097762888564e-02,7.677406667437469689e-01,7.713907871431929797e-01,1.758937990717582556e-01,7.243996151080703827e-01,-7.997353708031815778e-01,-1.367336691696002249e-01,-1.369542243035573037e-01,8.418170665877867664e-01,-2.493834579550401331e-01,3.973092219217664450e-02,-3.809535543660257928e-01,-1.255100785117566412e-02,-3.506022966096061788e-02,8.775160955633785065e-01,-6.567979898820647255e-01,-2.356197763979606397e-01,7.046413712334621479e-03,7.838685256163055448e-02,4.679999851180424164e-01,-8.352724273456542115e-01,2.594099109280722515e-01,-2.597156345461748006e-01,8.421417914404112359e-01,1.784868829170137977e-02,7.256089677591517906e-02,1.434228930238903334e-02,-2.269763054467752728e-01,-3.865605028001167787e-01,-2.005680402202951185e-01,3.141537993302738196e-01,2.785330800507811871e-04,9.956498591444259971e-02,6.222106445341751141e-03
-6.246183378082791338e-01,-8.352301670195418082e-02,-8.855642237588570720e-02,7.713842089455885676e-01,7.731702108739898494e-01,1.627456392065617374e-01,7.296695500416207070e-01,-7.983875361462643427e-01,-1.201075825948625941e-01,-1.394345313039190570e-01,8.276946237522435634e-01,-2.607001140096902869e-01,4.093985634646878785e-02,-4.182478437400495852e-01,2.716617807756270021e-03,-2.499846125779303999e-02,9.202786955056462270e-01,-6.033642971478316852e-01,-2.356190010100646659e-01,1.393443864498821426e-02,9.098664095961686571e-02,4.679999498260409285e-01,-8.264934616242120002e-01,2.676651988006946148e-01,-2.928767676450576007e-01,8.386612227062445468e-01,1.799655212222968370e-02,6.395643245303662960e-02,1.761394312895188732e-02,-2.302642153114255463e-01,-3.870512773539640516e-01,-1.916566958691221512e-01,3.404845423774010005e-01,6.305409672729373827e-04,1.059066478584257120e-01,7.375356785521655113e-03
-6.155002478019981904e-01,-9.281241561245509586e-02,-9.827298162439380980e-02,7.764584480489030716e-01,7.727128676444212640e-01,1.510556291228484505e-01,7.340156976195274519e-01,-7.973601292408822871e-01,-1.056530257435173981e-01,-1.349620702663813510e-01,8.065048813588492349e-01,-2.643540076241862602e-01,4.929745665539738558e-02,-4.655151271745513464e-01,5.366449029532590481e-03,-1.598291462200208263e-02,9.521381995483285676e-01,-5.498811588927630112e-01,-2.356183078558049260e-01,1.839214174011540720e-02,8.452888316408581348e-02,4.679999069085372665e-01,-8.128483707766648303e-01,2.839522659070559674e-01,-3.236445133737679836e-01,8.270137111286401943e-01,1.951956503480499483e-02,4.959159645233759267e-02,2.304096800375954671e-02,-2.386190603396218801e-01,-3.799579044145595663e-01,-1.819600662420091941e-01,3.487009044712963135e-01,8.277339362477235387e-04,1.066971207832294460e-01,8.397029771557418948e-03
-6.113979389818313681e-01,-1.021359544319056512e-01,-1.003978376469832762e-01,7.782551517445048805e-01,7.714865406582611662e-01,1.412841936186994829e-01,7.399209195006988260e-01,-7.777533810544994264e-01,-1.047752353560602451e-01,-1.241895782948479049e-01,7.610854593788342060e-01,-2.599540131546928534e-01,6.605190757973171400e-02,-4.930617763789502672e-01,-5.344251335821619160e-03,-8.722107819424534947e-03,9.576134097893864716e-01,-5.101973483149486732e-01,-2.356173096778247655e-01,2.310591740597361943e-02,6.892063803755564544e-02,4.679998230924952152e-01,-7.936187044259065404e-01,2.942974506874611040e-01,-3.686127747890410866e-01,7.941297976822330185e-01,2.178469661503470642e-02,2.288970964134197372e-02,2.505162229590113948e-02,-2.258083870785555503e-01,-3.834409460309475826e-01,-1.682794037360951789e-01,3.509134704313755515e-01,1.247019894767237768e-03,1.063697390601501258e-01,1.014874347614631682e-02
-6.080190089713387591e-01,-1.145639549204832963e-01,-1.002922538090245397e-01,7.791851184336073821e-01,7.714775518519492170e-01,1.312012414854174525e-01,7.437011406003314340e-01,-7.636003518335240381e-01,-1.139846893986401349e-01,-1.076135944273350215e-01,7.191256167099038255e-01,-2.557456379297207705e-01,7.562132364669493789e-02,-5.190819635931138709e-01,-2.978039097976387453e-02,-4.166770426708145576e-03,9.441056983646598511e-01,-4.768004127509056223e-01,-2.356189508809423405e-01,2.944319119173488195e-02,6.420419749421329980e-02,4.679999093110731034e-01,-7.755364582936355999e-01,3.076134541253173205e-01,-4.160499420815201299e-01,7.595867467777858151e-01,2.446842042582906759e-02,4.241252935090728850e-03,2.476257777339663235e-02,-2.150988050169129195e-01,-3.923926501450472615e-01,-1.620571594483445899e-01,3.460317487213073750e-01,1.383267296714412462e-03,1.042805840026086034e-01,1.083303399735746630e-02
-6.040902007252640926e-01,-1.204304004745511830e-01,-9.968781839594743899e-02,7.814306667214345747e-01,7.685404194575071735e-01,1.213010680329535546e-01,7.476557353891264412e-01,-7.389925621920052645e-01,-1.123422231859226850e-01,-9.787903672824391221e-02,6.851555629423835558e-01,-2.571967093178638142e-01,7.802526620712560423e-02,-5.257476435745979115e-01,-4.462746483397919683e-02,-6.328697647598059695e-03,9.096195305937573305e-01,-4.570124657707848592e-01,-2.356187871679545354e-01,3.726193750418738820e-02,4.993846184974114200e-02,4.679998453774021350e-01,-7.571891143946355429e-01,3.283251124257526854e-01,-4.604157857852723690e-01,7.268765671258476946e-01,2.714885009382997025e-02,-3.352201053830440938e-03,2.445903380868277854e-02,-2.007954153985501700e-01,-3.954412680620217335e-01,-1.417851817489677313e-01,3.390393529667181105e-01,2.073791118859230360e-03,1.019871980859916039e-01,1.355377288390134660e-02
-6.006589706413966168e-01,-1.250179394268399746e-01,-9.594859837961708382e-02,7.838196108024292341e-01,7.662194470708459937e-01,1.128592591477955986e-01,7.479871222689558063e-01,-7.204216866772692462e-01,-1.156058968652969587e-01,-8.428156982229745298e-02,6.706109799180000053e-01,-2.624619486377213207e-01,7.214341705122742643e-02,-5.222984849917635675e-01,-6.245396637819310842e-02,-6.841845670891801359e-03,8.532389635831144625e-01,-4.452619884266392769e-01,-2.356128242574550558e-01,5.496104134993955170e-02,5.421513039825275049e-02,4.679989139444581392e-01,-7.415797625411537641e-01,3.443062769203400486e-01,-5.120627468169323127e-01,6.871300611202659780e-01,2.961919247294229895e-02,-8.057282158325490551e-03,2.308083737945621633e-02,-1.868739152775353018e-01,-4.033368366752590473e-01,-1.312790929372475435e-01,3.306152973183560939e-01,2.402403304506327275e-03,9.986601167714823091e-02,1.452883951174705791e-02
-5.932646419848960351e-01,-1.250321455008788774e-01,-9.901649934487635751e-02,7.890499097138699014e-01,7.631021419780460446e-01,1.044618542951458728e-01,7.516357915906304310e-01,-6.982802219229592433e-01,-9.711472682722065153e-02,-7.716608148370177056e-02,6.514481481752258940e-01,-2.702823663509278385e-01,7.069899390551367957e-02,-5.254259570450033889e-01,-6.135584335362746083e-02,-1.248125062146624928e-02,7.920271508506183666e-01,-4.350527880491860677e-01,-2.356156457461969500e-01,7.091022879178270066e-02,5.840597409221770508e-02,4.679993755882833062e-01,-7.169882707207844152e-01,3.592289727114855724e-01,-5.435899296444436368e-01,6.550972249368012257e-01,3.162785984006837720e-02,-7.385949597812967692e-03,2.459662486415994595e-02,-1.775414270335448352e-01,-4.084603189579208427e-01,-1.107546190798139735e-01,3.356898976538452151e-01,3.243114334433313140e-03,1.018263345187949004e-01,1.713530418091833291e-02
-5.908833331978395886e-01,-1.317750930578486801e-01,-1.028648434051559202e-01,7.892471320124254675e-01,7.587796362573174802e-01,9.856625196325678739e-02,7.535787898916848082e-01,-6.964779701656761413e-01,-9.212638480161107479e-02,-7.603256171247806117e-02,6.348865875557427874e-01,-2.711577266063180947e-01,6.873597293605099301e-02,-5.415222730646302995e-01,-6.066803012533875106e-02,-9.234238758639379263e-03,7.518634724325257146e-01,-4.314813445122408497e-01,-2.356117773315049291e-01,7.735697158631471559e-02,5.895635055831238008e-02,4.679989982865782605e-01,-6.970887385272238612e-01,3.696269095200615529e-01,-5.551407649063765382e-01,6.228783003756392933e-01,3.298751817853075308e-02,-6.505350231324527263e-03,2.798641353070457222e-02,-1.635658832481876324e-01,-4.176975373426638494e-01,-9.496510966875777726e-02,3.248722907207090560e-01,3.730651470736233172e-03,9.883813335677266165e-02,1.898012678215229426e-02
-5.884455453798600466e-01,-1.346616415806099476e-01,-1.048889307032462997e-01,7.903141113667047080e-01,7.535597921477725780e-01,9.404790330964823974e-02,7.541905069070475864e-01,-6.926410702938933239e-01,-8.424187348299019829e-02,-7.574759108104278660e-02,6.323639329448299540e-01,-2.845286475184728436e-01,7.497041369597452765e-02,-5.537706307676337758e-01,-5.066557481489183945e-02,-2.638245092516824496e-03,7.161544282552709806e-01,-4.356454469016499687e-01,-2.356193822069089505e-01,8.159390019625843704e-02,6.108787573462783060e-02,4.679999509436258420e-01,-6.769284888796043287e-01,3.808449723074258109e-01,-5.583434363699035785e-01,5.988295258130208465e-01,3.499901660773484940e-02,-3.803091130904291076e-03,3.125673702522689668e-02,-1.568376183250145828e-01,-4.211127816124702328e-01,-7.605944766639563537e-02,3.112833708812701716e-01,4.255849984228206664e-03,9.538858020953852601e-02,2.103012389208797420e-02
-5.887493743334634155e-01,-1.364102591635651673e-01,-1.030862697332024791e-01,7.900250859367553558e-01,7.458163800462649373e-01,9.061254853134392828e-02,7.540476284152318742e-01,-6.868448982772006328e-01,-8.101384987964302398e-02,-7.746781953089335038e-02,6.370681719539325050e-01,-2.890983976952221091e-01,8.033402465983952023e-02,-5.323720217113201425e-01,-4.507729327986603057e-02,2.537791643082553533e-03,6.887372164052634194e-01,-4.589239882251209823e-01,-2.335864880790633480e-01,8.120980521379042583e-02,4.738799879533243942e-02,4.679996152106535856e-01,-6.581548038887498064e-01,3.972113477339435095e-01,-5.574721668899180749e-01,5.822652603621605305e-01,3.643699666269656356e-02,-2.625620426977856667e-04,3.374625121967575470e-02,-1.346771033674504514e-01,-4.230042632609198883e-01,-4.726247816271954283e-02,2.921566520520171295e-01,5.002743751550705817e-03,9.041908355613645365e-02,2.457497325362950971e-02
-5.914067167889618393e-01,-1.380053874133390923e-01,-9.928716725277893229e-02,7.882478460488894223e-01,7.369452156458961012e-01,8.810549902267825195e-02,7.547235543577066608e-01,-6.737280823044830003e-01,-8.242290171075672411e-02,-8.396006953227011516e-02,6.318911356454138817e-01,-3.031218975668518723e-01,8.722472175678781803e-02,-5.062338785803009999e-01,-4.333035180086255295e-02,4.441044501037324371e-03,6.572219425902269263e-01,-4.743231766020598039e-01,-2.113865759276008227e-01,7.621923663562034379e-02,3.536316456150397775e-02,4.679990404883490052e-01,-6.410653420678468217e-01,4.129704117787262319e-01,-5.554374074744649059e-01,5.725330506710848422e-01,3.765227448129509352e-02,3.446880750849581551e-03,3.542917638939357267e-02,-1.122648058383039632e-01,-4.202338817779263658e-01,-2.088157700851323711e-02,2.728250623577366252e-01,5.565537584231481510e-03,8.561376688950828040e-02,2.772256512984558677e-02
-5.954673759328279470e-01,-1.358806131750721902e-01,-9.335778060814541035e-02,7.862820028226259472e-01,7.297770624875091761e-01,8.619387463655912851e-02,7.522334039243899761e-01,-6.650917672804966818e-01,-8.728158726144423507e-02,-9.067906013983068059e-02,6.518895951870296024e-01,-3.244308598013871947e-01,9.183740866153651539e-02,-4.914529040303730056e-01,-4.439765702493356919e-02,1.189741978140727505e-03,6.697930408573783412e-01,-5.071382345248299783e-01,-2.043775225152517083e-01,7.168985384330502086e-02,4.161233594536974806e-02,4.679996113386940548e-01,-6.254778011011777883e-01,4.223290501900066052e-01,-5.586197264703149923e-01,5.658075359025571682e-01,3.902933893086052430e-02,6.241468978515442301e-03,3.572277981831230992e-02,-9.505150467366824119e-02,-4.169580377599271803e-01,-5.413707151976752605e-03,2.543773951833929181e-01,5.755784079195767899e-03,8.121613034430155698e-02,2.920663261691207671e-02
-5.998008468013107386e-01,-1.360957713724787466e-01,-8.867744961715079421e-02,7.834878398037574687e-01,7.226649908277584800e-01,8.593477550142715471e-02,7.486313520264885613e-01,-6.704041552419158778e-01,-9.372318428398619672e-02,-9.757823494349739113e-02,6.818665341057462692e-01,-3.446547510033749484e-01,9.710782777627711970e-02,-4.981426588319969317e-01,-4.756263029799164682e-02,-5.365964375397052830e-03,7.083144432214163455e-01,-5.328574955171010430e-01,-1.936202616580153801e-01,6.823056260443763343e-02,4.180486542972617486e-02,4.679999932694578479e-01,-6.198093325490787731e-01,4.261187072628610517e-01,-5.562200942692450134e-01,5.632610989598860751e-01,3.990919097061335075e-02,8.136743597027562905e-03,3.639523300650434473e-02,-7.525711501415545401e-02,-4.124341418614249632e-01,1.825958628344518872e-02,2.252341914446445714e-01,5.955977395589106063e-03,7.360133738046716056e-02,3.161238423167044703e-02
-6.033868068512581173e-01,-1.318541822614250625e-01,-8.305021640190331234e-02,7.820751226663654743e-01,7.147669094179747162e-01,8.632207366089995892e-02,7.466398729870568074e-01,-6.627304465308893056e-01,-9.358756021394847024e-02,-1.069536811277822796e-01,7.052480630661268624e-01,-3.664913988463854300e-01,1.056470914990126908e-01,-4.894210017138935220e-01,-4.380467272054430761e-02,-1.367107753948632043e-02,7.307214698633066607e-01,-5.455586005345347544e-01,-1.874497477890674224e-01,6.437024286129583439e-02,4.354335604798092313e-02,4.679988251417077083e-01,-6.115430662870858791e-01,4.312778871647042211e-01,-5.537027578870278299e-01,5.642392963559076380e-01,4.103703785043985586e-02,9.667531009744621817e-03,3.689084659069367250e-02,-6.118813879383565302e-02,-4.083955154843588176e-01,3.342601625045398678e-02,1.980994484116348764e-01,5.849992782167469721e-03,6.678427512112899977e-02,3.271120305041323034e-02
-6.061342229873600829e-01,-1.251571000670771427e-01,-7.951165001173235436e-02,7.814185188096841594e-01,7.059096767112853499e-01,8.632018719202175228e-02,7.429758960309459370e-01,-6.607091108460441120e-01,-8.577914095487103319e-02,-1.189952493520250315e-01,7.467088218802320210e-01,-3.950493633165286789e-01,1.111467942334252723e-01,-4.771650046971510628e-01,-3.013048592099130951e-02,-2.317879688404758665e-02,7.521921518102310245e-01,-5.675577676869730803e-01,-1.868239952448252361e-01,6.394638881055694779e-02,4.471148793858337189e-02,4.679992228964469092e-01,-6.056593836500442363e-01,4.407982563672240284e-01,-5.518527081790314259e-01,5.634083452342246723e-01,4.182062567651733537e-02,9.429426517296777763e-03,3.709635631070056644e-02,-3.973895955032832883e-02,-4.022695979729268290e-01,5.008372260073201687e-02,1.690678574555289637e-01,5.659108599587510217e-03,5.935916776694082075e-02,3.406057463971785132e-02
-6.060944899669242769e-01,-1.163922365340665094e-01,-7.938813159585601797e-02,7.828153301181901558e-01,6.981635951042560739e-01,8.612741146551193550e-02,7.390630013767148787e-01,-6.623638492586446658e-01,-6.838985577708163455e-02,-1.312639728152139029e-01,7.964735135701008772e-01,-4.318905406770341959e-01,1.174267466314259517e-01,-4.693515465040084544e-01,-6.658136314175101995e-03,-3.281947191025002403e-02,7.763944618913417584e-01,-5.792893871568770559e-01,-1.930535766602287373e-01,5.919429969952917647e-02,4.861587018666141402e-02,4.679996039437867017e-01,-6.022326550008862966e-01,4.501154178741857415e-01,-5.388464023723699148e-01,5.821495185307191678e-01,4.291315884130864761e-02,1.514242932554040952e-02,3.911254945911093323e-02,-4.007186706473022525e-02,-3.880368034363151919e-01,6.087832897992263848e-02,1.337381742220882797e-01,5.141523819682235555e-03,4.959858714098789451e-02,3.410729749356335855e-02
-6.075799647460556896e-01,-1.055915333772203257e-01,-7.593186305946317272e-02,7.835377251227588769e-01,6.913853448853561900e-01,8.557365057925918339e-02,7.344018939634026077e-01,-6.562430449009744038e-01,-5.772210245107042836e-02,-1.438411287415488626e-01,8.472579830735398332e-01,-4.698889264574837021e-01,1.284251257153332104e-01,-4.509981890516497338e-01,1.120646610771427326e-02,-4.119513744967181340e-02,7.992021589461828501e-01,-6.020266285664452877e-01,-1.912457634641014093e-01,6.359380113284474056e-02,6.854116906893858996e-02,4.679945178729592592e-01,-6.051374785572679604e-01,4.541284064188530478e-01,-5.249616486999779674e-01,5.597329314684142965e-01,4.349407804922567761e-02,6.382165763955545933e-03,4.085682002602232521e-02,-3.913596116279224185e-02,-3.888303975469978302e-01,3.220682308779933972e-02,1.256163111336789373e-01,4.335927830616227545e-03,4.881868503686519895e-02,2.971206184804096179e-02
-6.096986865984478365e-01,-9.776063261417390626e-02,-7.399310114737484012e-02,7.830934754252513175e-01,6.852801778701517188e-01,8.386436453376829026e-02,7.310596381059230042e-01,-6.494698573325604629e-01,-5.067059691389425718e-02,-1.575007111300854024e-01,8.827876219522077239e-01,-4.999700803372034152e-01,1.440583368381175566e-01,-4.306506790367148341e-01,2.654379314739986617e-02,-4.965143121008645799e-02,8.053149215721699949e-01,-6.254503178345103276e-01,-1.994005335938320855e-01,5.700990776868092996e-02,7.443312422376391346e-02,4.623023064474276467e-01,-6.031747542353641522e-01,4.558898185824243332e-01,-4.916860044309552813e-01,5.640729846063092801e-01,4.415913344550746050e-02,7.912913867809446417e-03,4.404629117221130208e-02,-4.681430447764584751e-02,-3.832455533974004624e-01,3.220598930188843783e-03,1.497995999627555475e-01,3.982451201270588437e-03,5.791356768579059705e-02,2.624160290965933673e-02
-6.119894449483009868e-01,-9.644483479419543870e-02,-7.824295680056074509e-02,7.810540012217441763e-01,6.793212279211382487e-01,8.345174616816876390e-02,7.302854346710935252e-01,-6.400427283178755644e-01,-4.897904129207876489e-02,-1.548883265883830851e-01,8.971268295970297180e-01,-5.268410109741938907e-01,1.666230526129253986e-01,-4.262768481573038781e-01,4.275603024064884156e-02,-6.239434572197449791e-02,7.934639310580537952e-01,-6.283912681489485230e-01,-2.102847426143698295e-01,4.848543366499002971e-02,6.324145588805758778e-02,4.637803105332320430e-01,-6.031978034528023835e-01,4.485481857351030222e-01,-4.404814567784846036e-01,5.894251966103990492e-01,4.502285502351471153e-02,1.479791673958867453e-02,4.497648783884380247e-02,-4.799944364732031815e-02,-3.740627562614010637e-01,-6.070940931173191869e-03,1.458263956101233938e-01,3.726774898419063075e-03,5.704433534405348866e-02,2.523099858470071941e-02
-6.100257812187764861e-01,-9.618781650582632070e-02,-8.140480557432283604e-02,7.822977104872989029e-01,6.755100249712958638e-01,8.069988239401809649e-02,7.298760687976107997e-01,-6.344288203890424693e-01,-5.341123579450741954e-02,-1.456056026503918244e-01,9.061579303535478580e-01,-5.436141046538398580e-01,1.873254061436824269e-01,-4.200858666355722915e-01,5.242595064679356209e-02,-7.152064305677598155e-02,7.806962983626407615e-01,-6.321507278979139333e-01,-2.109012097710332434e-01,4.816755679376786420e-02,6.496485376003584278e-02,4.584485225174315670e-01,-5.908091658967847826e-01,4.378340229027943287e-01,-4.084700839912501213e-01,6.076670030486094332e-01,4.575962441273787040e-02,1.693121076419984092e-02,4.494397016907895198e-02,-4.374737532982968247e-02,-3.671955781079615511e-01,-6.480703337009119380e-03,1.336795802715251003e-01,3.533370311887271305e-03,5.349448424120916562e-02,2.500674780862890620e-02
-6.050570942250541595e-01,-9.928542254603703321e-02,-8.767332714809367156e-02,7.850870686137763066e-01,6.742471424723581741e-01,7.825068142116381464e-02,7.303983294624265543e-01,-6.355080301014117694e-01,-6.204491628727739488e-02,-1.385409455065028939e-01,9.122064088569634688e-01,-5.445221162677571503e-01,2.031520006168859582e-01,-4.265250573752835117e-01,6.113094853699871378e-02,-7.681690900482905648e-02,7.656084979092911968e-01,-6.243187475848275270e-01,-2.148402499672456833e-01,6.155898661325791277e-02,8.392144949604210535e-02,4.587456637570723195e-01,-5.830089910731179881e-01,4.261439035259896868e-01,-3.979547427780092406e-01,6.119242166311571474e-01,4.642262499056801217e-02,1.247749575501542682e-02,4.449140989419213960e-02,-3.579831720665046374e-02,-3.645958422092066553e-01,1.469532278409810353e-03,1.050320966751775997e-01,3.226134471078310334e-03,4.453189366488632950e-02,2.523674123502995387e-02
-6.044911725486697973e-01,-1.016816556955202761e-01,-9.183800854211252029e-02,7.847401120070075509e-01,6.725107866402593171e-01,7.406741297957268599e-02,7.310028247327673423e-01,-6.400750129582467585e-01,-5.548919732436127100e-02,-1.321966085245605826e-01,9.128939010291892142e-01,-5.467289762789276919e-01,2.188618552069381828e-01,-4.250436760108740608e-01,6.658345042202067077e-02,-8.012291502212293137e-02,7.514662856133280666e-01,-6.191821745814282130e-01,-2.205365347461049619e-01,6.172032606081459538e-02,8.929547496330719758e-02,4.589629214711550831e-01,-5.729745585161053478e-01,4.290616051929092012e-01,-3.967783139994395802e-01,6.311060497786551426e-01,4.726283845431129838e-02,1.276013136002244856e-02,4.245286658053227385e-02,-2.426252149972981179e-02,-3.665712362828761894e-01,9.891360856903088500e-03,1.104880621849870376e-01,3.384653442503107994e-03,4.725994011321792837e-02,2.635176267291669192e-02
-6.053986139133069599e-01,-1.013912324537155768e-01,-9.321198565644055190e-02,7.839157237760617791e-01,6.713105722611156789e-01,6.978187829698281885e-02,7.302084398753181382e-01,-6.358570443836167874e-01,-5.005942310855808486e-02,-1.235880679067861698e-01,9.145740586099186942e-01,-5.665526740230465430e-01,2.234292246951538330e-01,-4.256747017270385292e-01,6.712162301916975438e-02,-8.748756638824857490e-02,7.614815254392872657e-01,-6.129253999095964911e-01,-2.260920976577247832e-01,5.536358217812470395e-02,8.933860902922530212e-02,4.510039097549697340e-01,-5.576514165267545398e-01,4.357766246740173988e-01,-4.075541393513491539e-01,6.391646441680198798e-01,4.860369341299087403e-02,1.189734327384066488e-02,4.016641728236582803e-02,-1.702338051058371882e-02,-3.645407466996180568e-01,1.962175995573311668e-02,1.161337104156270061e-01,3.598902138983075226e-03,4.951545135347035220e-02,2.760776450704270635e-02
-6.054927259437093978e-01,-1.028726094856483586e-01,-9.324648167326293757e-02,7.836458885889896475e-01,6.711268729244643794e-01,6.635670148920184974e-02,7.283212663440519208e-01,-6.369261298987213271e-01,-5.325268531656171533e-02,-1.175621043414138422e-01,9.189698181885036510e-01,-5.550322372141198723e-01,2.274961871212012043e-01,-4.339434521976965886e-01,6.319107903062309850e-02,-8.948413571687889589e-02,7.829144505392724440e-01,-6.206381804949446801e-01,-2.343176137754302280e-01,5.091998213752053914e-02,8.739872275528835777e-02,4.508303529739163262e-01,-5.440990905466588368e-01,4.626639020218109577e-01,-4.264116816628583662e-01,6.146748887645985260e-01,5.090633787963403517e-02,5.406497090924312909e-04,3.982470289276607983e-02,-1.416980542965984823e-02,-3.613640942654267052e-01,2.411538856739289804e-02,1.148750197541420631e-01,3.643216989096603568e-03,4.917189193779151341e-02,2.798868236553071764e-02
-6.052669699721191510e-01,-1.061899077272291103e-01,-9.171463286557732242e-02,7.835585649305255584e-01,6.697541383749417987e-01,6.456894913218229337e-02,7.284252344260256917e-01,-6.342381992999732709e-01,-5.879416528470780834e-02,-1.127843268704867286e-01,9.111179270643279260e-01,-5.533458889754457877e-01,2.263020145348480505e-01,-4.408569712035346755e-01,5.705122834544179566e-02,-8.855898177456920928e-02,7.928583375201900818e-01,-6.191790688046290292e-01,-2.356069384776116327e-01,4.646844069568107499e-02,8.227388659297878160e-02,4.515609827177655133e-01,-5.288201311907447799e-01,4.917769346687932974e-01,-4.482774704521346187e-01,6.022280330202488541e-01,5.311854194851339112e-02,-3.659628866949846820e-03,3.944456615989911513e-02,-1.496432238269561343e-02,-3.525243413188944297e-01,2.837251049230905819e-02,1.066418480315134282e-01,3.564274337811017528e-03,4.641744161988993478e-02,2.802060688537262936e-02
-6.069021392078751687e-01,-1.090485753811183400e-01,-8.835137660583289310e-02,7.822865433356933629e-01,6.672775528871931483e-01,6.111547078318789461e-02,7.273902229359335836e-01,-6.275063268720091347e-01,-6.824670410170728674e-02,-1.099568978378676898e-01,9.078979982822911188e-01,-5.572091692957786835e-01,2.202069473142476974e-01,-4.407293993930767595e-01,4.805674967363097322e-02,-8.907288051281381236e-02,8.049994461894353082e-01,-6.298767867251765518e-01,-2.356131211226320243e-01,4.106273771827891744e-02,6.328582366632197476e-02,4.407445001927479677e-01,-5.131128793936136079e-01,5.185224730874967713e-01,-4.624909414082262749e-01,6.010279097535548010e-01,5.466561215237705079e-02,-4.020134617298951399e-03,4.093419464651676387e-02,9.416520919597466373e-04,-3.452718922718754913e-01,3.619276332989283113e-02,1.060410837687990049e-01,3.643279459830525355e-03,4.641530089577762530e-02,2.881398930458034524e-02
-6.135043525979466672e-01,-1.132911825386553745e-01,-8.422521161782207944e-02,7.769708044902978727e-01,6.660603389944385055e-01,5.703625151631635387e-02,7.269556125169914784e-01,-6.193515541589981188e-01,-8.426285796103938353e-02,-1.039762324458541054e-01,8.955161720078798071e-01,-5.757041562283231606e-01,2.097167166977908503e-01,-4.348597248039932639e-01,2.888320326223918835e-02,-9.649380941062164763e-02,8.078914659553965150e-01,-6.468408940729120093e-01,-2.356066689330571784e-01,2.653191756789416433e-02,5.332463631448285113e-02,4.378590191074158144e-01,-5.044780908041760492e-01,5.268266748419518919e-01,-4.707183349230458780e-01,5.962183696262838284e-01,5.529671126907206857e-02,-4.878882630843203380e-03,4.238934042883873987e-02,7.361558523857456363e-03,-3.433517532640128489e-01,2.423267246277636955e-02,1.244488002284544342e-01,3.674702954930564921e-03,5.247107539743859489e-02,2.730661650594222098e-02
-6.165572605062336065e-01,-1.144571836904795664e-01,-8.140425308828680429e-02,7.746806085076806125e-01,6.656410667514861546e-01,5.541127716165545475e-02,7.264072559777899896e-01,-6.150064128909019656e-01,-9.264734731417861857e-02,-9.995617736894547856e-02,8.915070859860559915e-01,-5.733043478940920146e-01,2.004876321456378896e-01,-4.326154809570105786e-01,1.945285103703010138e-02,-9.981477914575588584e-02,8.136484433177511022e-01,-6.555052950814252988e-01,-2.347577748946220455e-01,1.323864849763002616e-02,4.497749052531490460e-02,4.383911731718456717e-01,-5.047796253047562853e-01,5.301009943642864819e-01,-4.688267203940164052e-01,5.885957935793265650e-01,5.623635396202672498e-02,-4.395051780172688251e-03,4.313656624485154994e-02,6.366914072931104292e-03,-3.371936354145948500e-01,1.526022659412536175e-02,1.084233628928872595e-01,3.326729909873958786e-03,4.690976239059107405e-02,2.577282806903773496e-02
-6.211837087939632296e-01,-1.172907267959568539e-01,-8.043592118085814147e-02,7.706515087381843321e-01,6.658674948527828485e-01,5.299575442871366088e-02,7.268370935556820456e-01,-6.128163900179431911e-01,-1.023647724538722797e-01,-9.662510809217529639e-02,8.795333170043988513e-01,-5.654788269939344802e-01,1.924408817275516104e-01,-4.279547918080897628e-01,8.689336407211919328e-03,-1.054230074368618375e-01,8.056109504833048884e-01,-6.651542630477350615e-01,-2.323965086316473749e-01,1.258907438570076344e-02,5.223423819590545386e-02,4.452829650081891466e-01,-5.111438232022794681e-01,5.188274991338915898e-01,-4.706519280573842057e-01,5.790188463427067278e-01,5.709262355081824725e-02,-1.157690831177783783e-03,4.066415287185031618e-02,1.238454002098736233e-02,-3.384101918922493013e-01,5.739787580896296010e-03,1.233726297625959284e-01,3.368110220870670826e-03,5.173861453462559601e-02,2.458806938372530906e-02
-6.240476796235873147e-01,-1.182057886439730060e-01,-8.024893734708503368e-02,7.682135075238762933e-01,6.655002322608492005e-01,5.124961269119516355e-02,7.288023799070633135e-01,-6.048977372298788291e-01,-1.049130527336556706e-01,-9.611244898739661202e-02,8.615986633752340529e-01,-5.570767368615595627e-01,1.898634687972687585e-01,-4.198002857127689502e-01,4.655992651254594814e-03,-1.112769318598721829e-01,7.892062114099303027e-01,-6.588217424894011742e-01,-2.335995855617394867e-01,1.190039958033636477e-02,4.597023569635241835e-02,4.391972492065667200e-01,-5.128040190185411129e-01,5.096039831276716336e-01,-4.630270443051258122e-01,5.752160879716502473e-01,5.737709099636633531e-02,2.546035779410170397e-03,3.999891187325427949e-02,3.093589135209862118e-02,-3.355167826553899779e-01,1.415010158213041505e-02,1.114597252347762635e-01,3.378290786620526034e-03,4.779856591592174936e-02,2.578984595230079252e-02
-6.264657738871153292e-01,-1.194097671504377456e-01,-8.022314253057992450e-02,7.660588678813229357e-01,6.647239539709282052e-01,5.083110552326818021e-02,7.276566118428923202e-01,-6.095051411574626821e-01,-1.081773110526031006e-01,-9.774382410763557405e-02,8.664543623232098257e-01,-5.576957353474224499e-01,1.827526579240171534e-01,-4.258235646413980335e-01,5.775016067031551754e-04,-1.169825482241250159e-01,7.991406419360642666e-01,-6.620069397933435740e-01,-2.294500273993675954e-01,1.408222570052739854e-02,4.873648109080977453e-02,4.572575988055810337e-01,-5.193217038072375225e-01,5.051966484466774432e-01,-4.487969651408269534e-01,5.609123208668146399e-01,5.805588500517309264e-02,2.020866143546093917e-03,4.018853115816751337e-02,4.125412595830220408e-02,-3.382229225133404626e-01,7.633759873472872534e-03,9.311141215494966872e-02,3.023570125874106874e-03,4.209330094801012195e-02,2.484028277073446755e-02
-6.251257055855560241e-01,-1.211670519318473888e-01,-8.252744586521969239e-02,7.666326489403310074e-01,6.639328183896054947e-01,5.072585429763989961e-02,7.271000912235570102e-01,-6.170747314154063634e-01,-1.040464433877014011e-01,-9.678183118370832505e-02,8.706914960253595570e-01,-5.602376706954779184e-01,1.800429751310809734e-01,-4.373394243419252425e-01,3.892146114847734595e-03,-1.171178683464796089e-01,8.054730808532855058e-01,-6.558624180641895451e-01,-2.300277974872126097e-01,1.834861902286517507e-02,4.094933325950299990e-02,4.530185237788135755e-01,-5.207367050227040828e-01,5.087106223323276666e-01,-4.388360783868024417e-01,5.475565070904913068e-01,5.882725391969046563e-02,1.544284141834919612e-03,3.962055976354229847e-02,5.248429557939099377e-02,-3.415620111116232094e-01,5.332250301032750127e-03,6.957191203059376328e-02,2.612978305262259656e-03,3.470082617939062447e-02,2.401590755730110410e-02
-6.284475119091486039e-01,-1.256122635164557411e-01,-8.216513442596642958e-02,7.632327133412428743e-01,6.623268870715911527e-01,4.913640104508391199e-02,7.263619211602547754e-01,-6.220509041634987302e-01,-1.133632533353294558e-01,-9.936772442151112217e-02,8.688215163123883533e-01,-5.608894460226527823e-01,1.831896042087046150e-01,-4.448510270269041000e-01,-4.658779593590176189e-03,-1.220736228221000474e-01,8.135588059353739965e-01,-6.674938988110630245e-01,-2.316789165831292796e-01,2.082533432561967102e-02,3.640426889192080462e-02,4.437946538443293121e-01,-5.170601200991953306e-01,5.114641013625040866e-01,-4.462027169331215792e-01,5.094555970627260288e-01,5.979700648402357099e-02,-6.049632439143441329e-03,3.790393530463840449e-02,7.930288088042433681e-02,-3.457493135302646126e-01,2.431618415674606255e-03,6.786429275273359041e-02,2.515835572652263836e-03,3.536459528111467882e-02,2.402093356259940235e-02
-6.333010082293739629e-01,-1.272917366646478809e-01,-8.051511446027169450e-02,7.591073462271364924e-01,6.610207265480566585e-01,4.794834615682089934e-02,7.202320663609028673e-01,-6.391209337171575022e-01,-1.259314299329787612e-01,-1.044314868286944642e-01,9.070433861198541337e-01,-5.808618514468462113e-01,1.789109288938772746e-01,-4.631926718621078298e-01,-1.433048424048029117e-02,-1.264820708723965736e-01,8.635857971117238963e-01,-6.940999428678868988e-01,-2.262907334120427272e-01,1.671788842996779420e-02,3.853775110580408975e-02,4.460071921562514530e-01,-5.142552493476523212e-01,5.273217595179588990e-01,-4.546764469616179638e-01,4.735216242688023991e-01,6.102643710867215049e-02,-1.117531901298352871e-02,3.655424451818103243e-02,9.125405560928406823e-02,-3.476927300848081659e-01,-1.674012913921700541e-02,5.141408705717102900e-02,2.059072221851521427e-03,3.072001863951912687e-02,2.154328937664034410e-02
-6.339208322122186212e-01,-1.239121448758510324e-01,-7.914458266404893194e-02,7.592932858089604942e-01,6.603580088794198666e-01,4.593184371942910654e-02,7.128863107127304533e-01,-6.502993591192620659e-01,-1.264320061587767274e-01,-1.039106333796271098e-01,9.592953623197393309e-01,-6.143423133704880579e-01,1.744365151862063146e-01,-4.738452161736301238e-01,-1.295170680612335937e-02,-1.277018635955911308e-01,9.155335534351605187e-01,-7.247206631844724800e-01,-2.307393737489468188e-01,1.326165324430993511e-02,3.191763869138463522e-02,4.254821924215179685e-01,-4.982848240613145796e-01,5.616633845000527092e-01,-4.529239219273624717e-01,4.549952254492359849e-01,6.188755484318757272e-02,-1.107038570893610803e-02,3.609419590070950257e-02,1.093395766415246190e-01,-3.567977098682812431e-01,-4.517621611088711714e-02,3.734862385278187730e-02,1.579377958625757632e-03,2.699124777950718396e-02,1.798889643023013352e-02
-6.351926455437082453e-01,-1.214209922175400191e-01,-7.755252364092203587e-02,7.587969766498923185e-01,6.593932697562999712e-01,4.237070062754075273e-02,7.018961171463793391e-01,-6.681142014027320331e-01,-1.306405792435912927e-01,-1.028229468882085051e-01,1.030249860060715950e+00,-6.610247759014216129e-01,1.723328042002916505e-01,-4.873552173866145809e-01,-1.190599812723989667e-02,-1.242107057943890314e-01,9.816662016571847671e-01,-7.726571397235497685e-01,-2.297556598000858319e-01,1.203801029548911758e-02,2.798051270943011787e-02,4.180243869744268426e-01,-4.791645522928620338e-01,5.852911003048861804e-01,-4.507287766703594878e-01,4.227848832218917274e-01,6.259227523574426022e-02,-1.431845083102870064e-02,3.555430795396478938e-02,1.360995838069434805e-01,-3.597531489190627929e-01,-6.440331571599797189e-02,2.012041636252571986e-02,1.207851290032261682e-03,2.267542337966205537e-02,1.603699326192442945e-02
-6.368822899795092418e-01,-1.165509042879228352e-01,-7.757938602907778203e-02,7.581413287003123669e-01,6.578889291735366962e-01,3.685573104576899545e-02,6.915377367858451807e-01,-6.794799676430510749e-01,-1.291451039100920684e-01,-1.044605101534874236e-01,1.097465827765512936e+00,-6.906100658237486201e-01,1.779618298358240092e-01,-5.046479869601704360e-01,-6.517288684590645011e-03,-1.236602461090293842e-01,1.065522267667451617e+00,-7.854019594130918769e-01,-2.219467540632430458e-01,1.310340834568559341e-02,3.470712492743832644e-02,4.065894333919901626e-01,-4.524617175190395191e-01,6.118348520278160674e-01,-4.508730650801672790e-01,3.861157044100186897e-01,6.362433030280940927e-02,-1.727423449128843991e-02,3.459212297913374923e-02,1.612562126807346730e-01,-3.577373790385756647e-01,-7.956677907496421953e-02,1.484325742120936415e-03,8.837411353893240545e-04,1.793064516140176201e-02,1.449070486804527463e-02
-6.374298327475546033e-01,-1.143267026285474386e-01,-8.108004730676630911e-02,7.576533767615905024e-01,6.572592360998473771e-01,3.307370314484305018e-02,6.813231434495684580e-01,-7.002868079291095782e-01,-1.266209526761729043e-01,-1.085570836463896488e-01,1.161344396291797976e+00,-7.340292380060973176e-01,1.843435796522076009e-01,-5.395472580368978477e-01,-2.010514411942079544e-04,-1.244124894205302923e-01,1.157466134531579982e+00,-7.854025646057160026e-01,-2.139114978769730280e-01,1.810510424550119957e-02,5.146592251463688594e-02,4.062551708223701152e-01,-4.320077593622624335e-01,6.372092130407909227e-01,-4.458979562831397736e-01,3.396604124792388935e-01,6.414725345252038358e-02,-2.202851824661639785e-02,3.471734648588866573e-02,1.620957737012956035e-01,-3.524615654182567948e-01,-8.956615127008864252e-02,-2.453708567152148787e-02,5.408156602867736536e-04,9.722813953408512150e-03,1.274307976054758242e-02
-6.393714585187312283e-01,-1.162459407585477167e-01,-8.291345036635899834e-02,7.555239103014118607e-01,6.561809578139247146e-01,2.809329385352091549e-02,6.735723704112468457e-01,-7.156932614519412317e-01,-1.287980963984545202e-01,-1.044463433521541917e-01,1.202421817383134250e+00,-7.651511361018463742e-01,1.965511161992740119e-01,-5.671696196217266284e-01,-1.522263747701421005e-03,-1.225699742434379486e-01,1.227973056858603806e+00,-7.854029353791315282e-01,-2.107945598335459747e-01,2.050899727073665635e-02,6.750836708424372279e-02,4.079051320224520993e-01,-4.078126276610836709e-01,6.638724118045913336e-01,-4.363525693557346319e-01,2.933546479144198416e-01,6.497539048387786231e-02,-2.592597445039921192e-02,3.611387018933671922e-02,1.803638790472011089e-01,-3.561491138800433887e-01,-1.073385240198012763e-01,-9.198944026428121368e-02,1.034275372341017529e-04,-1.755907200358569273e-02,7.177886632217625115e-03
-6.394446496449185391e-01,-1.265016509352454577e-01,-8.921580510206179870e-02,7.530925656724647421e-01,6.533090786184890808e-01,1.966645074968112819e-02,6.723815689427601328e-01,-7.281142018488272472e-01,-1.308884514992721404e-01,-1.032902493453166370e-01,1.203600186640405356e+00,-7.854029884253999061e-01,1.980233397391949479e-01,-5.830791770220395964e-01,3.226355669315394102e-03,-1.120845981778029465e-01,1.232901151373968496e+00,-7.854029992523091641e-01,-2.166221042522425699e-01,2.700679858093001096e-02,6.080136198792716884e-02,3.965118297153638616e-01,-3.753355815075732904e-01,6.812111181206522703e-01,-4.079148713310685181e-01,2.614506186816198396e-01,6.489242513366337561e-02,-2.648677854492264422e-02,4.001148545464121992e-02,2.053628301838835157e-01,-3.587282674813364047e-01,-1.310199350110964056e-01,-1.032549344800844510e-01,3.359860968474653008e-04,-2.602186759792301379e-02,2.087942231804974054e-04
-6.382550152393228204e-01,-1.492034985383920709e-01,-9.938667061005337922e-02,7.486595629862778933e-01,6.489146499137177226e-01,8.579101326693601426e-03,6.815495069592398814e-01,-7.310520226340804228e-01,-1.396323224908222749e-01,-1.037975611458518410e-01,1.124386698785308836e+00,-7.575998239965107128e-01,2.080544109158438681e-01,-5.820414800999348381e-01,1.403857593157347133e-03,-9.722778753755559333e-02,1.140373888562275617e+00,-7.854027331024581171e-01,-2.270106167485650972e-01,3.552845140680294805e-02,5.043669847946643386e-02,3.767496752919629599e-01,-3.433892741584743113e-01,6.602930293400501860e-01,-3.875338473093605796e-01,2.531343683805650779e-01,6.475328182498735208e-02,-1.921488832826099419e-02,4.050740620743217835e-02,2.313133720905450330e-01,-3.417886893533053638e-01,-1.158369767127172684e-01,-1.034619958318860472e-01,4.388814711043426174e-04,-3.344068341156580804e-02,-2.522933827334123292e-03
-6.330509782385359552e-01,-1.878881304877279002e-01,-1.171145710958568509e-01,7.417740131671455295e-01,6.454063080934288044e-01,-4.486970436729867395e-03,7.003635741186463592e-01,-7.376506022238648042e-01,-1.561619190699417015e-01,-1.081776914773862064e-01,9.669884443330347690e-01,-6.977523135883546557e-01,2.121593296045517218e-01,-5.830034941861812481e-01,-1.481872129287934749e-02,-8.109910187228824840e-02,9.617112004296236583e-01,-7.729047552223017314e-01,-2.356183642913991794e-01,3.372148305326701928e-02,3.028831569379748095e-02,3.373859598873432120e-01,-3.137429874280044939e-01,6.067970134438356311e-01,-3.721718486658323055e-01,2.590829823666129239e-01,6.510493587794616288e-02,-8.640651808083720659e-03,3.997899915593589037e-02,2.260359821012949133e-01,-3.150898557831776081e-01,-1.110746168455080535e-01,-5.617251117951060913e-02,1.278007466562874764e-03,-2.162364875791195420e-02,-4.671049747220362876e-03
-6.186218800701734910e-01,-2.185222934278332474e-01,-1.497036318354625084e-01,7.396916921182474791e-01,6.445387082442396443e-01,-1.888120589497339560e-02,7.354173595336274127e-01,-7.120427824656493376e-01,-1.296895990703299251e-01,-1.553488474217210591e-01,7.549094903817427094e-01,-6.129065892971394813e-01,2.278081488112877473e-01,-5.957142197631460911e-01,2.352957799910457455e-03,-6.772290548197629212e-02,7.635762389192943811e-01,-6.578474732813968107e-01,-2.356085491787985042e-01,5.518027001614764226e-02,5.736382785564481807e-02,3.116258660102269040e-01,-3.061519041415527442e-01,5.263907245828490788e-01,-3.403374774956349214e-01,3.069519487074181541e-01,6.566155417737351563e-02,9.163021578724575567e-03,4.095146293221484796e-02,1.604653488013085827e-01,-2.860614970982729988e-01,-1.171600865159791727e-01,4.841853628232642426e-02,2.141358131716805755e-03,1.690121024997014512e-02,-4.050868809978233794e-03
-6.165264606024586369e-01,-2.504223236362818072e-01,-1.738450556319431906e-01,7.259212628336058071e-01,6.426262873997652392e-01,-2.933286214918555748e-02,7.748280007642690537e-01,-7.082721658732409331e-01,-1.183210833989186417e-01,-1.908104813450573478e-01,5.332546769235004813e-01,-5.233752442254769877e-01,2.354155022801549535e-01,-6.348934399009819041e-01,-1.196937053049309391e-02,-3.449956278908130475e-02,5.989155075211387569e-01,-4.851628778231727446e-01,-2.356066787273836949e-01,5.789281110783205120e-02,7.997861450196017130e-02,2.854474597208906950e-01,-3.588666753659769393e-01,4.243174790331789015e-01,-3.016146829757044845e-01,3.983406442810860093e-01,6.603453871218761817e-02,3.324828028669137014e-02,4.241581619648965296e-02,6.981499125399277805e-02,-2.655611276145204980e-01,-1.398104808114983555e-01,1.754962482621295339e-01,2.741481389543442247e-03,6.286277398654431525e-02,-2.853624306592477886e-03
-6.028124204885669801e-01,-2.780465110806011331e-01,-2.063584494299335048e-01,7.188348306318314007e-01,6.441834425387320540e-01,-3.392068516640538156e-02,8.151616722831956929e-01,-7.472748472339304504e-01,-8.860779812012142820e-02,-1.743220773957225578e-01,3.643557744422052935e-01,-4.783784625128943979e-01,2.356101334752075116e-01,-6.914334144621552269e-01,-7.533869221237837407e-03,-2.610688131227753214e-02,4.565548615645697028e-01,-4.072126906605379459e-01,-2.356043480992180694e-01,6.870914736952120350e-02,1.076652148423965227e-01,3.424299653031548374e-01,-4.617852316653934808e-01,3.491172934128538574e-01,-2.273192480532745530e-01,4.685158412378430670e-01,6.655961569838723946e-02,4.637953875892862621e-02,4.491981524480869598e-02,-5.901547232033548668e-02,-2.735187360963620695e-01,-1.723759913206141803e-01,2.430650651145990493e-01,1.916941689135271548e-03,8.464160461377893963e-02,-4.595657215627078213e-03
-5.979837917127608371e-01,-3.021792203039412872e-01,-2.225383519572520230e-01,7.082229772984507399e-01,6.428940533622281572e-01,-3.716999797891581275e-02,8.462977497049490871e-01,-7.911978678256619268e-01,-9.375723477880272549e-02,-1.510635688949932276e-01,2.977695588934560766e-01,-4.224260178218526285e-01,2.356198287847358630e-01,-7.575237450642112735e-01,-2.107016504611107857e-02,-2.017128132936702595e-02,4.287242339242033351e-01,-3.781157091470445097e-01,-2.356198862046309239e-01,6.352016947760968923e-02,1.074208828723640097e-01,3.981483292004065477e-01,-5.561744687771328355e-01,2.989131850660949330e-01,-1.484045278700095449e-01,5.205605027423143571e-01,6.711076382982748834e-02,5.153848187755451227e-02,4.499964569568812994e-02,-1.613021053982065522e-01,-2.782269423019244625e-01,-1.983464311916373346e-01,2.869383694360008175e-01,7.915714048117688780e-04,9.710991917287205288e-02,-6.677466019236755375e-03
-5.913850826455872012e-01,-3.232412290557197254e-01,-2.369650788852422085e-01,6.997330514215622799e-01,6.419406756237913125e-01,-3.824099895394033471e-02,8.745107082166889700e-01,-8.466981815581542392e-01,-1.109553265338344835e-01,-1.433323928147867132e-01,2.649053741083006175e-01,-4.313653843319528169e-01,2.355993726812285471e-01,-8.402740164758994990e-01,-2.845140538708426994e-02,-7.568700941412430036e-03,4.574080566628366262e-01,-4.148756464871742322e-01,-2.356131745140040701e-01,6.827599295454182815e-02,1.103321739953380953e-01,4.679807829827987153e-01,-6.668671144304626486e-01,2.582818638790784216e-01,-6.522023539045464224e-02,5.568305724694900816e-01,6.739272625078950030e-02,5.049199587677973000e-02,4.498362850185257111e-02,-2.601831134206374352e-01,-2.947755856729374901e-01,-2.318914452943303395e-01,3.000429066991286975e-01,-9.795707895197795518e-04,9.901610596353052629e-02,-1.339708969469651130e-02
-5.893716382869588211e-01,-3.481992682903644609e-01,-2.499419406318631465e-01,6.847827157998215286e-01,6.392659426396188893e-01,-4.117181079251047010e-02,8.970367992394061574e-01,-9.238939893174219486e-01,-1.397583875199422121e-01,-1.360946445805084337e-01,2.719883595881814053e-01,-4.397459065064090455e-01,2.356132778855434817e-01,-9.369806772780946424e-01,-5.152828177650609076e-02,-3.736027774870242027e-03,5.245098148311143627e-01,-5.274279005874010773e-01,-2.356186342190001726e-01,7.039886849041353256e-02,1.077118793187249457e-01,4.679996629321781509e-01,-7.389008866292493538e-01,2.155358292131916709e-01,-5.823159965755093145e-04,6.013849179247149346e-01,6.714884611368907019e-02,5.197545980900739743e-02,4.499415603698121713e-02,-3.249994960746828143e-01,-3.056514544130558009e-01,-2.519543812204567135e-01,3.390360986450139946e-01,-1.927645501545617937e-03,1.101674838469207662e-01,-1.526296269629440032e-02
-5.890687001743986073e-01,-3.677429032630539218e-01,-2.720093865870701899e-01,6.661637315127793002e-01,6.352174826695542453e-01,-4.702745072418977601e-02,9.144169435585338679e-01,-1.006356326217121122e+00,-1.421195667431641996e-01,-1.177527101389686665e-01,2.744590960515738698e-01,-4.384457050238619868e-01,2.355977763342197162e-01,-1.027994005452374848e+00,-5.602488591600494200e-02,-4.665389333755503090e-03,5.751452860665028366e-01,-6.424911333104547095e-01,-2.356154224834561550e-01,7.812801127186475014e-02,1.220588261094002619e-01,4.679992933811077394e-01,-8.106940107158654429e-01,1.775168029392823477e-01,5.845693892753615201e-02,6.353123694788269660e-01,6.685612452195555111e-02,5.017931285193749646e-02,4.495882588737492441e-02,-3.560170469166015761e-01,-3.129144982769712646e-01,-2.817598639743876254e-01,3.415958876048964532e-01,-3.806036050059150456e-03,1.099826920613908576e-01,-2.320713932548193123e-02
-5.933018520125374895e-01,-3.800210864482742035e-01,-2.841230064228009722e-01,6.502699466178915033e-01,6.318648232901229456e-01,-5.257130904558685036e-02,9.277114355846395322e-01,-1.068016017079126412e+00,-1.499425554180541242e-01,-9.413269899523452056e-02,2.790590947558767021e-01,-4.390627698642865506e-01,2.356164132805378952e-01,-1.093467549232214564e+00,-5.791282289918572163e-02,1.717976619268165098e-02,6.095053202065059406e-01,-6.943244651788320621e-01,-2.356188248552325559e-01,7.967986260077025706e-02,1.334590326916565706e-01,4.679998270085223844e-01,-8.669437825513680584e-01,1.447268285454905989e-01,1.028416688359255066e-01,6.693834545903526445e-01,6.643284472163636656e-02,4.951391444910144962e-02,4.498102135068957758e-02,-3.804736754843464630e-01,-3.223766475026290101e-01,-3.001364611257120174e-01,3.622620659763647888e-01,-4.884008640300621130e-03,1.160031845583387455e-01,-2.767228837398334057e-02
-5.967158293457913709e-01,-3.891343799451673080e-01,-2.958083231719611517e-01,6.363977445709931846e-01,6.298003266726285299e-01,-5.765008003336746095e-02,9.358494580104482763e-01,-1.122933178478898064e+00,-1.591492041612590225e-01,-6.513832743916082857e-02,2.841774627344529902e-01,-4.341095479372310550e-01,2.356144251446419258e-01,-1.147453523570020284e+00,-5.270129637830439640e-02,5.147768598777341387e-02,6.289924205182075845e-01,-7.069418980005309772e-01,-2.356175449044493053e-01,7.296711105129917441e-02,1.392014021296413551e-01,4.679997196501350376e-01,-9.159279484260999249e-01,1.277200424937317003e-01,1.428078574214563246e-01,6.978769736766251564e-01,6.628277100354548756e-02,4.750103277793988471e-02,4.496302418443728216e-02,-3.988912119141767576e-01,-3.227136396021446640e-01,-3.121759939940644268e-01,3.776139575752715527e-01,-5.788523372598196499e-03,1.204616299933338880e-01,-3.055698790423821629e-02
-5.975849823620723589e-01,-3.935276913284223022e-01,-3.042330016055043163e-01,6.288643937663738193e-01,6.272783284144469729e-01,-6.165234241906842466e-02,9.441022267324479245e-01,-1.165290456505490457e+00,-1.618101184162377415e-01,-3.716321426144396367e-02,3.130549739868863091e-01,-4.115545128703997357e-01,2.356097439257036075e-01,-1.183495324697366291e+00,-4.389705965208852423e-02,7.488195311969962631e-02,6.579157022359279905e-01,-6.883732041892014486e-01,-2.356154333775034859e-01,7.654853028789430913e-02,1.420941076019318905e-01,4.679993872198099925e-01,-9.543307909529021860e-01,1.132093731386036584e-01,1.761778012503764645e-01,7.255393922584623123e-01,6.638760961093691237e-02,4.533165175774545030e-02,4.489135192404153374e-02,-4.278164254041534886e-01,-3.258909053856949845e-01,-3.163618450726310427e-01,4.066098389536353386e-01,-6.120180515269771533e-03,1.284247256269376580e-01,-2.947309096869209916e-02
-5.982694408591460178e-01,-3.989816795463415611e-01,-3.174491073147029385e-01,6.181531847249219780e-01,6.241693330091030445e-01,-6.583352928959827766e-02,9.498087290222938517e-01,-1.219255743455650132e+00,-1.610643178110652551e-01,-1.866923397787945832e-02,3.671614148538807076e-01,-3.912112894704404265e-01,2.356120956112044973e-01,-1.223062843865703853e+00,-3.056043959951773234e-02,9.885147746641147204e-02,6.958771699414526557e-01,-6.789025154323310440e-01,-2.356167289147325927e-01,8.246627916370924405e-02,1.480914022676859954e-01,4.679996251248418893e-01,-9.879278844163482676e-01,1.076120354959083925e-01,1.984388731359841007e-01,7.358573803625082510e-01,6.658188304534810864e-02,3.709848278269758937e-02,4.459096302313543536e-02,-4.343820786245956578e-01,-3.278284220101100876e-01,-3.247755392329210733e-01,4.090735088541163633e-01,-7.193287706529416167e-03,1.292650466842679424e-01,-3.233618407034536540e-02
-6.055597122346382255e-01,-3.988811404975329267e-01,-3.178594353186014465e-01,6.108654926026098053e-01,6.216951014593004032e-01,-6.614871699621582835e-02,9.504643813047637391e-01,-1.259497922950937765e+00,-1.693231255730937024e-01,1.268512667010733216e-02,4.403700341754658298e-01,-3.844260202708141838e-01,2.356192362998953960e-01,-1.235107270926472989e+00,-2.859466796026075702e-02,1.254309855167574095e-01,7.204662008612072732e-01,-6.603647145121838147e-01,-2.356196375020651324e-01,8.106388529953224842e-02,1.500132533511720767e-01,4.679999481784030690e-01,-1.007856499089525348e+00,1.026299749976109510e-01,2.051725390075097855e-01,7.494934338561881626e-01,6.689990687238063505e-02,2.921225116451115975e-02,4.263574794057582718e-02,-4.267516775710570864e-01,-3.278448994475086087e-01,-3.313723967848887231e-01,4.113076661041439874e-01,-7.966736527460811443e-03,1.303354707616231345e-01,-3.465487302596842456e-02
-6.098746534142051035e-01,-4.054094033764067961e-01,-3.167513799612905467e-01,6.027973839272258161e-01,6.182462226715628173e-01,-6.700890281165251816e-02,9.520111415626457685e-01,-1.291615011461809903e+00,-1.830159453531561009e-01,2.354859491601617866e-02,4.791333878959828096e-01,-3.984305271591760400e-01,2.356013531928688176e-01,-1.244612601344226466e+00,-3.566873609972801701e-02,1.426004957935339545e-01,7.182519890188922007e-01,-6.351316398587226741e-01,-2.356138849824009340e-01,7.752754500254406544e-02,1.392245574300355337e-01,4.679989289507154315e-01,-1.022576494663680391e+00,1.022428458839512028e-01,2.021409809536865165e-01,7.594296537639675382e-01,6.733270084566359004e-02,1.893340773096323371e-02,3.984361377757172917e-02,-4.188805469452925867e-01,-3.254490044979844177e-01,-3.361575782334866314e-01,4.117278446649320078e-01,-8.585383917195474335e-03,1.312739824700170643e-01,-3.696179874963470557e-02
-6.138601203236844217e-01,-4.113298038589208172e-01,-3.157060577443231431e-01,5.952421610043356903e-01,6.145099674509640897e-01,-6.898525929110933819e-02,9.524845312647128859e-01,-1.314813379625640044e+00,-1.897396994745818299e-01,2.051963719610114603e-02,5.074319320092008923e-01,-3.859148799159456966e-01,2.356114687002529851e-01,-1.239335928895012762e+00,-4.490138196169204260e-02,1.473262414579996904e-01,6.976538204419855393e-01,-6.169282713326104117e-01,-2.356179675222899728e-01,8.388911954505896829e-02,1.330756920206572769e-01,4.679995957267227280e-01,-1.029848423863507945e+00,1.013447299635235055e-01,1.825163408426015987e-01,7.626772389445698463e-01,6.814129517855917195e-02,1.141194257217632672e-02,3.576095449322327230e-02,-3.942952838270807336e-01,-3.271291050342056694e-01,-3.460570335201443304e-01,4.063736770797148345e-01,-9.604578022162014311e-03,1.328613395837266731e-01,-4.299785338188685108e-02
-6.211540998568680916e-01,-4.207505980635463105e-01,-3.098586002955104335e-01,5.840583586278679240e-01,6.102446618814382218e-01,-6.879914575258185006e-02,9.514821126970210985e-01,-1.348028458318412115e+00,-2.056869841748829864e-01,2.655772648177420758e-02,5.516761946069732581e-01,-3.809384122011172935e-01,2.356175405638243070e-01,-1.231172656493436657e+00,-7.202401952391673801e-02,1.414107815340629459e-01,6.650207402921769484e-01,-6.087573372674834893e-01,-2.356194108487984495e-01,6.971388558834339111e-02,1.149867055631900448e-01,4.679998604498475379e-01,-1.038638748338144735e+00,1.051691106033493112e-01,1.646353917073450912e-01,7.592912326394977152e-01,6.933226139985557146e-02,5.891210195018354787e-03,3.335146492461178030e-02,-3.740687253924881439e-01,-3.206382400383664399e-01,-3.526989847697052927e-01,3.986518234114273529e-01,-1.039688647094627258e-02,1.336800656569758494e-01,-4.499133254016104283e-02
-6.273382039625998718e-01,-4.349693847231317356e-01,-3.102848693184602213e-01,5.665436541649599977e-01,6.053895469444150468e-01,-7.097083286612491937e-02,9.529029828347245212e-01,-1.381484587801417030e+00,-2.151879133102374275e-01,4.215733606917872189e-02,5.627486647661333885e-01,-3.935206542720287581e-01,2.355976049633534963e-01,-1.239853197738960189e+00,-1.036028400100927060e-01,1.272108240009538482e-01,6.340360414150657542e-01,-5.944414849099951548e-01,-2.356167838327102304e-01,5.315585026188467815e-02,1.093887475061852549e-01,4.679992574559512231e-01,-1.054564324286354937e+00,1.065216026557120749e-01,1.505724765624056605e-01,7.499739107320828602e-01,7.081493510420575066e-02,4.635683538906747170e-04,3.242285950663644639e-02,-3.498710257443929383e-01,-3.154666125972765967e-01,-3.621182631214145409e-01,3.781987734412155522e-01,-1.145814248058367457e-02,1.329293257651007476e-01,-4.498875326724606494e-02
-6.353060090305957530e-01,-4.453175520179440405e-01,-3.032554758493515301e-01,5.532763045005143487e-01,6.005108062624497922e-01,-7.081998383803018993e-02,9.533370274562452673e-01,-1.416180405986285917e+00,-2.231016925547944785e-01,6.487900008357143367e-02,6.103351888338889308e-01,-4.106665860476435004e-01,2.355804380889921501e-01,-1.240429036993099698e+00,-1.414786594466344027e-01,1.085891120179496711e-01,6.118185246445406733e-01,-5.849906870370442658e-01,-2.356130908270167579e-01,3.499957960858291611e-02,9.739677828436026086e-02,4.679981325888702970e-01,-1.068494756894479591e+00,1.060329202583760316e-01,1.385783592648044127e-01,7.511738779874694849e-01,7.220615589106336996e-02,-7.272829059376602779e-04,3.219525425657845941e-02,-3.326165636509993417e-01,-3.115247313582581445e-01,-3.662571990285093393e-01,3.669594548410392565e-01,-1.193869354356751761e-02,1.342375403569514847e-01,-4.497652631771779930e-02
-6.440370729855887655e-01,-4.596414239321576778e-01,-2.974909958038393087e-01,5.342706406320807400e-01,5.959944080230737962e-01,-7.141188616702695557e-02,9.576710645224292273e-01,-1.470623357937760112e+00,-2.264433325461716329e-01,1.111036313593460195e-01,6.889355843386819611e-01,-4.630473909675068001e-01,2.356055060344842966e-01,-1.250366877317245828e+00,-1.910380975598492959e-01,8.886352558793907119e-02,5.858847803741263904e-01,-5.630205786920449151e-01,-2.356167039748419956e-01,7.065751642222001597e-03,9.035039955441855064e-02,4.679991494576482003e-01,-1.093903917404357440e+00,1.025054637727038781e-01,1.296334884090335482e-01,7.561423884056145406e-01,7.355956800571096521e-02,-1.419434268019664856e-03,3.271506768053924347e-02,-3.277983178801524011e-01,-3.142038719433628002e-01,-3.702748166876351776e-01,3.568729604287861346e-01,-1.229428886400408052e-02,1.346577613294041853e-01,-4.498158625285248596e-02
-6.524273922962081640e-01,-4.721534861369846015e-01,-2.911334195505008160e-01,5.163825281040151927e-01,5.921301129296374643e-01,-7.182365709676541421e-02,9.625059350210687370e-01,-1.540573692996162203e+00,-2.064131686714083536e-01,1.842594979165489422e-01,8.281434893056331958e-01,-5.253777666698051796e-01,2.356094042886206774e-01,-1.255383088943217818e+00,-2.423069831668560326e-01,6.871369683483453950e-02,5.614594778132936392e-01,-5.373819772048925580e-01,-2.356158337005229420e-01,-2.398537864996082292e-02,8.857592985506129724e-02,4.679989921383639340e-01,-1.121827249897935586e+00,9.967513846290848578e-02,1.259056140618975694e-01,7.678616210354645144e-01,7.495407177623816808e-02,-1.460017586752056966e-03,3.406425710890882003e-02,-3.287909229642961284e-01,-3.198805587579540699e-01,-3.735028335606550010e-01,3.451733058270862742e-01,-1.239761417200528973e-02,1.321953496177643295e-01,-4.497301185437197618e-02
-6.626048000665021309e-01,-4.846017533075036021e-01,-2.745864227348221998e-01,5.007178008317837437e-01,5.868478627820929994e-01,-7.075379513297792855e-02,9.618248064173700040e-01,-1.602473237121432081e+00,-1.765674218150130870e-01,2.689123103556173011e-01,9.994509267089164428e-01,-5.674979916907569866e-01,2.356197046890783353e-01,-1.254279410138693818e+00,-3.054903924664866266e-01,5.902380118006081422e-02,5.471605306525565426e-01,-5.225920883989072507e-01,-2.356198661630306279e-01,-5.777347408449495098e-02,6.827383896445207712e-02,4.660493514921829616e-01,-1.148606238661401768e+00,9.392356186029471310e-02,1.229719634663025002e-01,7.913054308463488562e-01,7.614929467991701784e-02,-3.167386111839861815e-04,3.509560880625321733e-02,-3.071956392695044391e-01,-3.221460881257987019e-01,-3.732468678894637626e-01,3.296599775251824460e-01,-1.240344171286645973e-02,1.305691690701725471e-01,-4.499954312226580461e-02
-6.653957366230861536e-01,-4.986256344473261048e-01,-2.656784291120957153e-01,4.878892934471418807e-01,5.832977312199588704e-01,-7.134496835473595755e-02,9.671622925417610039e-01,-1.684701256488784216e+00,-1.314645696919976292e-01,3.377994360020142861e-01,1.210376959952331521e+00,-6.276986168634158814e-01,2.356171122526549699e-01,-1.275302129061546719e+00,-3.569631082986556292e-01,5.444696199402040276e-02,5.422155460719580988e-01,-5.105227037016493163e-01,-2.356190659390824116e-01,-9.408560103465531121e-02,5.535311981665218956e-02,4.679988209850852732e-01,-1.180644985732956620e+00,9.260219888002506339e-02,1.398160421162545353e-01,8.155405736137827377e-01,7.712621326156807178e-02,1.313025252874495214e-03,3.893787503881167983e-02,-3.220104907079079926e-01,-3.283826430885520842e-01,-3.681549075606730392e-01,3.196572947504193740e-01,-1.190870805152900898e-02,1.268783550218899603e-01,-4.499446981791044298e-02
-6.713075903384653209e-01,-5.179622193303988764e-01,-2.527986849871548536e-01,4.659979435244927526e-01,5.786149470335070211e-01,-6.997575322613314164e-02,9.744616040141734770e-01,-1.795703637113900575e+00,-9.104989151781461842e-02,3.883247489327243951e-01,1.444276880355245263e+00,-6.850730380869889391e-01,2.356072120599732589e-01,-1.297172686511273154e+00,-4.243604186584835070e-01,5.845743738413027024e-02,5.232121791813697520e-01,-4.842905163201499108e-01,-2.356193081725447003e-01,-1.360190822563066004e-01,4.472549590390338670e-02,4.679991819976552225e-01,-1.224623860262531894e+00,8.362999476726948322e-02,1.537423381664273503e-01,8.449324555056844099e-01,7.785822369149075772e-02,4.281747494135243817e-03,4.116822380266107334e-02,-3.258038603242481290e-01,-3.398303648175965974e-01,-3.709349114389881019e-01,3.023755920592180457e-01,-1.160519691291536128e-02,1.189510087567028085e-01,-4.499508994380033849e-02
-6.703831668962704216e-01,-5.331965799773776826e-01,-2.465136505700971370e-01,4.533418541511021194e-01,5.769939328828908032e-01,-6.897365341722121179e-02,9.809802376173629712e-01,-1.885365610767415490e+00,-4.141486739350423718e-02,4.272045993681182763e-01,1.655910687873696885e+00,-7.122298517314922250e-01,2.306297586428238122e-01,-1.318767314917581368e+00,-4.719030923881699091e-01,4.842010725004434329e-02,4.958274389430981643e-01,-4.637110624553720251e-01,-2.356160683721511273e-01,-1.638356999099455091e-01,3.859086658331265657e-02,4.588421933798259023e-01,-1.256837177354856783e+00,8.111735886249679672e-02,1.729856553332149993e-01,8.843048246780919053e-01,7.853983264332221881e-02,1.044098373100675776e-02,4.336419842078795966e-02,-3.371559574817040716e-01,-3.565105238449259306e-01,-3.692329512315373208e-01,2.939341894419583712e-01,-1.093967165210016530e-02,1.153370813440673798e-01,-4.497193952760653035e-02
-6.742844566394882166e-01,-5.496844977399234500e-01,-2.419841017912602865e-01,4.296872338795687529e-01,5.752945387127870180e-01,-6.829439485426812284e-02,9.889859429872701613e-01,-2.002741906714560205e+00,6.662229143109063209e-03,4.698758047621407474e-01,1.852005956445568646e+00,-7.167354541653753186e-01,2.162023427614604976e-01,-1.353481196680857979e+00,-5.286456464877443695e-01,3.972750281738111205e-02,4.812906410646446975e-01,-4.265797658309416485e-01,-2.356160547559650598e-01,-2.130140982033865427e-01,4.411180124246411732e-02,4.464846527110192254e-01,-1.299944096326636434e+00,7.860215465242413602e-02,2.029228041218496259e-01,9.304660660693704344e-01,7.904763883694086724e-02,1.842395691406614050e-02,4.495632424518436476e-02,-3.561137681839659508e-01,-3.764675673077955698e-01,-3.646859614117661796e-01,2.891267147525782288e-01,-1.019003645299038432e-02,1.121526093945823671e-01,-4.493884981844850635e-02
-6.823439246648564938e-01,-5.619517497821788776e-01,-2.365218524521717214e-01,4.033291617305909127e-01,5.731540190218588071e-01,-6.520847648356903337e-02,9.976354995986699281e-01,-2.138010578191380961e+00,4.435742861420744615e-02,5.031296584158289065e-01,2.003495131928573869e+00,-6.975551623197302487e-01,1.939544590343465491e-01,-1.392389762197951741e+00,-5.823807634200087735e-01,2.637346979897814414e-02,4.787318046092711166e-01,-3.761824364146847399e-01,-2.356169086177167249e-01,-2.587919926320007002e-01,6.076948963806912130e-02,4.377278929953237196e-01,-1.347657159419115791e+00,7.411724349904708076e-02,2.310888425815191272e-01,9.777006987262053528e-01,7.930918302627755490e-02,2.576966232643477378e-02,4.497765258484735101e-02,-3.704797154269195425e-01,-4.050779262210326692e-01,-3.626843670325915481e-01,2.839826506229583547e-01,-9.599804596715336841e-03,1.104853569667071794e-01,-4.494846485903489230e-02
-6.818588712094100224e-01,-5.668059750577943978e-01,-2.475501124577998702e-01,3.905360523868991462e-01,5.764784954472892409e-01,-6.386304505626680394e-02,1.001557881458517985e+00,-2.277616745541446441e+00,9.848490307966296931e-02,5.188455207668120073e-01,2.101796843871311271e+00,-6.699923126363194203e-01,1.687753405741231894e-01,-1.431891592655369694e+00,-5.915518961495936923e-01,3.984035548436814546e-03,4.840671254240870303e-01,-3.370335874133722487e-01,-2.356141885950845949e-01,-3.026082137260294735e-01,8.263323180490625419e-02,4.341202262931347367e-01,-1.383378698874510038e+00,1.039864885209344503e-01,2.743639681891280047e-01,1.017709680166910990e+00,7.966425705674184954e-02,3.057393595025465968e-02,4.497775713641337381e-02,-4.065073714232972368e-01,-4.176032038589407303e-01,-3.446218434194819880e-01,2.702959253483427915e-01,-8.672151609860024798e-03,1.039221690945986015e-01,-4.440410862903298311e-02
-6.825982996824063731e-01,-5.701172505502068999e-01,-2.317312339380557806e-01,3.941148526931031459e-01,5.746135514952546153e-01,-6.390565800947219099e-02,1.009276607669031600e+00,-2.277629661231494573e+00,1.537185803103099380e-01,5.728718277436509743e-01,2.090887516344999142e+00,-6.139382729808409156e-01,1.354450931520628787e-01,-1.433944952889242730e+00,-6.140818069423366055e-01,5.503095585241036571e-03,4.979904772369198040e-01,-3.014156989710433665e-01,-2.356135875582697214e-01,-3.303630381340838529e-01,6.634532662187163365e-02,4.679982186869541261e-01,-1.425277501108827671e+00,1.297362121844442273e-01,3.115268538877902227e-01,1.068187566026860935e+00,8.019739977946041543e-02,3.967391407937551767e-02,4.497309247007637983e-02,-4.535356851642783904e-01,-4.267072941855518109e-01,-3.331709759208162924e-01,2.747664026819892080e-01,-7.640504030521527365e-03,1.016955671243496007e-01,-4.171927896108003353e-02
-6.770104608442519822e-01,-5.764572424699476727e-01,-2.187497916730618275e-01,4.018736270948737310e-01,5.735487463962455346e-01,-6.165168446962501769e-02,1.012373661694366156e+00,-2.277629967263000488e+00,1.758301629122644982e-01,6.416976025368860137e-01,2.008944487342783969e+00,-6.030652855220535180e-01,1.001300632490371295e-01,-1.452916411107107564e+00,-6.250323600418841163e-01,8.028020372562815962e-03,4.990271407553915628e-01,-2.738474106790663165e-01,-2.356191995935956462e-01,-3.365217872595995807e-01,4.155601847407149052e-02,4.679999178478760902e-01,-1.442745886398959287e+00,1.431574581579548033e-01,3.426697549983691582e-01,1.120267349532448664e+00,8.093638629922689232e-02,5.010609676171901006e-02,4.499624816622473794e-02,-4.781881213796260188e-01,-4.191043462191267888e-01,-3.340091009495683716e-01,2.829947307337383755e-01,-7.406476260589594553e-03,1.023394293966935070e-01,-4.376103451618457846e-02
-6.678346119926785729e-01,-5.835912930219894212e-01,-2.077812981720907892e-01,4.126076415475502523e-01,5.734908133337668357e-01,-6.158309669878116177e-02,1.013510073496643127e+00,-2.277629874008439081e+00,1.805511348964850271e-01,7.010143305445885042e-01,1.916201588958086788e+00,-5.462680154782524333e-01,5.830510642815042721e-02,-1.472463946185278649e+00,-6.295652970955373240e-01,1.093836881895609084e-02,4.896423354816681339e-01,-2.501945084827312815e-01,-2.356167467984399133e-01,-3.290760839981468067e-01,1.723373244960065692e-02,4.679996985534636278e-01,-1.454676611509172046e+00,1.514656059982918690e-01,3.684107966417721203e-01,1.167054493938277204e+00,8.172763781696945617e-02,6.030847882109636321e-02,4.497935218936238017e-02,-4.775580657854286426e-01,-4.252931292626135895e-01,-3.330685637825937517e-01,2.788371461201399337e-01,-7.226505508241708522e-03,9.868402618509930502e-02,-4.483675436182719964e-02
-6.533261788543418547e-01,-5.854720820129132308e-01,-2.137880689204868234e-01,4.297464447721447978e-01,5.770573045030747972e-01,-6.126999447465841797e-02,1.017595483813650281e+00,-2.277629728831849665e+00,1.673579337356197183e-01,7.270534359600292484e-01,1.819520384427840698e+00,-4.731646207875070398e-01,1.766541830622335441e-02,-1.492173762346990618e+00,-5.993090316997675693e-01,1.094131135280410061e-02,4.848822075228021444e-01,-2.113097071609038868e-01,-2.356128372007039729e-01,-3.079560960214217658e-01,1.451464200469454804e-02,4.679992721076359774e-01,-1.468890256460234855e+00,1.698446295732220224e-01,3.949870829647918469e-01,1.209537371600109656e+00,8.286749564430807846e-02,7.105181709532713830e-02,4.496362620214885975e-02,-5.082410096494108798e-01,-4.345873388792826364e-01,-3.265690475320980335e-01,2.789278598177377111e-01,-6.579017613077835398e-03,9.701815992934521848e-02,-4.211763445024650082e-02
-6.385423935279282981e-01,-5.858227568208300706e-01,-2.179258364632317979e-01,4.489806666887424247e-01,5.821867885625381378e-01,-6.170286340162115662e-02,1.019290369800027962e+00,-2.277629737263420662e+00,1.582388635637826113e-01,7.255223687883222139e-01,1.823844926814183198e+00,-4.422333838649160631e-01,-8.075809720627276367e-03,-1.506488414009907073e+00,-5.680852056174532372e-01,1.589390459465857969e-02,4.878084337948079274e-01,-1.657078716606646407e-01,-2.356133371311172342e-01,-2.926266592720241366e-01,1.359420542140926842e-02,4.679992095204240643e-01,-1.466433874745550758e+00,1.948369687659141369e-01,4.228462988093354968e-01,1.244196481549505462e+00,8.472476892834222839e-02,8.118278229853805039e-02,4.497552437590186108e-02,-5.364257417497048097e-01,-4.393897458925170030e-01,-3.138205598922695350e-01,2.797972582994344704e-01,-5.899781712258529709e-03,9.499801357899329002e-02,-3.970821544455870739e-02
-6.333255139216988905e-01,-5.828140882686797530e-01,-2.125314697298068267e-01,4.626628430140588555e-01,5.860454549034594951e-01,-6.319834190091583315e-02,1.016475888200080169e+00,-2.277629779486726402e+00,1.663920425141556247e-01,7.225781566576680026e-01,1.835312365372900434e+00,-4.302025478188972185e-01,-3.232695249208199229e-02,-1.502149605263079168e+00,-5.586457388901853172e-01,3.603445414842529337e-02,5.001673747373605039e-01,-1.390974134440491061e-01,-2.356148801862474884e-01,-2.917642892537348209e-01,1.985328685616034872e-02,4.679994501048163613e-01,-1.442320803555281916e+00,2.109234302068335731e-01,4.478218176740495493e-01,1.259993573144629453e+00,8.692878345642916782e-02,9.847910885353568233e-02,4.496842987645605083e-02,-5.381611140525380810e-01,-4.390705407914313185e-01,-3.031763972405809859e-01,2.811450328213999095e-01,-5.305568171413512814e-03,9.328113838248429379e-02,-3.737899914280895519e-02
-6.292744799666949440e-01,-5.770263618318566268e-01,-2.038696160419527226e-01,4.790525923827610444e-01,5.901908839123386485e-01,-6.400186720427447629e-02,1.012813964760380880e+00,-2.277629928808105220e+00,1.557387441220417224e-01,6.942189657734673114e-01,1.866585877188682741e+00,-4.469538882205219554e-01,-5.605813050141388726e-02,-1.490636461565866488e+00,-5.476724111249517968e-01,6.571724054675207038e-02,5.227044305292203319e-01,-1.235372709235193212e-01,-2.356187103540674510e-01,-2.896813722937144897e-01,2.866837864396148960e-02,4.679997710039470737e-01,-1.406479689583217896e+00,2.234722825519565859e-01,4.714589378976057898e-01,1.259999316928724244e+00,8.915336898101634822e-02,1.196529339054254876e-01,4.499329159077669615e-02,-5.396103656723802988e-01,-4.348930141572661112e-01,-2.921917440428380974e-01,2.870972663242449263e-01,-4.623840217213508186e-03,9.513815061197719580e-02,-3.361412590836125591e-02
-6.238091588646303975e-01,-5.684323048310263582e-01,-1.992215642947888776e-01,4.980538288789944090e-01,5.957047491732673228e-01,-6.775740715557528049e-02,1.012836300170393500e+00,-2.277629562672415897e+00,1.332755152296571655e-01,6.573084445744706850e-01,1.897333290145217122e+00,-4.699437893606650540e-01,-7.599836430696596534e-02,-1.473451610788670152e+00,-5.221236356708135462e-01,9.304810757693440793e-02,5.500570988113129278e-01,-1.072142900982935021e-01,-2.356154074123743281e-01,-2.587553663080115474e-01,6.271842512734913944e-02,4.679954421420349231e-01,-1.374644876505248137e+00,2.154009545938515013e-01,4.892815105186579805e-01,1.259998491606011850e+00,9.026923812274231795e-02,1.492800673115126930e-01,4.496650168212267679e-02,-5.306946159694544418e-01,-4.541110003614773349e-01,-2.952926919074311263e-01,2.911789386955207504e-01,-4.585119405067211024e-03,9.579723482100219178e-02,-3.300446513170062629e-02
-6.164519276063474829e-01,-5.653476077896097962e-01,-1.951673402755028930e-01,5.121316360143846058e-01,5.977255803079210006e-01,-7.480006101420856590e-02,1.014338725380484085e+00,-2.277629701371612470e+00,1.184169306875880873e-01,6.303854454790149831e-01,1.920558393031696287e+00,-4.781678064023557329e-01,-9.069697390125215641e-02,-1.453265059240780532e+00,-4.987975341080765346e-01,1.143951333837140011e-01,5.574287237139516904e-01,-8.729430965449488933e-02,-2.356165261480837603e-01,-2.423833325241347980e-01,7.894633495045548510e-02,4.679994004583453160e-01,-1.361167773524791125e+00,2.254532787164075236e-01,5.048272860530533812e-01,1.259998263327899881e+00,8.994742900450651557e-02,1.633047456627558791e-01,4.497108582106189995e-02,-5.357245156675577435e-01,-4.656546442229993477e-01,-2.895034618218390587e-01,3.109242859289215177e-01,-4.140221337877292469e-03,1.020510073919314031e-01,-2.966950686627152153e-02
-6.091625140484380196e-01,-5.631281651369743901e-01,-1.906547701810907824e-01,5.248413662382628297e-01,6.012562190662174011e-01,-7.905009574017286822e-02,1.015611155320827796e+00,-2.277629872323636562e+00,1.133588854065660234e-01,6.114332214700248791e-01,1.941005076379884065e+00,-4.757710508248457204e-01,-1.034607527426715662e-01,-1.440203104635427334e+00,-4.812955370521004861e-01,1.335675648426798423e-01,5.606942318747515364e-01,-6.860750407797162886e-02,-2.356185486230437942e-01,-2.275078736239264654e-01,9.195295935536207388e-02,4.679997359716361882e-01,-1.371710672049132551e+00,2.303798819969999079e-01,5.159243335266719965e-01,1.259998853265544616e+00,8.801568531412616581e-02,1.690838305296908650e-01,4.497863142682229781e-02,-5.383004207173271993e-01,-4.793678409574810284e-01,-2.860540101973153559e-01,3.220320945715792194e-01,-4.040147190970734895e-03,1.052861187163694479e-01,-2.753496838929795840e-02
-5.957567307287391367e-01,-5.634926019496876437e-01,-1.893099767190336569e-01,5.401034512517157715e-01,6.047647309497345969e-01,-8.451591285776409446e-02,1.017458950751203739e+00,-2.277629869316867506e+00,9.559839248603983763e-02,5.809438635413478602e-01,1.948636997074038923e+00,-4.873958203188973881e-01,-1.139853503685499259e-01,-1.437459054520908719e+00,-4.592988674554880357e-01,1.450097192092724419e-01,5.532490293553328220e-01,-5.133689244269945551e-02,-2.356188259498901705e-01,-2.084933495220706590e-01,9.578623690417846503e-02,4.679997078811932165e-01,-1.398312919984628033e+00,2.356460168495262408e-01,5.226785732712557753e-01,1.259998477182263876e+00,8.423486710934716126e-02,1.704836445038640791e-01,4.406302520955727997e-02,-5.494445379773293947e-01,-4.917184423342549349e-01,-2.810526624059952461e-01,3.327231673829897374e-01,-3.927799776378111153e-03,1.080806446296542905e-01,-2.517649898910873790e-02
-5.694890836532763290e-01,-5.708227055559836893e-01,-1.987786065221542053e-01,5.570733237291201068e-01,6.088975860686457464e-01,-9.348585727552942426e-02,1.017504005486831620e+00,-2.277624340230644417e+00,6.867562046431868739e-02,5.386671798653964727e-01,1.943280225689750784e+00,-5.421567379358867012e-01,-1.216260734597107707e-01,-1.450494443748777007e+00,-4.195601203898799980e-01,1.439436946863642264e-01,5.241955337001821258e-01,-2.929430764435442258e-02,-2.356168154365352319e-01,-1.656065059024393327e-01,9.553906703676043333e-02,4.492002277496800478e-01,-1.423778696629853124e+00,2.326123381831889103e-01,5.235587919924676870e-01,1.259942868405901972e+00,7.740795105852130154e-02,1.687909975466321266e-01,3.674162492755816967e-02,-5.412751103393715901e-01,-5.035402040293778247e-01,-2.754610648566512277e-01,3.227799836092712371e-01,-3.950392399626721958e-03,1.045775404669636588e-01,-2.423613145836349056e-02
-5.484229803682793003e-01,-5.707448116280076089e-01,-1.960984136940261691e-01,5.788160387812093521e-01,6.134930873618531511e-01,-9.943799864990769677e-02,1.015114989563780101e+00,-2.249460838751799141e+00,5.259748416232588181e-02,5.097156480064202189e-01,1.941122803317725465e+00,-6.048470713801450405e-01,-1.235367477177651413e-01,-1.437214360211266140e+00,-3.919338577795811740e-01,1.481999992596221560e-01,5.036824731484730311e-01,-1.942437775837026551e-02,-2.356135430838265932e-01,-1.085700143537092904e-01,9.357694459793622355e-02,4.197712789503784681e-01,-1.424793490080345171e+00,2.010893109232435583e-01,5.168626367716890879e-01,1.259988836813120905e+00,6.695738397519750140e-02,1.731066082554000574e-01,2.285323381685523680e-02,-5.146406567684926880e-01,-5.219639456655622567e-01,-2.766376641613450538e-01,3.351243431085573765e-01,-3.866401947619809223e-03,1.081893770201633881e-01,-2.315145807109706896e-02
-5.282150485760880310e-01,-5.681100058828324473e-01,-1.948525888925538851e-01,6.002269173199736851e-01,6.172375828958659438e-01,-1.058926686144942841e-01,1.012861149487337853e+00,-2.221967249534202882e+00,3.633761692527732318e-02,4.806782116823519191e-01,1.955955599009737034e+00,-6.769257491044952113e-01,-1.214095783940172951e-01,-1.407212358650375528e+00,-3.624654713477590273e-01,1.539157961070722891e-01,4.727925948428636227e-01,-2.316002633008404712e-02,-2.356110810596978855e-01,-4.799954116331945492e-02,9.572039905384412128e-02,3.995458651784818405e-01,-1.429728023646515744e+00,1.665422201369248512e-01,5.062810562349671084e-01,1.259985471453502148e+00,5.328544096118119355e-02,1.796999209558634569e-01,4.423187597173514930e-03,-4.851710368114764971e-01,-5.362181602387291468e-01,-2.847213343926818241e-01,3.460814943621145501e-01,-4.172865793542083167e-03,1.102804182655975906e-01,-2.400033802837423652e-02
-5.123258714062116637e-01,-5.624456921792314601e-01,-1.925770351272866887e-01,6.197508615391146281e-01,6.216078632851722574e-01,-1.121264113381923444e-01,1.010232112945469662e+00,-2.210326950982550720e+00,1.646631948932462952e-02,4.512151420207939356e-01,1.992256452666078204e+00,-7.290676170941927658e-01,-1.138321814890447814e-01,-1.375901399220672783e+00,-3.370429158689575710e-01,1.725401673287168536e-01,4.488326302691962311e-01,-2.891610184352632826e-02,-2.356097784201647560e-01,-2.424592784857116084e-03,9.892997675150715098e-02,3.926893929717522047e-01,-1.440447963583011637e+00,1.328443178272216141e-01,4.920026228199328444e-01,1.259951556989135302e+00,3.582025124282865736e-02,1.832420369029015006e-01,-1.804449533510220707e-02,-4.624082617856076216e-01,-5.504309865070202701e-01,-2.893318241863961360e-01,3.600508352837906711e-01,-4.330828807932651445e-03,1.138467160971135400e-01,-2.364611045354498425e-02
-4.989693642087501546e-01,-5.577866783086220526e-01,-1.914590531313856980e-01,6.350173431148021796e-01,6.258502591372556711e-01,-1.189913980067407034e-01,1.007209573124990376e+00,-2.218003485122749474e+00,-6.247303089344369634e-03,4.237406945617574472e-01,2.040263498717267421e+00,-7.534763790527002625e-01,-1.004904912965010749e-01,-1.351812958517217389e+00,-3.168861944498533312e-01,1.981209634692266963e-01,4.324492058047896825e-01,-3.488512442547127973e-02,-2.356051561120347526e-01,2.976528387555564190e-02,1.049052859258307741e-01,3.992610686246542140e-01,-1.459164994977801166e+00,1.074477843464659021e-01,4.746563066757125693e-01,1.249611695764518693e+00,1.627051173102313578e-02,1.826928954539193961e-01,-4.157188985799829817e-02,-4.349769164620591599e-01,-5.622370544055003139e-01,-2.965802497910905999e-01,3.501700515970162519e-01,-4.866137339993714152e-03,1.103373910040710976e-01,-2.579646445855457437e-02
-4.807740384810099132e-01,-5.550619547452166902e-01,-1.908549526757161718e-01,6.514114961805860249e-01,6.310337179609373237e-01,-1.270942473451126542e-01,1.003857571099038948e+00,-2.215094020310537815e+00,-3.020447729963802661e-02,3.989221698493053414e-01,2.076100282419808707e+00,-7.771717970065105119e-01,-8.233609104740005624e-02,-1.334313286974589730e+00,-2.945668847738430740e-01,2.289796116430380113e-01,4.193515767444359610e-01,-4.300872636992106313e-02,-2.356097350371679500e-01,4.800719384324424188e-02,1.010011446546661279e-01,4.073962676290829310e-01,-1.457412362760927227e+00,9.857051303172935375e-02,4.609791346714610660e-01,1.237899738703824637e+00,-2.761329130281238789e-03,1.829027694178918806e-01,-4.499719272755561827e-02,-4.305321446145022324e-01,-5.692458385334245863e-01,-2.922287694307698636e-01,3.442123253998119470e-01,-4.723494426165765828e-03,1.080414352150821794e-01,-2.561481630791078226e-02
-4.566910241646315871e-01,-5.491251920018757060e-01,-1.886368337267127770e-01,6.740259467690568052e-01,6.349257802085056523e-01,-1.341511787377882292e-01,9.997372606889363134e-01,-2.205218049740988562e+00,-3.011592222156471779e-02,3.769544910344257427e-01,2.119598097516659063e+00,-7.854017444916009394e-01,-5.848804014057910894e-02,-1.316889018554922686e+00,-2.640591090556129172e-01,2.538461184191441178e-01,4.252650943409056472e-01,-6.858393442099544601e-02,-2.356157573316123022e-01,7.739451405858001343e-02,8.429132414895493253e-02,4.243491424008719037e-01,-1.428149832334147495e+00,9.509925987545403414e-02,4.458829435586911805e-01,1.217859728770839922e+00,-2.162890322556353107e-02,1.772895338443406243e-01,-4.499899129551455240e-02,-4.330134231333855332e-01,-5.670513827812624363e-01,-2.828085334739793844e-01,3.440201772566149896e-01,-4.211676297250174263e-03,1.086278013042905888e-01,-2.320145266653830113e-02
-4.312774972968876352e-01,-5.456556752123997711e-01,-1.911984736293203258e-01,6.926057667357752301e-01,6.387556396929815472e-01,-1.429519556225355703e-01,9.954951194176258067e-01,-2.206417465266773625e+00,-2.607030386276426581e-02,3.557359400174772701e-01,2.175755064886940815e+00,-7.854029598969769488e-01,-3.576026875302515395e-02,-1.323081917843245137e+00,-2.391444959490329480e-01,2.482857254759955334e-01,4.557210863213229102e-01,-9.523109231843784883e-02,-2.356198238502662523e-01,9.572746535924628319e-02,6.935318887555616540e-02,4.453510619156897388e-01,-1.404425232053652772e+00,1.081265678923312157e-01,4.303641847179268676e-01,1.188094780522284122e+00,-3.764882123936141162e-02,1.698248103909278106e-01,-4.499981277276326325e-02,-4.422837495340599667e-01,-5.603724299571625211e-01,-2.736373126722294047e-01,3.263605879636747309e-01,-4.018220143310168718e-03,1.030707541889070433e-01,-2.252575629505739613e-02
-4.018244194744164943e-01,-5.427756861744001959e-01,-1.973111605471425112e-01,7.106335175992596342e-01,6.446966195353567297e-01,-1.510952336023522191e-01,9.929043593597464135e-01,-2.205356083931468092e+00,-1.516023707063156312e-02,3.330804838835150217e-01,2.194671761476399752e+00,-7.854025636167095703e-01,-1.082262193963799690e-02,-1.354929392518838149e+00,-2.208853099717564827e-01,2.076269346408361194e-01,5.096541829925199663e-01,-1.324253263136914716e-01,-2.356174322236670726e-01,1.214375019197526107e-01,5.545349619330825625e-02,4.502373087031100729e-01,-1.373169635909223585e+00,1.155570829104443087e-01,4.047244864849401935e-01,1.150070961126191227e+00,-5.322943321054739857e-02,1.633173893897438278e-01,-4.499567693432302007e-02,-4.698456658881661752e-01,-5.558464316229533297e-01,-2.596955702773283137e-01,3.273046230561966752e-01,-3.361301470005406689e-03,1.030810922395463403e-01,-2.042923936268039448e-02
-3.765282274983192679e-01,-5.432837020034726461e-01,-2.058092230078494844e-01,7.216036839978584583e-01,6.501879811633213269e-01,-1.598837152734429168e-01,9.938966739984096410e-01,-2.205504479331514833e+00,-1.059603067392233047e-02,3.107416242896424152e-01,2.212666657474118725e+00,-7.854026240022244920e-01,1.452309372631212410e-02,-1.405942464811258619e+00,-2.184569793210044686e-01,1.437214296645967504e-01,5.836530864007403174e-01,-1.641839310853181744e-01,-2.356181157412890748e-01,1.414816269664265214e-01,4.944286199770431267e-02,4.505693140339364078e-01,-1.337520082374993757e+00,1.311972930435099383e-01,3.699959213224967014e-01,1.104100686431472411e+00,-6.762135453872626656e-02,1.571369877524888548e-01,-4.499691349630346310e-02,-5.044570447614049602e-01,-5.591272674178765500e-01,-2.457813484266883342e-01,3.407904677237611479e-01,-2.616037389508441436e-03,1.069790034412850949e-01,-1.707483326643554136e-02
-3.606131063617001864e-01,-5.413549247168987222e-01,-2.091220878775548464e-01,7.301787352194381020e-01,6.545147011209229149e-01,-1.674665129481391623e-01,9.931159695626577966e-01,-2.206257720449718462e+00,-1.409507037837047332e-02,3.012647425038140203e-01,2.234609023775165237e+00,-7.854014716876619451e-01,3.994696826661875422e-02,-1.457461835154818308e+00,-2.423820859943937034e-01,7.880169135673049940e-02,6.897108487935539323e-01,-1.943668245087469548e-01,-2.356130458124792992e-01,1.606804297526257252e-01,4.937846291829749851e-02,4.493842038807295824e-01,-1.296307791935506382e+00,1.307252976244260012e-01,3.158606864112312174e-01,1.053154678717744819e+00,-8.203876065514741078e-02,1.515527518701388354e-01,-4.498848533697176466e-02,-5.138254797972008348e-01,-5.633444186698449707e-01,-2.437590511859039077e-01,3.500808071157038848e-01,-2.509823297703982128e-03,1.099072257566455907e-01,-1.604329903774705593e-02
-3.359496869517940576e-01,-5.427588264757864378e-01,-2.227895856508135264e-01,7.368279749338766393e-01,6.589496640101664138e-01,-1.764397369231139878e-01,9.949578560863315824e-01,-2.216510062635726364e+00,-6.252676936645966931e-03,2.778412072583488768e-01,2.244606780986203809e+00,-7.854017600265729149e-01,6.878188753497195551e-02,-1.525719654006394643e+00,-2.621368859791878836e-01,5.119602141737434622e-05,8.093364264462554747e-01,-2.503226304779767597e-01,-2.356145177807619784e-01,2.032580305049661862e-01,5.318878763869770016e-02,4.416737728786369610e-01,-1.255374495053898087e+00,1.305587429472746530e-01,2.462163036258064042e-01,9.945120437102982214e-01,-8.994145305024948966e-02,1.444845923063331206e-01,-4.499046952677598910e-02,-5.249948036683914632e-01,-5.726406279091014184e-01,-2.513747071276972722e-01,3.518797462455974800e-01,-2.964631322345648561e-03,1.103116762014507701e-01,-1.821600510664119280e-02
-3.114103540882616761e-01,-5.460732474602092434e-01,-2.459175161414371147e-01,7.378022601142601999e-01,6.684164803419063716e-01,-1.816196087812207982e-01,9.923970884236554824e-01,-2.253238501180974573e+00,2.219451773673827583e-03,2.457469224319524248e-01,2.239235707100136086e+00,-7.854018363955147519e-01,1.010756953865443314e-01,-1.629351468037640860e+00,-2.815660665668911489e-01,-6.515501747904274554e-02,9.768472244641016600e-01,-3.323680344233860828e-01,-2.356147355158699774e-01,2.487497783757947889e-01,6.016423740457137875e-02,3.921179001407346654e-01,-1.198191934258417968e+00,1.381634393162589347e-01,1.708901442723552988e-01,9.357187311007802988e-01,-8.997323213963988320e-02,1.360624551463763821e-01,-4.498543143404428596e-02,-5.311516239919285010e-01,-5.750684493340707526e-01,-2.544564785365236448e-01,3.664087016412818087e-01,-3.181055370345093909e-03,1.141662676597695047e-01,-1.982104107782433830e-02
-2.933689587652225095e-01,-5.494695925595446395e-01,-2.686413100152046374e-01,7.347446273629850699e-01,6.740685179960624884e-01,-1.897489086530664282e-01,9.926020982695890060e-01,-2.277627260851143198e+00,7.083554282102223244e-03,2.239745172191146549e-01,2.237757946834005196e+00,-7.854019203872100174e-01,1.353779178469475541e-01,-1.734411192659059520e+00,-3.130526888173312261e-01,-9.895476463094857178e-02,1.184241457481063797e+00,-3.992722248571815014e-01,-2.356147376222507972e-01,2.872167241327117093e-01,6.854558061869965579e-02,3.546054307237908598e-01,-1.156691362711948612e+00,1.486965306664176367e-01,8.703568850672277479e-02,8.781366759094834107e-01,-8.996355469444623776e-02,1.231062304959351095e-01,-4.498459199535370656e-02,-5.388258496275361020e-01,-5.745020608552143804e-01,-2.609742961426378405e-01,3.927499607397160752e-01,-3.462341214451600431e-03,1.219633295942160744e-01,-2.025668381424329187e-02
-2.791648612638656379e-01,-5.457714905088564272e-01,-2.865492252402516149e-01,7.362676156788912074e-01,6.784861856273249892e-01,-1.982754989256940714e-01,9.946151184201608153e-01,-2.277629886541384430e+00,1.188906511428546725e-02,2.072374697123790521e-01,2.236296686649788423e+00,-7.854028873357170593e-01,1.729826665693380561e-01,-1.825369267299040921e+00,-3.411333024121161461e-01,-9.511994142599838886e-02,1.411339690554090920e+00,-4.722232678512977566e-01,-2.356194212798828902e-01,3.216499051153932087e-01,7.389118556278152783e-02,3.511470410458401581e-01,-1.131433614263594345e+00,1.645617016008922295e-01,7.637301282770752979e-03,8.266302429314834610e-01,-8.999893701474087626e-02,1.058440693968034779e-01,-4.499939658217420174e-02,-5.565653520723201630e-01,-5.796135377996903815e-01,-2.661710541548678588e-01,4.332345229766181305e-01,-3.826556904208825056e-03,1.335572150489620635e-01,-2.076682868784945901e-02
-2.700737556710348652e-01,-5.412127345309912796e-01,-3.001727468816284827e-01,7.375942411033092894e-01,6.835570675538413798e-01,-2.036354427789771326e-01,9.962195983216355355e-01,-2.277629900658589612e+00,1.066127607603119948e-02,1.947307116306456198e-01,2.230218949071598455e+00,-7.854028579174808788e-01,2.140724897888701683e-01,-1.908774614590771135e+00,-3.740172919286595676e-01,-7.634943723492514100e-02,1.629687882729956572e+00,-5.783253042724318949e-01,-2.356193086288030092e-01,3.459671350361654407e-01,7.112905432223970426e-02,3.515982340423415842e-01,-1.118696767804043368e+00,1.823520062400667274e-01,-5.873758336999187341e-02,7.909330667029512707e-01,-8.997919129643050518e-02,9.011090480467441599e-02,-4.498119736125419377e-02,-5.814673035375976795e-01,-5.775125570920474072e-01,-2.778021259802908594e-01,4.794213356820189453e-01,-4.849239890093220463e-03,1.457744464727431521e-01,-2.140225600575404105e-02
-2.591968705902311654e-01,-5.350594525565187665e-01,-3.092040559933800226e-01,7.422406727358668022e-01,6.868027986352919223e-01,-2.078899759278444725e-01,1.000394794022926970e+00,-2.277629598868544214e+00,2.342409126027020574e-02,1.809112753010465591e-01,2.227391524684402047e+00,-7.854023045843582240e-01,2.356135237341424604e-01,-1.998707597849874285e+00,-3.777358531886180204e-01,-3.914633018148541005e-02,1.836917832919471083e+00,-6.485932619731888948e-01,-2.356160535383047261e-01,3.722008063290073165e-01,6.134733075535032942e-02,3.722033526363136002e-01,-1.129653538105278132e+00,2.007858618546181362e-01,-1.128122273982540835e-01,7.681668439691332617e-01,-8.961153462782107948e-02,7.471913394558103716e-02,-4.270610064994894567e-02,-6.150323996396565018e-01,-5.788736790218809158e-01,-2.846033315272964437e-01,5.128326912285238182e-01,-5.753675221600089602e-03,1.525298142062951057e-01,-2.023831329556077113e-02
-2.443501256357161477e-01,-5.320236593387230872e-01,-3.136009568300376915e-01,7.475949985660209629e-01,6.920785411375192098e-01,-2.097586430780427058e-01,1.007268828057909849e+00,-2.277629406868165507e+00,3.882663869807384538e-02,1.682227219169257770e-01,2.213331165943126067e+00,-7.854019078994624037e-01,2.356151416778191066e-01,-2.114108743874673291e+00,-3.742913553908492896e-01,-1.198866174055587645e-02,2.003244109181603783e+00,-6.808953154054352419e-01,-2.356134022745055290e-01,3.812891729674695585e-01,3.081206889075792030e-02,3.782901559090424692e-01,-1.139926149789613374e+00,2.258949425677144740e-01,-1.484711906963569195e-01,7.664877789076723902e-01,-8.852375821134833567e-02,6.316884994613689019e-02,-3.790221942964017154e-02,-6.577842127372851566e-01,-5.720439934072414356e-01,-2.798172969338538207e-01,5.435080529766098678e-01,-6.039209078555488747e-03,1.585148532484309813e-01,-1.789793686084573468e-02
-2.281594135422027048e-01,-5.293063037186563902e-01,-3.201028746710021800e-01,7.518725081309545200e-01,6.949497666996399259e-01,-2.115186853157970670e-01,1.018423800190719541e+00,-2.277629905532026822e+00,6.442599047123157008e-02,1.531382353899676529e-01,2.202264665075861050e+00,-7.854028464842562895e-01,2.356194205957115040e-01,-2.224007567999535695e+00,-3.564664633894165102e-01,-1.549403787098112967e-02,2.111669816123888044e+00,-6.650636993706385836e-01,-2.356187539125065289e-01,3.689694414827973112e-01,-1.253067259343131588e-02,3.702495698249611555e-01,-1.141958572824450124e+00,2.689605637254087189e-01,-1.646789242993530467e-01,7.877900680851009918e-01,-8.703963642081244401e-02,5.820399444150332890e-02,-3.131260222949499433e-02,-7.016113535682868552e-01,-5.334999013430675729e-01,-2.541119855435709507e-01,5.646140514258927157e-01,-5.125552345276422270e-03,1.621105960311279293e-01,-1.343350191935135766e-02
-2.181949066071509069e-01,-5.160413457091748146e-01,-3.350370790819838240e-01,7.575239058205180953e-01,6.958592349548291534e-01,-2.121914434560367158e-01,1.026325910621026072e+00,-2.277628926557298428e+00,8.905508886986468475e-02,1.149036333996043130e-01,2.209739064914673090e+00,-7.854018926335650796e-01,2.356169270568680973e-01,-2.277629476894084792e+00,-3.323258104556612857e-01,-7.726506609761889244e-02,2.158168140044747663e+00,-6.705035704385765571e-01,-2.356052205028411062e-01,3.632745008006380560e-01,-3.052015699757695821e-02,3.675403863162902129e-01,-1.141181070528547670e+00,3.143497502571233615e-01,-1.731330295546983922e-01,8.151533941596166288e-01,-8.540626072704483873e-02,5.405482529656619600e-02,-2.522113226803627054e-02,-7.439076695629724956e-01,-4.984756516144522309e-01,-2.277731273678589852e-01,5.732013229217768346e-01,-4.111515670701094104e-03,1.628896439509270322e-01,-9.572391300149897531e-03
-2.107518471653253012e-01,-5.013385899940354662e-01,-3.467178153848203825e-01,7.642185771060353572e-01,6.900362202291134839e-01,-2.139770427714794421e-01,1.038988356564840565e+00,-2.261543835125409796e+00,1.171291460914747201e-01,6.584763586962570636e-02,2.211506842712063214e+00,-7.854013687987244641e-01,2.356170247216306524e-01,-2.277629689176785543e+00,-3.081212850531311886e-01,-1.937610618854936073e-01,2.084998276648656557e+00,-5.933014369202812555e-01,-2.230193857036323613e-01,3.794882055382721164e-01,-4.092966032016774613e-02,4.051939166308327067e-01,-1.168500029909240734e+00,3.471284279495531200e-01,-1.801037427088913179e-01,8.416323379756839307e-01,-8.393961953518190577e-02,4.954694633859140634e-02,-2.059197190696553451e-02,-8.106942589665026011e-01,-4.921847454774013753e-01,-1.808703500191314317e-01,5.838864170529890485e-01,-1.027826223479855845e-03,1.626115918851636921e-01,-1.815795657365700216e-04
-2.067711595621269938e-01,-4.833307717221089206e-01,-3.573572725211885959e-01,7.719668596876817501e-01,6.888276985998708080e-01,-2.134233233337049229e-01,1.048900620227675384e+00,-2.240458015347680298e+00,1.410232855498848026e-01,2.104051654216479439e-02,2.227298018655960554e+00,-7.854011336111700325e-01,2.356169512218526108e-01,-2.277629729615624044e+00,-2.893571154356353037e-01,-3.051274163741030110e-01,1.986869106307397770e+00,-5.645087935344078600e-01,-2.030753626266884326e-01,3.811150271389694422e-01,-5.043428959944763756e-02,4.323533439838124215e-01,-1.188587752333639003e+00,3.792614121171173913e-01,-1.797680434667523475e-01,8.737587925255088095e-01,-8.239228132811818317e-02,4.744665291466977630e-02,-1.614731427460411317e-02,-8.673038817419500557e-01,-4.816711610762946516e-01,-1.368740695748745240e-01,5.758523734386776782e-01,1.672696072029225892e-03,1.575663580924724361e-01,8.020991589227545113e-03
-2.094787122023247239e-01,-4.762865542939846430e-01,-3.625136728123369845e-01,7.732099484337541240e-01,6.852712785431819276e-01,-2.116481007498977607e-01,1.051813817303518750e+00,-2.231964389393395365e+00,1.503805551307674238e-01,-2.632295964463671027e-03,2.233581818403100883e+00,-7.854003497460382288e-01,2.356160547668014194e-01,-2.277629598903545993e+00,-2.624435452058205276e-01,-3.829403677108632609e-01,1.859930597325460955e+00,-5.307228580952414454e-01,-1.804004143848001729e-01,3.700933948390313089e-01,-6.805791759306452360e-02,4.274429633344273283e-01,-1.192880038689884126e+00,3.991215066812364709e-01,-1.804386448015609656e-01,9.066640771204433902e-01,-8.107916262484476944e-02,4.504303199136114322e-02,-1.313113256379636225e-02,-9.027994794860572103e-01,-4.739148991419342982e-01,-1.028229176037023240e-01,5.718249385055099721e-01,3.772941813362373255e-03,1.540789472249128877e-01,1.460033399417893715e-02
-2.206812774819424949e-01,-4.720198011367633950e-01,-3.662482195458318102e-01,7.709470298167420133e-01,6.797417611610973021e-01,-2.097768304835546938e-01,1.052326751083191292e+00,-2.224602812381988315e+00,1.453660855010692754e-01,-2.064044952546012848e-02,2.229601000543933509e+00,-7.854029924330773182e-01,2.356199880080885045e-01,-2.277629998738006645e+00,-2.354212668450142154e-01,-4.216088760011980630e-01,1.757717068425680429e+00,-5.447932210542134612e-01,-1.555257196835455602e-01,3.479350122451559391e-01,-8.006304745533786293e-02,4.115649628971117524e-01,-1.189716584202337835e+00,4.112299581390280179e-01,-1.818712657136889732e-01,9.352947115612321172e-01,-8.004789206776885546e-02,4.147039565442802583e-02,-1.119420751632348339e-02,-9.257097659872087769e-01,-4.646783894719124786e-01,-7.747540906532823790e-02,5.697899121617997498e-01,5.286979833635096528e-03,1.515349819780865970e-01,1.956394007254260228e-02
-2.349572553198259195e-01,-4.700886409175744629e-01,-3.666791487860183718e-01,7.676966586474132104e-01,6.736772133273751795e-01,-2.071527404252141991e-01,1.051782233620812690e+00,-2.220979772926280571e+00,1.396615973403819710e-01,-3.117168049913412314e-02,2.232913807450495280e+00,-7.853992237301753443e-01,2.356141965080238154e-01,-2.277629354729625355e+00,-1.945737651722802275e-01,-4.316830683674157676e-01,1.666291644770460767e+00,-5.262331141743384899e-01,-1.269867170622025754e-01,3.286710395378010796e-01,-9.117737706495987471e-02,3.932101464360434617e-01,-1.185891421965254322e+00,4.111141839718037705e-01,-1.832366519322555787e-01,9.621013221621863565e-01,-7.923039270126468192e-02,3.854094825505419153e-02,-9.724629802772362733e-03,-9.356802552237294401e-01,-4.558443213452004206e-01,-5.638568507606406960e-02,5.670381604218057703e-01,6.528649289715481724e-03,1.498682800841336649e-01,2.332800379569270610e-02
-2.500977624644781794e-01,-4.673992161287278679e-01,-3.658788025211528461e-01,7.649325354815281752e-01,6.657540369834121785e-01,-2.042807073429832032e-01,1.048223750756628991e+00,-2.216947477418534707e+00,1.412533207057529439e-01,-3.140459973583393377e-02,2.244947589991965753e+00,-7.854029904514249205e-01,2.356199839881728542e-01,-2.277629998294828706e+00,-1.676633585993936304e-01,-4.318985516797972934e-01,1.680030911624972534e+00,-5.223447977409895193e-01,-1.107587036788900831e-01,3.211362864717018928e-01,-9.918934210915912597e-02,3.768582287780737339e-01,-1.179218740844095059e+00,4.002280935769588766e-01,-1.854708441033678379e-01,9.838627187231724358e-01,-7.865223447782200561e-02,3.354978955440206939e-02,-8.777851022816630239e-03,-9.282057488317506655e-01,-4.592583156554990165e-01,-4.873396633027461677e-02,5.750331157416478378e-01,7.069424350234187505e-03,1.522412310538730773e-01,2.462823746220017818e-02
-2.763944485455169242e-01,-4.623812016120580903e-01,-3.638687338187170939e-01,7.598745144812875107e-01,6.556483301810308584e-01,-1.970076304713092863e-01,1.037279357382915101e+00,-2.221908438922034268e+00,1.328434208969261898e-01,-3.432268117866801860e-02,2.279755495719890224e+00,-7.853997845348158480e-01,2.356126699974284699e-01,-2.277629139929766566e+00,-1.561199799852029946e-01,-4.055823000359960462e-01,1.707324056088673547e+00,-5.508953916629577563e-01,-1.051810203362526785e-01,3.187928473788808614e-01,-9.707122954226814204e-02,3.257280638133857043e-01,-1.149376508834626165e+00,3.648979659151675992e-01,-1.959568531536976244e-01,1.007295291158925243e+00,-7.815221874639370625e-02,3.015758373081834504e-02,-9.021691600290203047e-03,-8.797012156707477715e-01,-4.597651625666964170e-01,-4.424579843304349974e-02,6.045980550505185569e-01,7.689536720216439726e-03,1.599420894135116789e-01,2.568698594833411508e-02
-2.971790617006974111e-01,-4.554943487114460621e-01,-3.653396400910459696e-01,7.554710126515599145e-01,6.469633909998785404e-01,-1.950706764905171531e-01,1.030721911467732621e+00,-2.217801337301299469e+00,1.216764732112800423e-01,-4.844655942791921410e-02,2.311445121000709868e+00,-7.853998297580279120e-01,2.356107252890313475e-01,-2.277629161437558114e+00,-1.401487183739681397e-01,-3.765586124048366234e-01,1.747071251535162739e+00,-5.866415320527247346e-01,-1.032515456679171661e-01,3.122070149215021018e-01,-9.699902732482763856e-02,3.047078056889556130e-01,-1.133875111766525556e+00,3.435844115411685329e-01,-2.004863435549084361e-01,1.023562626771832518e+00,-7.756452258211504747e-02,2.464102332294210856e-02,-8.119162954552429368e-03,-8.531604186729626615e-01,-4.635889451927694416e-01,-3.833260634386918136e-02,6.243454701756994130e-01,8.335896431432227374e-03,1.647032719184086946e-01,2.692980720287870000e-02
-3.185938713484047224e-01,-4.541975874493112131e-01,-3.635299814977635546e-01,7.483638481692559408e-01,6.373086827130993726e-01,-1.929063129641166441e-01,1.023289740678699600e+00,-2.216571513073956723e+00,1.072748002605804218e-01,-5.159406024689071335e-02,2.335531625849882165e+00,-7.854012269932570955e-01,2.356128035578508584e-01,-2.277629373971437943e+00,-1.312871753910406780e-01,-3.515710077503327868e-01,1.788097012472253722e+00,-6.382207061987693608e-01,-1.067112126216190615e-01,3.016333311208113099e-01,-1.012316785410007081e-01,2.865794349938584618e-01,-1.123435054496447316e+00,3.264525161233873263e-01,-2.068060658365308835e-01,1.031949452019207181e+00,-7.718779959399979518e-02,2.012135284141094299e-02,-8.046061793652099087e-03,-8.289317703753468214e-01,-4.761722053544240607e-01,-3.946111608635721052e-02,6.371474797153890979e-01,8.414208690238454344e-03,1.672189117441599815e-01,2.683788477661737740e-02
-3.419809607530037709e-01,-4.617093131148919394e-01,-3.602449647324466042e-01,7.349129867204317046e-01,6.272551244859742026e-01,-1.954755833444650204e-01,1.026930542999969331e+00,-2.203530956204847069e+00,9.305043475151468513e-02,-3.879701296950201217e-02,2.308578909240945887e+00,-7.853583298125951240e-01,2.356102489265537447e-01,-2.277623584879338470e+00,-1.289173801509356510e-01,-3.117517877138685223e-01,1.809866094025475824e+00,-6.740963825497454653e-01,-1.149613025455477194e-01,2.749440435603437982e-01,-1.102892299474525079e-01,2.923106104237915837e-01,-1.136123332686630460e+00,3.155985321389011000e-01,-2.129394455368225636e-01,1.036112404207952142e+00,-7.683006911813748674e-02,1.670356614805187240e-02,-7.955310327401699660e-03,-8.125723906019354237e-01,-4.891495438072515634e-01,-4.320908159545245458e-02,6.384888972688788078e-01,8.191890733437054428e-03,1.662971490889703086e-01,2.637623056254765133e-02
-3.640069221809625333e-01,-4.599221622729608439e-01,-3.537793344191690337e-01,7.285676000155625331e-01,6.195317020083266346e-01,-1.928259135830467930e-01,1.022684133694709008e+00,-2.196131849472592990e+00,8.430817041481898644e-02,-2.553825675834439993e-02,2.310329111072201957e+00,-7.853173418833567787e-01,2.356078403883948291e-01,-2.277626655386463472e+00,-1.291970671553142602e-01,-2.826116000452943977e-01,1.843710319211556703e+00,-7.033250457365646247e-01,-1.262727179567573188e-01,2.538520888563233768e-01,-1.137160143544451302e-01,2.959141472422215924e-01,-1.142971794326772317e+00,3.070385321388923172e-01,-2.198806409374265691e-01,1.045721265893633012e+00,-7.627015738471780437e-02,1.576451128632760934e-02,-8.165950903289379004e-03,-7.905043057031170273e-01,-4.989288426227033169e-01,-4.058261197475487164e-02,6.360201449353888314e-01,8.430229735624107656e-03,1.648286995880497152e-01,2.699843059643831922e-02
-3.798542123960894634e-01,-4.655792689974638798e-01,-3.514109833019634088e-01,7.179533706442785546e-01,6.124406092197994811e-01,-1.920870894070607071e-01,1.024633823170652436e+00,-2.199620666918537193e+00,7.968556027909783068e-02,-1.161050998744160914e-02,2.293637511642512727e+00,-7.799020435065138201e-01,2.356140393143935363e-01,-2.277627300692089296e+00,-1.261012564143615122e-01,-2.607291223738405495e-01,1.853199630820130395e+00,-7.341478137681159977e-01,-1.406169909093439585e-01,2.310796927510033461e-01,-1.186018855927694904e-01,2.848338109986532363e-01,-1.152734091229358659e+00,2.992064720042186265e-01,-2.205167977254407774e-01,1.061893613050724827e+00,-7.549998859050695288e-02,1.545168716515958260e-02,-7.032232346284837850e-03,-7.723289667800614655e-01,-5.055139754297343080e-01,-3.607302804553508963e-02,6.348618495844260412e-01,8.786771647643763783e-03,1.641274024916635765e-01,2.789055950094208175e-02
-3.912809786297808956e-01,-4.722171662306356432e-01,-3.490424891702688104e-01,7.085756730466068465e-01,6.053920841152466981e-01,-1.916143766054461406e-01,1.030079143626169147e+00,-2.200383775476380865e+00,7.576691241524287357e-02,-2.430666476612948924e-03,2.267404370020703830e+00,-7.678028149640409028e-01,2.356127473146766294e-01,-2.277628237990612980e+00,-1.158663098206137027e-01,-2.400397087097407012e-01,1.850582712514284411e+00,-7.536908192159126330e-01,-1.574590450464074809e-01,2.136005872745205814e-01,-1.186393425416576303e-01,2.951029823806622931e-01,-1.177271038094245048e+00,2.963328916643099276e-01,-2.166722026705611148e-01,1.078345920555449755e+00,-7.473677416507802651e-02,1.409710927034758809e-02,-4.823079346823013099e-03,-7.658093243358894409e-01,-5.131435442893222953e-01,-3.611624766601686382e-02,6.369971881220910515e-01,8.848561445783323029e-03,1.645762602027918964e-01,2.792679494072224794e-02
-4.031543547900863222e-01,-4.704243162979397930e-01,-3.440446016417972319e-01,7.055500272344563673e-01,5.999243228140691553e-01,-1.897299106525774104e-01,1.028829241144607387e+00,-2.209521865091975901e+00,5.989979477533971530e-02,-8.878607195411376482e-03,2.274502975045338715e+00,-7.477382061120514400e-01,2.355990809211782888e-01,-2.277628505140958382e+00,-1.029697530798470428e-01,-2.182891125685942901e-01,1.869270456373177902e+00,-7.747693321616699880e-01,-1.777865027903837158e-01,1.983136887359952250e-01,-1.158493119709073788e-01,3.026248246031219558e-01,-1.189316355755876353e+00,2.935444194110630733e-01,-2.100305125692277508e-01,1.104022727847352225e+00,-7.390880108142451610e-02,1.599583225564806671e-02,-2.085341672213081744e-03,-7.581653097142303510e-01,-5.055613024028972058e-01,-3.056318444534309245e-02,6.454858520285438050e-01,9.337784586412753440e-03,1.671958754051013629e-01,2.879210375846842293e-02
-4.162132350651112644e-01,-4.758947050359766950e-01,-3.434452625627062994e-01,6.945042291437748538e-01,5.947665885827534415e-01,-1.889297680711489458e-01,1.033381401873850303e+00,-2.251099036002736309e+00,3.025544315047673169e-02,-1.260042151208009935e-02,2.258648207005653052e+00,-6.993239339780347175e-01,2.355748746796309523e-01,-2.277627300183969528e+00,-9.797627687069991598e-02,-1.960614089929508252e-01,1.862656360205667605e+00,-7.853478300039707927e-01,-2.005528750442268082e-01,1.744797052730178710e-01,-1.062067450037440935e-01,3.122154419742081410e-01,-1.219516639896430776e+00,2.906563072326978081e-01,-1.978625535210261910e-01,1.127074436473180841e+00,-7.321098153110515427e-02,1.564645427862701790e-02,2.644322347472365282e-03,-7.715879291439325938e-01,-5.039847246141684334e-01,-3.189153754466613616e-02,6.424817286057107335e-01,9.184006742541505480e-03,1.663116163336271214e-01,2.830420046111917221e-02
-4.292451155425062170e-01,-4.759389579023809991e-01,-3.353528872734140576e-01,6.904847428662569397e-01,5.906725679424984499e-01,-1.880972272086283981e-01,1.036627191603329834e+00,-2.277629445898637695e+00,1.269197642099617780e-02,1.171848699022442813e-04,2.247313060672108787e+00,-6.620131383681174819e-01,2.355882218148441509e-01,-2.272488192333521617e+00,-8.932118616246902121e-02,-1.674468142322466935e-01,1.872368199678147827e+00,-7.853979010155127671e-01,-2.263024544425050744e-01,1.519470364268772078e-01,-9.968283193310260859e-02,3.298074585384865864e-01,-1.248002408585574319e+00,2.869151848287438966e-01,-1.876133830820805037e-01,1.166990296870348720e+00,-7.214857700026794385e-02,2.130271535862527515e-02,7.257136330333653629e-03,-7.752277578404684899e-01,-5.019901568400462200e-01,-3.177263755216261365e-02,6.357396383442641685e-01,9.096776725483713896e-03,1.643322600848559079e-01,2.820237116439365879e-02
-4.433883854045925776e-01,-4.711167945708258364e-01,-3.225152931053754668e-01,6.909700364522128879e-01,5.865335739087821354e-01,-1.857525735281560786e-01,1.038582800494154190e+00,-2.277629403973401967e+00,2.684503861509428442e-03,1.945975575530102877e-02,2.155441770386241629e+00,-6.591764537246583844e-01,2.355930526101501776e-01,-2.259190947910993064e+00,-8.142539407802999729e-02,-1.392558777952057347e-01,1.890999848755824608e+00,-7.852769432670548833e-01,-2.356124676612032509e-01,1.429213730809088534e-01,-9.443024418092776928e-02,3.641569028331729241e-01,-1.278196124439439973e+00,2.775858107540243869e-01,-1.813851584191904787e-01,1.200991886832857514e+00,-7.115999460380918740e-02,2.661491932047578557e-02,1.097277642905056423e-02,-7.798394768821317324e-01,-5.035064690661206210e-01,-3.551938028219433358e-02,6.350687228762004199e-01,8.820479936953401143e-03,1.643494991216760681e-01,2.753422589901840731e-02
-4.505709790169561413e-01,-4.641524539615898837e-01,-3.166152492276707031e-01,6.937600999665777257e-01,5.841799852918119207e-01,-1.824346492554903276e-01,1.038830567004487060e+00,-2.277629981343360033e+00,1.593286605603094763e-03,2.799709503374747666e-02,2.021766591565273163e+00,-6.807284683045135010e-01,2.356183499393648961e-01,-2.260365166179315821e+00,-5.821103068741036862e-02,-1.193847068539529710e-01,1.909527178426754679e+00,-7.686572001681707400e-01,-2.356198045295263277e-01,1.456372146675174450e-01,-8.980672672608798479e-02,3.891452743951757109e-01,-1.305147440732113751e+00,2.727852409833061431e-01,-1.764171604639860613e-01,1.231370673340677735e+00,-7.021076208403152774e-02,3.239884758588634783e-02,1.435213299534280826e-02,-7.875771590028917135e-01,-5.071040930566149685e-01,-3.923177958155353584e-02,6.360400710607755359e-01,8.560532885351591556e-03,1.640650045592404738e-01,2.719038401089327386e-02
-4.597910019268480752e-01,-4.624842294910995744e-01,-3.111763056917190018e-01,6.912813311490358936e-01,5.812356582336323241e-01,-1.800551677646197446e-01,1.038129288882053025e+00,-2.277629405847440225e+00,1.577779837506886745e-02,4.885398919844203408e-02,1.892803473470910047e+00,-7.195526898278030714e-01,2.356024838548761990e-01,-2.263377673229052256e+00,-5.239542832783021520e-02,-1.002062872635493818e-01,1.942697714076160764e+00,-7.593846873988442381e-01,-2.356149434809903243e-01,1.412854614841789480e-01,-8.688925098482941367e-02,3.990850904186563075e-01,-1.324929491520231206e+00,2.650325805304343252e-01,-1.736346943593363168e-01,1.254788594363238641e+00,-6.938403233133455528e-02,4.035325397755321758e-02,1.771771897827963127e-02,-7.808863549663581649e-01,-5.083689869204182088e-01,-3.962647903396192967e-02,6.327897534094433230e-01,8.532819914991149335e-03,1.628969702290593569e-01,2.729911589447213058e-02
-4.715797759059803251e-01,-4.573171019132127313e-01,-2.986553336214271548e-01,6.922994835716979045e-01,5.798885133981465101e-01,-1.789494615815753198e-01,1.036328447059438052e+00,-2.277629466343165987e+00,2.934065032932105938e-02,9.536572381734138848e-02,1.868185790736190288e+00,-7.595001027155012796e-01,2.355976202695656552e-01,-2.259526818837204853e+00,-6.083320748095254887e-02,-7.584353798723779405e-02,1.978930620187691503e+00,-7.519202761510888067e-01,-2.356135195581999797e-01,1.257480525999261078e-01,-8.888822369055625339e-02,4.307494930476937767e-01,-1.346612724932439553e+00,2.585881296678789742e-01,-1.729456255741929072e-01,1.259906817227168352e+00,-6.877158599201955991e-02,4.855893670673218365e-02,1.949223953300304249e-02,-7.776048128079852129e-01,-5.106921113469089502e-01,-3.953995774245099709e-02,6.266693340608016083e-01,8.511282827124390035e-03,1.613176899987369683e-01,2.739382495523463509e-02
-4.738700045276481587e-01,-4.519240160314131893e-01,-2.939020272690464619e-01,6.962998642181041919e-01,5.808968210950091748e-01,-1.779860322593610211e-01,1.028577404655032224e+00,-2.277629576786828647e+00,4.557839921477609829e-02,1.139143362840157048e-01,1.872664778976970590e+00,-7.348300562685422532e-01,2.316903146921522050e-01,-2.266025887766176528e+00,-6.136167333102880012e-02,-7.124418774277384292e-02,2.008166008034558470e+00,-7.573748536308279045e-01,-2.356170754846590720e-01,1.182284527906179578e-01,-9.552195675124779128e-02,4.223486664900075183e-01,-1.333024385937247258e+00,2.579344061893371620e-01,-1.732668820445641689e-01,1.259979338947918359e+00,-6.853652200587567744e-02,5.658857199778240255e-02,1.960235906594626556e-02,-7.558544474256968515e-01,-4.982946090901446690e-01,-3.389839051513032081e-02,6.186442264860787521e-01,8.776924554330952852e-03,1.591696295544872686e-01,2.825391911101081746e-02
-4.805579550746824080e-01,-4.490038812149644287e-01,-2.851014621088936440e-01,6.972637397511136648e-01,5.802205193900991098e-01,-1.759333271782802521e-01,1.020917037706354780e+00,-2.277629945661035382e+00,5.672122769943030440e-02,1.338908073986417868e-01,1.899620895862722314e+00,-7.320601201298690963e-01,2.260781033465121825e-01,-2.275693241750019080e+00,-6.500219124078647492e-02,-6.106363408734192394e-02,2.045278935403850529e+00,-7.643968101281392036e-01,-2.356196017048846625e-01,1.126135729746800401e-01,-9.655797986734430960e-02,4.178760566385154585e-01,-1.324790747505620425e+00,2.479429975677523990e-01,-1.761787060131300708e-01,1.254886321812852756e+00,-6.898740640718163675e-02,5.974898072457079240e-02,1.819745400997265991e-02,-7.322167392602452196e-01,-4.965133020878998993e-01,-3.466498036224965190e-02,6.161940105916110522e-01,8.668427016067457511e-03,1.589166497429002900e-01,2.807186497738964684e-02
-4.821248176301960453e-01,-4.485496636612750221e-01,-2.817764911868039790e-01,6.978258152783261004e-01,5.803701742189613100e-01,-1.767159428782281994e-01,1.019770105667052951e+00,-2.277629268350286562e+00,6.148690214066312304e-02,1.432413313767499918e-01,1.910989428978804749e+00,-7.289601170337423053e-01,2.201347507887031207e-01,-2.277579588292842239e+00,-6.658475317821789530e-02,-5.582124736908172097e-02,2.061210411662241171e+00,-7.652616022543263785e-01,-2.356146653533444102e-01,1.124625977298612106e-01,-9.336762712877438863e-02,4.214754243966755687e-01,-1.327812859888526820e+00,2.399929858677528061e-01,-1.777013243438504975e-01,1.244509243574535517e+00,-6.966017655958202381e-02,5.925651238675168353e-02,1.770296267370320351e-02,-7.218627915782546145e-01,-4.962758821836998346e-01,-3.468794788450135780e-02,6.146695115378454366e-01,8.660410431092523120e-03,1.587670847778324401e-01,2.813958441278743838e-02
-4.853948752979084236e-01,-4.461935440378976270e-01,-2.738445169054519734e-01,7.002230479313346079e-01,5.802030964857165518e-01,-1.763822602192035849e-01,1.014939058593380405e+00,-2.277629903212133211e+00,5.484448093097547827e-02,1.478281901933210518e-01,1.932764625582937601e+00,-7.261018919981345743e-01,2.166043506813045694e-01,-2.277629148532006820e+00,-6.644380491944403000e-02,-4.634337394649760966e-02,2.085781774847239145e+00,-7.702581338988823134e-01,-2.356194741120269109e-01,1.189982335238193439e-01,-9.004156823767964224e-02,4.203988959459681318e-01,-1.317949041273495325e+00,2.261237629565486240e-01,-1.820540996484522611e-01,1.240726780869940038e+00,-7.062542791604804748e-02,6.032655103376671074e-02,1.645905887465807030e-02,-7.011293322352977198e-01,-5.001552631624760492e-01,-3.154993528554170257e-02,6.113431986320891909e-01,8.921573748855517877e-03,1.580708755699079260e-01,2.878643082896494010e-02
-4.876565116133442235e-01,-4.485545734049504185e-01,-2.693381304047257618e-01,6.988897573070407265e-01,5.798146926009353219e-01,-1.776183021201291901e-01,1.016099006400518645e+00,-2.277629940545734755e+00,3.916300542507032689e-02,1.485456063143146543e-01,1.937672323417171327e+00,-7.140208971147243844e-01,2.140445441906598245e-01,-2.275984268236584285e+00,-6.415754116303905297e-02,-3.421111455992631445e-02,2.093875090055254962e+00,-7.733945925718586079e-01,-2.356196360819281244e-01,1.171071743591444031e-01,-8.896653920816399719e-02,4.259813543999101948e-01,-1.319599783100309232e+00,2.170857780175111662e-01,-1.860124722130080399e-01,1.238098170730741687e+00,-7.171716960942449426e-02,6.116909416034386343e-02,1.525743525773475169e-02,-6.924378656823836353e-01,-5.081149081282139157e-01,-3.308590542012265767e-02,6.047344473530272824e-01,8.801899870874317286e-03,1.568064049428285756e-01,2.858836583818056068e-02
-4.860266574176878573e-01,-4.489288402321076621e-01,-2.711569557311818146e-01,6.990814616665514958e-01,5.812499013390096669e-01,-1.793483665828626006e-01,1.016719378631246951e+00,-2.277628964019757341e+00,2.568353907195384048e-02,1.396394008711314694e-01,1.934874895396514916e+00,-7.093207623326089895e-01,2.110500009611964989e-01,-2.275815299287371474e+00,-5.442841113784512713e-02,-2.775147263261804054e-02,2.088780106550736537e+00,-7.690620064442952319e-01,-2.356127672692418240e-01,1.155976315070323807e-01,-8.029303182343910938e-02,4.346524052593485066e-01,-1.322359708530625344e+00,2.182886435260493474e-01,-1.879465663511886708e-01,1.235239447708338822e+00,-7.283288350639088859e-02,6.127169289267418717e-02,1.419810811507453592e-02,-6.921759455707211517e-01,-5.108825466438250418e-01,-3.705554702526341754e-02,5.964494842698037091e-01,8.420652676801277173e-03,1.546528762772181875e-01,2.783472364926864798e-02
-4.873270030482285686e-01,-4.487144868232809114e-01,-2.713653399766191021e-01,6.982324495999348013e-01,5.815766147870214953e-01,-1.794814554129699757e-01,1.017472645603160419e+00,-2.277629935131852079e+00,1.364426685090096465e-02,1.344706088737090133e-01,1.929664365591812647e+00,-7.083764899688367311e-01,2.069697991445722807e-01,-2.273754385325924332e+00,-4.738332902750751197e-02,-2.170735953786165698e-02,2.086372675748193739e+00,-7.684742568714346689e-01,-2.356195388468380891e-01,1.123853571906167359e-01,-7.625755161797041770e-02,4.329636118178552540e-01,-1.323814202869175061e+00,2.176991271781479609e-01,-1.900419319296716703e-01,1.238699952922535763e+00,-7.396774140716094736e-02,6.315464148290900193e-02,1.299485149937889064e-02,-6.926156846391514632e-01,-5.073352580613827989e-01,-4.264684565354975865e-02,5.986531470091480678e-01,8.009444913259574847e-03,1.554614539097346204e-01,2.687435860261097251e-02
-4.885454118187992356e-01,-4.501649846740138905e-01,-2.763285407940349048e-01,6.944907520672137791e-01,5.817364111516349912e-01,-1.806397492962299456e-01,1.020330808389610544e+00,-2.277629356037824238e+00,-8.138784738749078223e-04,1.256380199383649587e-01,1.914076195401867686e+00,-7.075348344496119601e-01,2.025377034441432078e-01,-2.258280738318221292e+00,-5.416612437017957749e-02,-2.404094227360796185e-02,2.066298473458984208e+00,-7.839814488456755548e-01,-2.356156477435751850e-01,1.014687532701642331e-01,-7.329722689298419358e-02,4.238338563604171494e-01,-1.326722939242050314e+00,2.236995750207534106e-01,-1.899795008666889662e-01,1.243893802717219943e+00,-7.501041105920637497e-02,6.549893295986722319e-02,1.224007655228711265e-02,-6.942141739366743947e-01,-4.895883887785937305e-01,-4.829073591489348172e-02,6.055607298587806220e-01,7.579643645260865197e-03,1.572167612910427836e-01,2.570952321784029937e-02
-4.880510842074378686e-01,-4.581182031375246599e-01,-2.820325119374253453e-01,6.873074373002637794e-01,5.805926322177175081e-01,-1.829443008155379469e-01,1.026827597195436814e+00,-2.277628789307996282e+00,-1.620605018607857231e-02,1.188491977515383491e-01,1.885683635230431143e+00,-7.098803202195705930e-01,1.993192060350844619e-01,-2.264295393022122127e+00,-5.549639630369527371e-02,-1.988858892562215402e-02,2.045519671224109715e+00,-7.817308852223983084e-01,-2.356133760895179063e-01,1.058588022704696624e-01,-7.068266780829392248e-02,4.201425215815162151e-01,-1.344791344612303874e+00,2.159653813676227496e-01,-1.912128053979077202e-01,1.243197066489329483e+00,-7.618234241052640465e-02,6.746421759573204002e-02,1.099748441284788963e-02,-7.024126589856544145e-01,-4.866622774490614312e-01,-6.783390115984380686e-02,6.136247422137982577e-01,6.224527903804121486e-03,1.599110346816991213e-01,2.228235439739634921e-02
-4.850235487565237036e-01,-4.581830621202831466e-01,-2.903924168610627632e-01,6.859246919066986914e-01,5.809896027835669274e-01,-1.837152163815373163e-01,1.031727108683762495e+00,-2.277629925939927524e+00,-2.944915628388394130e-02,9.446026244176093656e-02,1.863252582032091320e+00,-7.210048942014735118e-01,1.976448230537503903e-01,-2.277629566749360457e+00,-4.474566442348248962e-02,-1.778799677696986381e-02,2.035884671150844039e+00,-7.612220380912468887e-01,-2.356195888244664860e-01,1.165039909422035391e-01,-6.276780365030520947e-02,4.188507105321808144e-01,-1.359679774663518526e+00,2.144740673652911211e-01,-1.904060254588205714e-01,1.245602358640359730e+00,-7.705503613371966765e-02,7.167337647862646877e-02,1.161530081161712968e-02,-7.147896401307531900e-01,-4.789660945041383511e-01,-8.509224272107179798e-02,6.168530646052484689e-01,4.946359467553475969e-03,1.608869755171198346e-01,1.915176472148361064e-02
-4.814868459165761450e-01,-4.558487282422826192e-01,-3.005329417774010303e-01,6.856036063760327925e-01,5.812377310994074620e-01,-1.838404023520473496e-01,1.036118384760083444e+00,-2.277629957006651384e+00,-3.691692996900979018e-02,6.585453406105340468e-02,1.846568925072160194e+00,-7.272758160422670981e-01,1.919985485600530228e-01,-2.277629968824950168e+00,-2.775837870519038547e-02,-1.603130710813199106e-02,2.008145932155929625e+00,-7.451505788533392405e-01,-2.356196124244744616e-01,1.302570991345478324e-01,-4.854086637287456651e-02,4.298548200203721747e-01,-1.380193225372288612e+00,2.168807969334703434e-01,-1.869799069601293662e-01,1.244990378440559597e+00,-7.765781381687004992e-02,7.620396878381041628e-02,1.375111391767505110e-02,-7.350714959453635844e-01,-4.762748968360377977e-01,-9.872629241853166093e-02,6.145857001310198742e-01,3.902550602230518782e-03,1.601986223176031787e-01,1.670530907697449080e-02
-4.788055163017635452e-01,-4.552501274676745147e-01,-3.053095819082634610e-01,6.857686623014128680e-01,5.809233946885665745e-01,-1.831929514180543894e-01,1.038969541422424703e+00,-2.277629573640015170e+00,-4.174886575128730626e-02,4.652728667894301395e-02,1.833706479060334571e+00,-7.276470838362594229e-01,1.815322789521176261e-01,-2.277629712890301139e+00,-2.171741585456423915e-02,-1.120957224844040812e-02,1.966630222375502779e+00,-7.355531549189570084e-01,-2.356162114405860042e-01,1.367671513320032062e-01,-4.421789786540705758e-02,4.273736886842842697e-01,-1.387447452207127618e+00,2.192334631403872747e-01,-1.831872435577261704e-01,1.247880066159091861e+00,-7.813181938357688372e-02,8.255957527412528807e-02,1.645150733654048708e-02,-7.450429959008917358e-01,-4.728250722197305800e-01,-1.040014067385477275e-01,6.139595592259312618e-01,3.529051478601600688e-03,1.600696371101861248e-01,1.585570051626442739e-02
-4.775988011464419314e-01,-4.601860183442633701e-01,-3.024081482660264109e-01,6.846002669633189930e-01,5.799834645870283190e-01,-1.824088238934995498e-01,1.040509413282095785e+00,-2.277629996962025949e+00,-4.602621987734550196e-02,4.497131825523593973e-02,1.829037088858332716e+00,-7.249920313880171552e-01,1.694108323541974048e-01,-2.277629993179521861e+00,-2.362139626267696288e-02,-7.603761298264124016e-03,1.938034789721395201e+00,-7.450255383551952493e-01,-2.356199745644423083e-01,1.348004067328736066e-01,-5.051473875173092404e-02,4.295811385571655094e-01,-1.394144296838169650e+00,2.184481211367025055e-01,-1.796911579846991180e-01,1.247160694702161177e+00,-7.875030764317784981e-02,8.665912167249503750e-02,1.902096214332919810e-02,-7.525088134372472926e-01,-4.795090396025858404e-01,-1.046329313691293922e-01,6.133468390083017807e-01,3.571682120255240296e-03,1.598215360578580657e-01,1.611645039140982907e-02
-4.797388668480294105e-01,-4.620080276437514288e-01,-3.003821554986698117e-01,6.827662577237338937e-01,5.780270661942285004e-01,-1.811087810488356542e-01,1.041438780990417312e+00,-2.277629773530501556e+00,-5.479598929269709207e-02,4.154883446071987868e-02,1.820134221320066192e+00,-7.185282267550117119e-01,1.606482438581116334e-01,-2.277629656942571135e+00,-2.810818272636635487e-02,-1.055723340574910366e-02,1.938926077133520387e+00,-7.541058640483677689e-01,-2.356186328850348177e-01,1.288930714842696224e-01,-5.321472339056396161e-02,4.265394874376584600e-01,-1.394002948776446260e+00,2.202128244467480844e-01,-1.763816228519927143e-01,1.250221953348960469e+00,-7.951911390700641680e-02,9.234686192958979634e-02,2.131900478885214584e-02,-7.504408666277678774e-01,-4.778601786734881784e-01,-9.716002215240220063e-02,6.075027598467940271e-01,4.113529571291723447e-03,1.581844025192706282e-01,1.747874687878304620e-02
-4.824117834425862839e-01,-4.618545165482743631e-01,-2.981147527993232571e-01,6.819801103427440836e-01,5.765012759235973450e-01,-1.798264572777389658e-01,1.039159170088119977e+00,-2.277629542287414210e+00,-6.563267139933290362e-02,3.700691124439654117e-02,1.823894725602611455e+00,-7.183847425298104383e-01,1.462790774187179288e-01,-2.277629411405616366e+00,-2.338440708883113978e-02,-2.639288144697937277e-03,1.945903826974627160e+00,-7.490647798614471498e-01,-2.356178044908826541e-01,1.291328259109624232e-01,-5.027558999591679595e-02,4.237119861543636179e-01,-1.390756858819532038e+00,2.152296839552270136e-01,-1.750252911798422795e-01,1.250717776043645646e+00,-8.073427741808326952e-02,9.681926775713431410e-02,2.244179628668922441e-02,-7.350967791331001200e-01,-4.822530343302765532e-01,-9.596460416027692564e-02,5.981286190988728269e-01,4.217080955847239687e-03,1.579472578760077739e-01,1.683808344029518941e-02
-4.853548599876821856e-01,-4.603100288836667331e-01,-2.958715981926080540e-01,6.819129963407407624e-01,5.754992053441979616e-01,-1.784289513932239279e-01,1.036094910155908266e+00,-2.277628154636356150e+00,-7.461253229332545645e-02,3.313700096213112456e-02,1.833656738355808224e+00,-7.244627844862968624e-01,1.299588846837104184e-01,-2.277628527077069087e+00,-1.683024663735501955e-02,4.953888505385776672e-03,1.958702021866179477e+00,-7.523627870780965621e-01,-2.356141566722061709e-01,1.316812223763771106e-01,-4.516971695128482039e-02,4.195631235187469166e-01,-1.381985107048088190e+00,2.096854630861893498e-01,-1.747946093430073899e-01,1.252662892623235935e+00,-8.232909181654411712e-02,1.021490135302576124e-01,2.267164434751322774e-02,-7.193010440905240888e-01,-4.862946496431139187e-01,-9.497023904410720196e-02,5.925465147543612643e-01,4.329280821591741275e-03,1.580015571758842663e-01,1.648483162313499339e-02
-4.888814272358336654e-01,-4.589069893097271757e-01,-2.931201760130023315e-01,6.815276132928458352e-01,5.745890586125129706e-01,-1.775658645903528676e-01,1.035288645737865831e+00,-2.277626568171441157e+00,-8.530064490118173526e-02,3.027337764442387946e-02,1.841008401036861919e+00,-7.234758984250032610e-01,1.147994851371768738e-01,-2.277629346138118294e+00,-1.053138428587005807e-02,1.258825611051404836e-02,1.971605513885825722e+00,-7.629077152586650756e-01,-2.356172668393240466e-01,1.436571031493985018e-01,-3.247219074410867545e-02,4.077136711253567247e-01,-1.368721237374477040e+00,1.918564307158467652e-01,-1.791157316441953362e-01,1.255232433650218082e+00,-8.506449442182388576e-02,1.088721903627094950e-01,2.011618920296548083e-02,-7.058282772094486290e-01,-4.921235614722464513e-01,-9.642063697819724943e-02,5.966664722918427755e-01,4.368227773484134949e-03,1.585329224808439130e-01,1.688552462219951658e-02
-4.914964736192261596e-01,-4.565929543637020083e-01,-2.933103561331017461e-01,6.811190244225782120e-01,5.743082314517876652e-01,-1.778790012571644652e-01,1.034846660329830303e+00,-2.277629603369442535e+00,-9.574425956862367415e-02,2.403174280831965604e-02,1.846892948685617153e+00,-7.200729087776200910e-01,1.053436556301618754e-01,-2.277629942499873827e+00,-5.605108643781515215e-03,1.662682811005937802e-02,1.983000700809660177e+00,-7.700432147409609351e-01,-2.356198412575421230e-01,1.448238264166833711e-01,-2.105497591988800959e-02,3.943556581683618223e-01,-1.355355727955888323e+00,1.854539451106890502e-01,-1.831209434377453205e-01,1.254444049018373031e+00,-8.725769259429465297e-02,1.128609442997357687e-01,1.698888405701458673e-02,-6.938215447226653287e-01,-4.901993389978128723e-01,-9.987044860262263291e-02,5.933563575530268475e-01,4.129455633594525561e-03,1.569599493334346008e-01,1.679909816226780178e-02
-4.948989090313345995e-01,-4.571812410702662532e-01,-2.899446963559110246e-01,6.797002690216654708e-01,5.741943044446936595e-01,-1.776400095801824175e-01,1.038733489611354477e+00,-2.277629143465221606e+00,-1.093901586986295998e-01,2.446999907957574452e-02,1.851120108594403346e+00,-7.749473975309912888e-01,1.097366518864524715e-01,-2.272504698960119640e+00,-1.128613328269510198e-02,2.411794566005414503e-02,1.971048935386859213e+00,-7.644506098108541092e-01,-2.356175604017769765e-01,1.322199777878892424e-01,-2.597623777641951820e-02,3.837499129074648518e-01,-1.351652431379434915e+00,1.828949025743114853e-01,-1.881597647649232430e-01,1.247995706306092689e+00,-8.891641930141586103e-02,1.128551222978173563e-01,1.277831450379893728e-02,-6.921765218073951953e-01,-4.849778277516766378e-01,-9.793025896668930419e-02,5.896718018000742800e-01,4.212926512190354883e-03,1.548821059757440888e-01,1.763798969201279404e-02
-4.945443913562012073e-01,-4.580489598922757866e-01,-2.903484214483486592e-01,6.792015823613640757e-01,5.740209500740421911e-01,-1.770159126464816435e-01,1.041188416233671310e+00,-2.272013097438897677e+00,-1.138892650824428060e-01,1.905177689547444403e-02,1.836131043698329135e+00,-7.853936906321120626e-01,1.211249234342522407e-01,-2.277626501421373462e+00,-5.990072351502548353e-03,2.624959675617972304e-02,1.965461227740217254e+00,-7.481620093349311551e-01,-2.356160694107893583e-01,1.437822903325496338e-01,-2.606010706890951253e-02,3.660676402747649605e-01,-1.342088587633214036e+00,1.747120040251666784e-01,-1.954171771163911164e-01,1.240635165756750480e+00,-8.979723014243151669e-02,1.107082042353870338e-01,7.713158316828386783e-03,-6.873642893032405610e-01,-4.974077686164806722e-01,-1.026170218429610093e-01,5.843392893334262705e-01,3.919474469430398247e-03,1.524701480564156497e-01,1.765405353742943370e-02
-4.980080565822668226e-01,-4.596258086006525523e-01,-2.886780127025929121e-01,6.763113902851493053e-01,5.728713533589927520e-01,-1.766296981670478217e-01,1.046506708889552772e+00,-2.271098900218329497e+00,-1.178264359183325422e-01,2.380712288155306666e-02,1.823243288445772547e+00,-7.699797492652732389e-01,1.347091466685747252e-01,-2.269759635978408241e+00,-1.129746404284285265e-02,3.110331550829028083e-02,1.954998086346780184e+00,-7.354840180256113635e-01,-2.356158247448933429e-01,1.334640924041867738e-01,-3.745131303698388814e-02,3.549518485963842895e-01,-1.334909851223921473e+00,1.784711733067427530e-01,-1.980689139150213496e-01,1.216336983011590656e+00,-8.968851018210895198e-02,1.018744836707348028e-01,7.556297167179698918e-03,-6.834084385280401186e-01,-4.959602734164796356e-01,-1.016161984483139880e-01,5.796168992449796109e-01,3.925119269564683426e-03,1.504092685100089088e-01,1.833071657453255732e-02
-5.000057882768793593e-01,-4.582898139060508913e-01,-2.859334738984395385e-01,6.769096739328993584e-01,5.726641525546505296e-01,-1.767728074752735468e-01,1.051520462880270790e+00,-2.251376087334791443e+00,-1.222121774097860158e-01,2.551366497045096798e-02,1.805716010889108158e+00,-7.576743982984881498e-01,1.507262526225747468e-01,-2.251052505548553739e+00,-1.493108071251394650e-02,3.453138890482025658e-02,1.940217997172374531e+00,-7.277906394692484904e-01,-2.356159647954676750e-01,1.316686637325067410e-01,-4.251512075851002909e-02,3.305112200019439395e-01,-1.316208778498512588e+00,1.796480712023561244e-01,-2.027669068002203034e-01,1.186852134811299475e+00,-8.966600695752748040e-02,9.203163190760860202e-02,7.527351187656058061e-03,-6.688042302096873781e-01,-4.913635862767216644e-01,-1.067534475224818369e-01,5.837449210370035946e-01,3.558543778298092590e-03,1.497427392539035784e-01,1.849641477916932203e-02
-5.016979014576324891e-01,-4.593003546579676466e-01,-2.860483998584505971e-01,6.749212641653045130e-01,5.722318344460857187e-01,-1.782928212521495970e-01,1.060643054191789281e+00,-2.229836051076648840e+00,-1.260801821984794124e-01,2.690061538099831201e-02,1.775290126451846140e+00,-7.447977480618955815e-01,1.677379768790054626e-01,-2.227546024300974370e+00,-2.057396076622058576e-02,3.724805414102756035e-02,1.910682906083719601e+00,-7.211323738150543505e-01,-2.356165155185905580e-01,1.318230787764052558e-01,-4.196817608686780748e-02,3.035891080440115131e-01,-1.295258635535620151e+00,1.849873739949909335e-01,-2.061601329369799063e-01,1.155510479477422692e+00,-8.946480909269333148e-02,8.337516250969352616e-02,9.319916620749862241e-03,-6.535703059633607426e-01,-4.886724100562458428e-01,-1.195441290063830458e-01,5.850346382116065058e-01,2.677406169862600344e-03,1.481898888212962451e-01,1.755223736987672131e-02
-5.014910440044945128e-01,-4.552546641873352895e-01,-2.900798473884184658e-01,6.760943762952554836e-01,5.731318151650417470e-01,-1.801301139209310342e-01,1.071336577568944737e+00,-2.200288776484222719e+00,-1.206143853336156535e-01,2.146028179857023196e-02,1.740020374761031885e+00,-7.341645801120907366e-01,1.847666081882410327e-01,-2.193701341586148601e+00,-2.138896900212601537e-02,2.974292718652479794e-02,1.878158110567988981e+00,-7.133970773890465633e-01,-2.356149842222219348e-01,1.282030508104308464e-01,-3.806448401592323061e-02,2.698637276885721969e-01,-1.265671616086309292e+00,2.039122063274979579e-01,-2.021734380616574955e-01,1.129904099919504024e+00,-8.878029319195687719e-02,7.602262104927660913e-02,1.594598052071897337e-02,-6.367901010737633261e-01,-4.717417658811574044e-01,-1.296760413263682854e-01,5.855104274910228890e-01,1.890568748529476272e-03,1.461446864172226967e-01,1.696409500132059142e-02
-5.014785475000230752e-01,-4.522727387151668221e-01,-2.903115517700257664e-01,6.780028312044348304e-01,5.727285693944791367e-01,-1.813539404120332599e-01,1.084305136740419506e+00,-2.162848730224107285e+00,-1.153282128343651874e-01,1.471378238952244025e-02,1.697602410839109455e+00,-7.091138327052940449e-01,2.036281066724127120e-01,-2.158535549424833277e+00,-2.117084830441082199e-02,2.632521265322213325e-02,1.830484831869539253e+00,-6.990485342798207213e-01,-2.356187235279232350e-01,1.352091379557978923e-01,-3.414531196605804370e-02,2.352557913035418502e-01,-1.224829724214854032e+00,2.157124800698305145e-01,-1.972351670797492795e-01,1.102527915993340546e+00,-8.843425052416736820e-02,6.981647102572474672e-02,2.210601530074288862e-02,-6.035126163228795582e-01,-4.589591870959023323e-01,-1.374109604031696075e-01,5.879321356062028325e-01,1.393548111272950802e-03,1.446511573596108713e-01,1.729259545330020728e-02
-5.005754623337697051e-01,-4.494820154665905010e-01,-2.915623075153103705e-01,6.799864300982570997e-01,5.724305614724146674e-01,-1.824328029017668329e-01,1.093714921644057370e+00,-2.126599559985747678e+00,-1.095818981697402605e-01,6.506729905541332182e-03,1.654390950560773232e+00,-7.030465098617268982e-01,2.211374468685985417e-01,-2.131517663870578616e+00,-1.807588029063254484e-02,2.196283703393010073e-02,1.789701139479801695e+00,-6.830163893832277289e-01,-2.356180700492902236e-01,1.460339040061786331e-01,-2.910946938613409932e-02,2.005501914614443992e-01,-1.183340675804403386e+00,2.232682532781772311e-01,-1.900724359290680565e-01,1.082012628070271987e+00,-8.797236973349385758e-02,6.597678016618552244e-02,2.872607267306053272e-02,-5.726171601612928264e-01,-4.510925411260616746e-01,-1.477982511274003874e-01,5.925685509281917174e-01,7.583590750012011127e-04,1.442357970458569560e-01,1.690178424426454912e-02
-5.033431921254606367e-01,-4.418530382068224238e-01,-2.865730252118758314e-01,6.850455640242227862e-01,5.732448948189272642e-01,-1.840553793298275731e-01,1.106698075218447208e+00,-2.077901649945121054e+00,-1.154879391296573382e-01,1.333597421372432123e-03,1.613928095543585961e+00,-6.937792612696167538e-01,2.354441315295600357e-01,-2.087989685364939785e+00,-1.985396944463175065e-02,1.963610398190356390e-02,1.757545886043384575e+00,-6.623965222641297057e-01,-2.356164164261057015e-01,1.538992396695181286e-01,-2.406021667727345839e-02,1.621005579077017256e-01,-1.126505708433901409e+00,2.289116078367486040e-01,-1.848314113544628767e-01,1.078369381171931929e+00,-8.753427971643133743e-02,6.735841828490682359e-02,3.514181652701919845e-02,-5.244329677022446790e-01,-4.416766770590093150e-01,-1.587886125317186092e-01,6.089344995701654328e-01,7.392193860808704510e-05,1.461038978980072067e-01,1.644635579821250235e-02
-5.071388201927435890e-01,-4.348782720972918514e-01,-2.826065319658171426e-01,6.883492235787294078e-01,5.733230981119969982e-01,-1.873208717876995166e-01,1.118752920201819379e+00,-2.025997284545630439e+00,-1.143000440237710302e-01,2.124649249500087413e-03,1.569655044523193377e+00,-6.882217817168514440e-01,2.356164540235629323e-01,-2.040449103344863513e+00,-2.340828116770645589e-02,2.196860004096778951e-02,1.722770880094498303e+00,-6.493449931672194975e-01,-2.356182665819141764e-01,1.666195407372197956e-01,-1.261645475741642215e-02,1.295767802328582075e-01,-1.072133643519461055e+00,2.262581594716926714e-01,-1.847510354046253134e-01,1.084311370094607208e+00,-8.730463819483563759e-02,7.181169384953839385e-02,4.065408642537182010e-02,-4.715479664463559928e-01,-4.367029791568909358e-01,-1.654593652066720377e-01,6.250850377151252468e-01,-2.683672949180346962e-04,1.491750159731541348e-01,1.632164730531242627e-02
-5.098092778363375599e-01,-4.301432844943945399e-01,-2.799968143810933618e-01,6.904151207591024964e-01,5.729724666317937976e-01,-1.900432351306743650e-01,1.138789539492893743e+00,-1.976933316985420186e+00,-1.181929677956597424e-01,-2.243223473628118793e-04,1.523507765635833344e+00,-6.656965708231166179e-01,2.356155948340238337e-01,-1.978499716244141116e+00,-2.894805632182952809e-02,2.109758860272342718e-02,1.644083083253381927e+00,-6.199236946594935960e-01,-2.356178975871194015e-01,1.713240370231687293e-01,-8.807099956302110941e-03,9.868680454943989933e-02,-1.022315859757993994e+00,2.261415368593323316e-01,-1.787939964638212420e-01,1.092498698809756252e+00,-8.698765137670798342e-02,7.511144652025415758e-02,4.497503383468822585e-02,-4.209185708974333417e-01,-4.274597902284023587e-01,-1.614459441480896318e-01,6.412898686457023656e-01,-1.746633938062031196e-05,1.475424974256081267e-01,1.939024106609845560e-02
-5.095116633581351362e-01,-4.153571418211834398e-01,-2.798788637510187804e-01,6.996743037053757552e-01,5.756860911507047929e-01,-1.916589027574749915e-01,1.146324210966715773e+00,-1.931190425784282239e+00,-1.094077762640917051e-01,-1.344344740970991776e-02,1.502114954006416259e+00,-6.626087720715274632e-01,2.356191281353594014e-01,-1.917660664260241177e+00,-2.245454708847276909e-02,6.873763058361064861e-03,1.592971056813613950e+00,-6.166656249857433991e-01,-2.356195149525693866e-01,1.651638567560762549e-01,-1.353804386473446246e-02,3.113397561440343214e-02,-9.445460377453802625e-01,2.369732712225536275e-01,-1.655098715925309438e-01,1.117090313466135187e+00,-8.635963814237686276e-02,8.231857048626933793e-02,4.499869225863509237e-02,-3.478034370162447209e-01,-3.916153384010533922e-01,-1.316645159169884116e-01,6.595154362950698124e-01,1.864869020116551989e-03,1.469691909293919796e-01,2.592332385162815500e-02
-5.102296031676876176e-01,-4.078925175192747998e-01,-2.806143481091583070e-01,7.032389592723119476e-01,5.744785256314295374e-01,-1.945709642939226491e-01,1.158442596248633549e+00,-1.889028309090552193e+00,-9.908742183598971687e-02,-2.152248592846723110e-02,1.463321717161136792e+00,-6.425106816056417314e-01,2.356192287408457042e-01,-1.868039882220421388e+00,-1.844312792743912563e-02,-4.811452005457667221e-03,1.543166146245716464e+00,-6.120861201040909139e-01,-2.356195866669746897e-01,1.582414579244087738e-01,-1.236316640166201970e-02,-1.220892941369221968e-02,-8.807607190968578248e-01,2.462808028330315813e-01,-1.466324297750085104e-01,1.128835931774371470e+00,-8.551834431367265343e-02,8.477899556385710966e-02,4.499901141873190874e-02,-2.985885468649118746e-01,-3.681934761631723840e-01,-1.126169307763588562e-01,6.769473659558932210e-01,2.927043924830141121e-03,1.453506686388490177e-01,3.036358253885101249e-02
-5.117366843915840402e-01,-4.029938130122185935e-01,-2.797437517595975365e-01,7.053119776901891624e-01,5.735137679788749887e-01,-1.966554546670816472e-01,1.172275285180722104e+00,-1.846785147812847194e+00,-9.574834132885212679e-02,-2.691026158066389673e-02,1.415664105933136074e+00,-6.246431087352313227e-01,2.356160689920144269e-01,-1.822541177012301450e+00,-1.844172656163157314e-02,-1.181749573575891638e-02,1.490160164366450601e+00,-6.023057460138537822e-01,-2.356177744906566562e-01,1.597416520744088519e-01,-6.228559558914526471e-03,-4.006029846312404719e-02,-8.265373711275286750e-01,2.400444218415855591e-01,-1.267810052343812388e-01,1.129129766307203964e+00,-8.481868397905441281e-02,8.447100864322718006e-02,4.499688775001115665e-02,-2.578907679155009736e-01,-3.550077212455792774e-01,-1.090934434249040685e-01,6.881766207167752114e-01,2.896935647050315893e-03,1.434002087364659450e-01,3.173646521836389484e-02
-5.157130117447011886e-01,-3.950984035168388919e-01,-2.756391870940027577e-01,7.084916228113161685e-01,5.720968636052016221e-01,-1.996438391837714044e-01,1.184598832131728674e+00,-1.797427789878653037e+00,-1.100648926238658176e-01,-4.407218522784755316e-02,1.374742005657320076e+00,-6.075651429954213034e-01,2.356106359383964566e-01,-1.767482965535838391e+00,-1.658648341618352423e-02,-1.287298097220952904e-02,1.441993942759381753e+00,-5.929781726458994706e-01,-2.356149274513679448e-01,1.579060286150173742e-01,-3.741184546442488743e-03,-6.558901733657256095e-02,-7.716112322729393735e-01,2.353956705991234466e-01,-1.074654301592593980e-01,1.130030654618238595e+00,-8.419333137885023910e-02,8.514519668850090151e-02,4.495508875946332278e-02,-2.120477170187575755e-01,-3.435588158390546765e-01,-1.098717979354451313e-01,6.985083848512247950e-01,2.638897985603385222e-03,1.429481018149758031e-01,3.203751700462300483e-02
-5.203581889933364124e-01,-3.858835682434028636e-01,-2.720475217320996730e-01,7.115556006572761882e-01,5.700757568292085242e-01,-2.020099934228029026e-01,1.195872854148365638e+00,-1.748788625376928252e+00,-1.148675283074478692e-01,-5.850966837254505115e-02,1.336358166447698892e+00,-5.938401442963566756e-01,2.356107271668838876e-01,-1.713585737162009792e+00,-1.776069354239851600e-02,-1.983399843715802358e-02,1.397341638748105463e+00,-5.841963114287991310e-01,-2.356145557893977727e-01,1.525253156532364041e-01,-2.219817736972876619e-03,-8.148437908926504936e-02,-7.204759830295253131e-01,2.352689694911745677e-01,-8.723560952614574371e-02,1.128101736396936783e+00,-8.362610760150350486e-02,8.535013598570809212e-02,4.493162603241813297e-02,-1.670593262625135189e-01,-3.360754587060920673e-01,-1.054048741901746356e-01,7.020543528233694763e-01,2.801789464371282588e-03,1.418687793131215014e-01,3.302281715005427748e-02
-5.268143039207303646e-01,-3.778850103085188983e-01,-2.666414491560132882e-01,7.131423040043467498e-01,5.684272034453785594e-01,-2.045856320000661865e-01,1.208188326413882407e+00,-1.701006123847246920e+00,-1.225350721517491914e-01,-6.529836758585547130e-02,1.298602914405195152e+00,-5.805961460461287471e-01,2.356064126706776396e-01,-1.657468131436728331e+00,-2.613342379522799394e-02,-2.553258018946449534e-02,1.352603984773549151e+00,-5.782645782614851404e-01,-2.356121775533557283e-01,1.466538710770374232e-01,2.803100861263468739e-03,-7.999824066784276544e-02,-6.751181404388748586e-01,2.281071971412159671e-01,-6.890753435838554986e-02,1.120690046983820132e+00,-8.319939320933314453e-02,8.446785499702554045e-02,4.485440240414387270e-02,-1.330357222402384354e-01,-3.291350824151814680e-01,-1.080432226776719545e-01,7.154456385306979804e-01,2.728376054477950167e-03,1.490136093314863852e-01,3.239976304554383763e-02
-5.341310625117954292e-01,-3.653897221427927500e-01,-2.574682235009917997e-01,7.175684447491238460e-01,5.657293887639567309e-01,-2.050004914809797907e-01,1.216325368753468084e+00,-1.649246661716166074e+00,-1.248714550782784871e-01,-6.992060932512947358e-02,1.272814983713277615e+00,-5.706772549958046836e-01,2.356132394772078031e-01,-1.604076815288711266e+00,-2.964825565218798947e-02,-3.077721169067572718e-02,1.328040044884151394e+00,-5.752731522617259285e-01,-2.356161106384433712e-01,1.256013794857538668e-01,-4.181639538478054696e-03,-7.895090308091545772e-02,-6.326253846056240082e-01,2.322311207448354564e-01,-4.821136819798532702e-02,1.120378288951545454e+00,-8.259407607700446075e-02,8.551513130870018464e-02,4.495576273513589294e-02,-1.045679478543600077e-01,-3.135696148242683723e-01,-9.542368375014574633e-02,7.128721513563988088e-01,3.480000708102020616e-03,1.484667744063225270e-01,3.446608874347488471e-02
-5.407104760664317444e-01,-3.550089233407840439e-01,-2.499602463177281464e-01,7.205003266350479274e-01,5.642261241553113704e-01,-2.072002695645648318e-01,1.225432257291380056e+00,-1.598079996275083348e+00,-1.265161672541798843e-01,-7.067463759621460395e-02,1.242107760888344625e+00,-5.612440939209710766e-01,2.356078240656558076e-01,-1.550467228680723730e+00,-3.613614421787548353e-02,-3.563297597332685390e-02,1.298751008316848310e+00,-5.750346299574672360e-01,-2.356132351516161683e-01,1.212464190133386716e-01,2.490507600057048632e-03,-7.681064032803051889e-02,-5.842056574885726716e-01,2.263868143693985591e-01,-3.267129493361824871e-02,1.119050990492747477e+00,-8.237299157712354991e-02,8.645636572746866200e-02,4.483396008670464256e-02,-6.908131572791116615e-02,-3.069505454599332217e-01,-9.386821153562500963e-02,7.135084106828397665e-01,3.411906975221777171e-03,1.462377305284343620e-01,3.435393518131801133e-02
-5.487749765754675879e-01,-3.485339349540790277e-01,-2.393772788537375518e-01,7.211578465485908307e-01,5.617111308641914436e-01,-2.095419123751893764e-01,1.238118294581753265e+00,-1.540829899854997853e+00,-1.320447312783272764e-01,-6.285038301231438140e-02,1.191186960147841312e+00,-5.427287350806337951e-01,2.356081590668974435e-01,-1.495985001591734642e+00,-4.770032047185281815e-02,-3.138391713231748065e-02,1.261042659135264810e+00,-5.673263756487106901e-01,-2.356142019009843935e-01,1.057374609846136737e-01,-3.442453194501390954e-03,-7.447822601849568569e-02,-5.398562139584417441e-01,2.210877077833695026e-01,-1.436857057071221425e-02,1.122507196660566420e+00,-8.180613363384846293e-02,8.867426053053015234e-02,4.491732581232504851e-02,-3.522131218314498297e-02,-2.954513236932634901e-01,-8.948342549323357042e-02,7.230732858957674702e-01,3.746029654786818628e-03,1.501558519192886798e-01,3.507174775622263346e-02
-5.608099620102352523e-01,-3.361382531925034001e-01,-2.224311705315507870e-01,7.232064958410807654e-01,5.592953188163444223e-01,-2.127634392283643261e-01,1.245636070582620158e+00,-1.474094391075505994e+00,-1.326127284668464079e-01,-3.805618188288728554e-02,1.159500127879098619e+00,-5.341984054965369655e-01,2.356084810098714455e-01,-1.418920633717751345e+00,-6.598566677736912578e-02,-2.473785951511833781e-02,1.226303908512193841e+00,-5.726707265371309141e-01,-2.356162188209671993e-01,8.287613858237141695e-02,-1.250069731081705077e-02,-7.667216906451068681e-02,-4.875545483409105540e-01,2.162162026606430087e-01,5.679837604729212966e-03,1.128314062987986421e+00,-8.117100560641687945e-02,9.026406220866181607e-02,4.495782422472001383e-02,1.868285488064594727e-03,-2.789542368818969109e-01,-8.373590070580819167e-02,7.273017351690826970e-01,3.982306781669685269e-03,1.487745565370144907e-01,3.592405644005276788e-02
-5.672340505154415125e-01,-3.249789081362769450e-01,-2.093259193449667488e-01,7.271979790213826123e-01,5.574585642857489143e-01,-2.158751229616904521e-01,1.253760665530943008e+00,-1.411397407692214223e+00,-1.341864157360336263e-01,-2.594085183471824679e-02,1.126145134498380829e+00,-5.367246393334899057e-01,2.355981184197344369e-01,-1.359922615245292343e+00,-7.703166330959708430e-02,-2.526992867182712224e-02,1.201771720997844461e+00,-5.778485271749753682e-01,-2.356128188435115123e-01,8.844845874060361379e-02,-9.303084693289801962e-03,-6.664098434205763255e-02,-4.413173616421692258e-01,2.051845700631233227e-01,2.385331951693530836e-02,1.135856840589145156e+00,-8.060714056383234960e-02,9.307128727461382034e-02,4.489509237766261401e-02,3.799861849038792261e-02,-2.700730356451092606e-01,-8.740864042900275965e-02,7.380600790081756069e-01,3.750910306206622653e-03,1.522828371405462733e-01,3.513013386984906172e-02
-5.718592473063063286e-01,-3.122140552146638881e-01,-1.982783998481860710e-01,7.322465849359234280e-01,5.571826398340987696e-01,-2.165314118208819805e-01,1.260154704390941349e+00,-1.357036113617852369e+00,-1.357911303144121173e-01,-2.284383854746651829e-02,1.097920554109682589e+00,-5.363122347755107100e-01,2.356083262927163025e-01,-1.308353300434185629e+00,-8.414864916828515562e-02,-2.944151673087017779e-02,1.180018525848600008e+00,-5.768356687390199244e-01,-2.356157662742712211e-01,9.938849040151399861e-02,3.118962671942756941e-03,-5.631033507078308381e-02,-4.072952749622260060e-01,1.858897815249057339e-01,3.842495033097053508e-02,1.139243852165585880e+00,-8.049413334328282821e-02,9.364952460875321238e-02,4.482719517671929221e-02,5.074857397178416524e-02,-2.667441315797315360e-01,-9.925788635947299654e-02,7.488387593706076206e-01,2.807080604652512513e-03,1.536909540021738629e-01,3.279275302773197731e-02
-5.748982061895282492e-01,-2.971444224843167170e-01,-1.888890868703050896e-01,7.385920102247429675e-01,5.561312478996555120e-01,-2.171260434911354287e-01,1.268107358736960011e+00,-1.298002234536061339e+00,-1.275565602543269617e-01,-2.636895260778967034e-02,1.066443816325046701e+00,-4.797922346255369952e-01,2.356051964630540563e-01,-1.263089236035176866e+00,-8.323295919638906692e-02,-3.731562291874715442e-02,1.168103248691699791e+00,-5.584104401887253211e-01,-2.356140964351585154e-01,1.054948510031900044e-01,1.078479126959010041e-02,-3.985258185020149752e-02,-3.720652638807539492e-01,1.699901877708965281e-01,5.306262594050866616e-02,1.146164307487149703e+00,-8.027502660481858343e-02,9.556595034193120231e-02,4.471639298668643459e-02,6.486517448983203371e-02,-2.527189088223801283e-01,-1.055131904524936048e-01,7.552078192262042799e-01,2.215137426946081622e-03,1.527935155429480107e-01,3.172542620424248505e-02
-5.793632928324633502e-01,-2.856773368302269467e-01,-1.789578123978469160e-01,7.420921341192692200e-01,5.547019024719996860e-01,-2.174262546909978833e-01,1.276318204105927112e+00,-1.246059742253564417e+00,-1.291072089402977296e-01,-2.764104002348839045e-02,1.032732080607128067e+00,-4.460758187121910967e-01,2.356146836418829826e-01,-1.210012845296265960e+00,-8.831665792921206126e-02,-4.307493853588933996e-02,1.137172169190687976e+00,-5.449735651596360198e-01,-2.356178076705262026e-01,1.065297994395920794e-01,1.490533253385771528e-02,-1.914075429824401917e-02,-3.465369562145916293e-01,1.573067282883169882e-01,6.935640793066585874e-02,1.152568225459132512e+00,-7.990579002327952152e-02,9.717660380763264161e-02,4.491955993511234646e-02,7.387558553178728837e-02,-2.388736519548848303e-01,-1.090329643813121863e-01,7.610170989981752676e-01,1.864649754584390322e-03,1.525381806275160623e-01,3.113542217560597361e-02
-5.833965577295171512e-01,-2.739489627175531461e-01,-1.693914082101499186e-01,7.455916932744820480e-01,5.535164223070854206e-01,-2.186081202513023014e-01,1.283753322145214204e+00,-1.190487219647048622e+00,-1.320029641198726400e-01,-3.267032408585799491e-02,9.972640779892879559e-01,-4.252560994249501847e-01,2.356095917630639802e-01,-1.154056925438022407e+00,-8.999788425999523389e-02,-4.707093953859677049e-02,1.103893643500299504e+00,-5.422225988533867502e-01,-2.356154836277385423e-01,1.083015215423508149e-01,1.818401393001534139e-02,2.407766234172718962e-03,-3.200495954240570318e-01,1.468028271452418154e-01,8.807515131634571781e-02,1.160106107071868564e+00,-7.930879403144193429e-02,9.930929097624976998e-02,4.487911415944015325e-02,9.069431118507478851e-02,-2.216398722256603115e-01,-1.120299316716451554e-01,7.683476146868255530e-01,1.691091711386434387e-03,1.564571574660165720e-01,3.028198510885221281e-02
-5.880311699852213136e-01,-2.595385923973483888e-01,-1.590506762186659206e-01,7.493743687747800308e-01,5.524609266537253704e-01,-2.193477170441144875e-01,1.290075547123395339e+00,-1.130604487543290126e+00,-1.338518407707797730e-01,-3.959136782101612545e-02,9.662283086692958767e-01,-4.130562043839756670e-01,2.356192798052703652e-01,-1.092860674299736212e+00,-8.878587166768547867e-02,-5.061701084408686685e-02,1.072932918567799376e+00,-5.398732178985122809e-01,-2.356187006719975274e-01,1.069265058594343898e-01,1.748041263665095491e-02,1.326205191933237972e-02,-2.976651699468260137e-01,1.334786676014596829e-01,1.082147430315144321e-01,1.169549327901457936e+00,-7.866808258274675392e-02,1.006392272764409790e-01,4.496689481519074161e-02,1.067028592449015406e-01,-2.050990911091956359e-01,-1.115267981842999884e-01,7.701867371696936582e-01,1.666036889543461106e-03,1.583575559982898229e-01,2.969928808690333599e-02
-5.891725302186336943e-01,-2.483575661240235433e-01,-1.490205543250918974e-01,7.543123513328989782e-01,5.513237523136639284e-01,-2.211984697979196834e-01,1.301975870721580719e+00,-1.066689901176510080e+00,-1.345691491645837901e-01,-4.540442612536257222e-02,9.200955256790113168e-01,-3.906955504243478372e-01,2.356127075632820644e-01,-1.030906545284960396e+00,-8.731620303125287030e-02,-5.202627528207122432e-02,1.025834039892546956e+00,-5.228399806813087691e-01,-2.356162760121270905e-01,1.030388423620815092e-01,1.622773533225166723e-02,3.088023669772078580e-02,-2.742766690942875507e-01,1.201064166321785670e-01,1.290485948913127068e-01,1.181042326390509656e+00,-7.763121218251481381e-02,1.033992282393127043e-01,4.496000745995878262e-02,1.164398209430497627e-01,-1.858118831250759606e-01,-1.079123592061052295e-01,7.697251691060970069e-01,1.806337120234589519e-03,1.566909491037098423e-01,3.020059833544537845e-02
-5.935449332652040777e-01,-2.356956979785885531e-01,-1.372129646274955483e-01,7.571819810902291614e-01,5.494105927063843708e-01,-2.216451273936438648e-01,1.308214507075599942e+00,-1.006556355361419630e+00,-1.370015636607266607e-01,-4.922245964401219392e-02,8.836696900798732823e-01,-3.751043376561465914e-01,2.356183317786781362e-01,-9.683653284029573038e-01,-9.096805539442714972e-02,-5.336906393429541318e-02,9.873611420452886867e-01,-4.682484299414949591e-01,-2.356192612615062021e-01,9.090831696705767295e-02,5.126733262778414985e-03,5.582408026057357475e-02,-2.636231028813375565e-01,1.127918281929907729e-01,1.521761652450105418e-01,1.185179455045265673e+00,-7.636860688593845314e-02,1.026070809195048505e-01,4.499412131644110052e-02,1.216381824978880061e-01,-1.663527756589459061e-01,-1.020791278311720951e-01,7.704098940443736554e-01,2.145974910482164634e-03,1.570414540599125719e-01,3.078634955965915687e-02
-5.975355195771218098e-01,-2.200637855181997726e-01,-1.243846965314524960e-01,7.609544535751644467e-01,5.482983034645437792e-01,-2.234739472028222929e-01,1.315429838314388755e+00,-9.384386398279067620e-01,-1.378592001106543619e-01,-5.249337482330827809e-02,8.468906869087536871e-01,-3.607585780395363151e-01,2.356081350279104203e-01,-9.055986674010204629e-01,-9.099140248045886614e-02,-5.413812655042007232e-02,9.593726612088001593e-01,-4.388430281770273611e-01,-2.356150210835153136e-01,8.859297572629608319e-02,3.438689359262939692e-03,7.586894431914556480e-02,-2.481474856494819137e-01,1.032754046350030791e-01,1.711421289108076005e-01,1.192118694820185842e+00,-7.542740361724142861e-02,1.039434575888133760e-01,4.495334877088802417e-02,1.367909879746442015e-01,-1.512847811883678562e-01,-9.597386668788343567e-02,7.699824186475582311e-01,2.548307053528590504e-03,1.565482542864050086e-01,3.161124809468866814e-02
-6.029110104429331596e-01,-2.046862232898440381e-01,-1.130232998704200631e-01,7.627762431856557335e-01,5.457857800810897997e-01,-2.242705287195104480e-01,1.324638619888265145e+00,-8.818226424999798807e-01,-1.363848601794991067e-01,-5.588121920203848597e-02,8.192183524218630275e-01,-3.352565896480277363e-01,2.356006991130072670e-01,-8.391694102072897454e-01,-8.843555008770058457e-02,-5.850768014341844320e-02,9.195332411069256917e-01,-4.184647680977709450e-01,-2.356122645272659133e-01,8.240662902205897478e-02,-2.416222592047436672e-03,1.043905027833877397e-01,-2.423935266222040641e-01,9.894766367099305793e-02,1.891213683765921860e-01,1.192542502615544286e+00,-7.458883564172527625e-02,1.032373590367357263e-01,4.492454374651496524e-02,1.481258046315190591e-01,-1.344494569696287889e-01,-8.966166632477351461e-02,7.686066743360469022e-01,2.953664119965927759e-03,1.561579150602723509e-01,3.246520215115122204e-02
-6.073777850970066838e-01,-1.896277397181531377e-01,-1.011708472240620271e-01,7.647862486812928573e-01,5.437766776363601728e-01,-2.250383831023490822e-01,1.332113545092570073e+00,-8.180168313907925093e-01,-1.353694404024008702e-01,-5.952520715895734393e-02,7.802577051038330769e-01,-3.119462351070613759e-01,2.355994743982438300e-01,-7.731769615575084797e-01,-8.791595068683970282e-02,-6.269160606713136685e-02,8.777568337649453989e-01,-3.993126968420974143e-01,-2.356122920912158136e-01,7.592964825674695939e-02,-6.501857918500139437e-03,1.350696360156020126e-01,-2.387953249359744956e-01,9.508657539667783598e-02,2.024679561629365576e-01,1.189422142168192753e+00,-7.408532856841130998e-02,1.020751145469761673e-01,4.492691736749608589e-02,1.558349546292284726e-01,-1.213855021958302194e-01,-8.378053032888643781e-02,7.647181523331165742e-01,3.301995934755868473e-03,1.553702301200963476e-01,3.303933349183979518e-02
-6.102377061311805573e-01,-1.717684903682510644e-01,-8.976578692428502371e-02,7.681455794510769763e-01,5.429467361466485675e-01,-2.268466710884628201e-01,1.342260363685041424e+00,-7.434096496732495174e-01,-1.292456123404353840e-01,-6.272307043243836866e-02,7.335861156482935685e-01,-2.869567452618350112e-01,2.355965253592492148e-01,-7.006537439311969484e-01,-8.639785185017444247e-02,-7.277346153210548230e-02,8.333542184625625238e-01,-3.729758305288694564e-01,-2.356121326809743066e-01,7.490859628284550487e-02,2.321610270978941481e-04,1.671910437648367886e-01,-2.342512552403582526e-01,8.462955823134488131e-02,2.132793887733878957e-01,1.187804753477619712e+00,-7.359126645122615606e-02,1.017778817141134634e-01,4.493437290049837052e-02,1.621755649026038471e-01,-1.141610023680995761e-01,-8.332656178387085055e-02,7.662734901129401033e-01,3.306873127714080301e-03,1.564204206497761818e-01,3.284188562972428088e-02
-6.143603705325259012e-01,-1.571584500641790560e-01,-7.990132027708102269e-02,7.690762873152061641e-01,5.419730229320525172e-01,-2.282112626157974666e-01,1.346387894866367008e+00,-6.820047546761148771e-01,-1.262223132568622286e-01,-6.549684192667130922e-02,6.949952403283740088e-01,-2.737682457175060757e-01,2.356004023930272362e-01,-6.372580467379836966e-01,-8.606711255434125463e-02,-8.266380308890079742e-02,7.946910286809173440e-01,-3.606654834751144567e-01,-2.356135605627832641e-01,7.062565766035858172e-02,-6.528499314373788828e-04,1.868311796635499233e-01,-2.290554656621109908e-01,7.814114509401845488e-02,2.241562418696618209e-01,1.186916425277447340e+00,-7.306309941503839889e-02,1.018162799575832028e-01,4.495273985665654976e-02,1.761390165797902252e-01,-1.065899583299323022e-01,-7.985351979512184117e-02,7.640174812485786005e-01,3.491573842896586715e-03,1.556405977163190235e-01,3.320342466540802950e-02
-6.156499225061508040e-01,-1.449873917235626752e-01,-7.269830865235171746e-02,7.711477063951213129e-01,5.416967432424752982e-01,-2.312542350238009914e-01,1.354418075028247737e+00,-6.209434640896732693e-01,-1.220623123477632410e-01,-7.118458370555502679e-02,6.483000332131989563e-01,-2.534724448197869795e-01,2.356072871970048555e-01,-5.772682519818330693e-01,-8.573732947349034517e-02,-9.625969381169011130e-02,7.458953326931129224e-01,-3.392788785350439595e-01,-2.356151887425751712e-01,7.240311371632159043e-02,1.801189940652011406e-02,1.930387327255915220e-01,-2.171976222294476622e-01,6.448468380116127718e-02,2.319107334653355001e-01,1.193989263858357575e+00,-7.287008642982824302e-02,1.035902262328743384e-01,4.495534371468867807e-02,1.870271355777173850e-01,-1.106507056163791025e-01,-8.258786344377375133e-02,7.719399785679739168e-01,3.312569599009067625e-03,1.580388409573115216e-01,3.239969625765209971e-02
-6.167541158016968117e-01,-1.357322055478269729e-01,-6.942635824511844689e-02,7.722506780829719863e-01,5.400327264095305946e-01,-2.338774441798293080e-01,1.356641959718348334e+00,-5.696673502585957172e-01,-1.123858729615159757e-01,-7.971537425063578153e-02,5.968710984966845157e-01,-2.454292497268646678e-01,2.356135488097897135e-01,-5.302816449893096307e-01,-7.720100336285970477e-02,-1.072944285800490616e-01,7.058434093067306181e-01,-3.275868795012507606e-01,-2.356176366541282152e-01,7.100256911451729991e-02,3.213811565315170989e-03,1.794544962905415819e-01,-2.025422129079346434e-01,6.468267976489568138e-02,2.457825403341493686e-01,1.206755013907509611e+00,-7.197850356835353014e-02,1.055565896159700312e-01,4.498690187789802092e-02,2.131320450564687108e-01,-1.005799811365602203e-01,-7.182110987945240776e-02,7.685840032986962500e-01,4.060860647024069209e-03,1.567676907931140895e-01,3.401533606251552766e-02
-6.167409821165809047e-01,-1.285489553596581846e-01,-6.453875526303555488e-02,7.739124473239293867e-01,5.379302625500942403e-01,-2.371787146568815341e-01,1.359258475832304303e+00,-5.238479720103760284e-01,-1.068027822180750430e-01,-8.180742683297306805e-02,5.570469442746233124e-01,-2.380725251197946257e-01,2.356143295385833836e-01,-4.859786435933619031e-01,-7.430192389396109154e-02,-1.177435356267593908e-01,6.697267249934486522e-01,-3.222422622837696204e-01,-2.356179570164315118e-01,7.148986889092114050e-02,-4.808093614010629929e-03,1.697001224602502079e-01,-1.894480896197524300e-01,6.480041012710963111e-02,2.599685623355333375e-01,1.216043008456624053e+00,-7.106656021758016306e-02,1.061647762078385404e-01,4.498941077549245549e-02,2.347258998470643510e-01,-9.277764910624024253e-02,-6.427494157380550521e-02,7.698991991316406214e-01,4.592420224024808088e-03,1.571377361095932790e-01,3.515219032880556593e-02
-6.155582931129375268e-01,-1.203846841289552688e-01,-6.115839428456875532e-02,7.764374839068447498e-01,5.385205607975385167e-01,-2.408107274205457671e-01,1.362146355202592085e+00,-4.816954794977851839e-01,-1.000918511055663568e-01,-8.073063717054196342e-02,5.224378908656440723e-01,-2.315902135903134818e-01,2.356150686186722076e-01,-4.448775893890335453e-01,-6.835491095476946277e-02,-1.250772216535535331e-01,6.344938877350849715e-01,-3.167822415869558372e-01,-2.356180478901447606e-01,7.218315805740645186e-02,5.591496288338304241e-03,1.576390324777487972e-01,-1.728438609441823037e-01,5.801992916030210973e-02,2.732675030414871697e-01,1.219148406471205925e+00,-7.038745539862066580e-02,1.050080754292417040e-01,4.498697848299097746e-02,2.505037602632446680e-01,-9.648241305418200908e-02,-6.937502790128730057e-02,7.690172067146062718e-01,4.092046660023935037e-03,1.577607566496986857e-01,3.339069134097594205e-02
-6.136669271764795264e-01,-1.133423930374426736e-01,-5.906096928731975615e-02,7.791522356620467216e-01,5.381391574105692799e-01,-2.447086440749036973e-01,1.365692750792108390e+00,-4.436956087892738876e-01,-9.102614519221741141e-02,-7.755289892987278499e-02,4.896119056619003818e-01,-2.224546006489354633e-01,2.356157750278519425e-01,-4.085381862021933985e-01,-6.332551581270327856e-02,-1.349051340464513526e-01,6.002883037021622403e-01,-3.050151760705196446e-01,-2.356182622093478674e-01,7.403801297575923757e-02,6.508979445849713726e-03,1.465475979721669042e-01,-1.566060399377789403e-01,5.401026393625765754e-02,2.870480098822857928e-01,1.223531097837348813e+00,-6.962301953451228986e-02,1.046188890248899578e-01,4.498927041338868227e-02,2.669000852909276800e-01,-9.508180498685321613e-02,-7.223049457183451649e-02,7.699143020177364738e-01,3.810319994271716120e-03,1.584344341890440988e-01,3.252884249846382109e-02
-6.110636505572200061e-01,-1.070626818373043021e-01,-5.635090599661553290e-02,7.822808782776480285e-01,5.369019015932018357e-01,-2.479532405579739363e-01,1.368204936613500955e+00,-4.069303691636033671e-01,-8.108829372908631095e-02,-7.046853222034940578e-02,4.572751986699519211e-01,-2.149741497594401807e-01,2.356142927682623456e-01,-3.732758740732507463e-01,-5.875845030726657009e-02,-1.459191566834578957e-01,5.660369219288694520e-01,-2.933084684628360361e-01,-2.356176285332680920e-01,7.099335225252481618e-02,1.511695535441492759e-03,1.417506106571445046e-01,-1.410438385249890014e-01,5.734519304397497214e-02,2.979893700705993909e-01,1.226857243380298224e+00,-6.924508484313476875e-02,1.040451448956256630e-01,4.498537332549241291e-02,2.771005701165796253e-01,-9.123434894776191739e-02,-6.869931965512150740e-02,7.730227313885988938e-01,4.126988369169031119e-03,1.597006144068329470e-01,3.324737924441503734e-02
-6.079718585960157684e-01,-1.013113144984857245e-01,-5.288040071940118547e-02,7.856907151861033389e-01,5.385809892533560683e-01,-2.502316674954213060e-01,1.366413361211922917e+00,-3.762999270712247268e-01,-7.677012555349280176e-02,-6.004046283986901045e-02,4.321731538598574951e-01,-2.160288906433584788e-01,2.356097046374938109e-01,-3.441217597405026307e-01,-6.039783159370105264e-02,-1.554423007911298060e-01,5.413723039593045794e-01,-2.944028259177630114e-01,-2.356151672335765335e-01,6.954050948054249504e-02,1.847395178126401069e-02,1.415273994290893733e-01,-1.305593344383091658e-01,4.626359448928013540e-02,3.018075460724604087e-01,1.230326220731853493e+00,-6.949460132949648872e-02,1.039057816887654917e-01,4.495936671713596927e-02,2.738021433178862152e-01,-1.004087381868960516e-01,-7.576778054169787391e-02,7.846827747666021979e-01,3.628728012948364071e-03,1.620226720604864279e-01,3.222966467996664364e-02
-6.065347231360468383e-01,-9.610969067110572417e-02,-5.025631642462775883e-02,7.876248216307121242e-01,5.379507097760622969e-01,-2.533053743962657700e-01,1.368214000609283554e+00,-3.464051894652392938e-01,-6.972235065067793058e-02,-4.990572107803459972e-02,4.086913512578300711e-01,-2.120348373181737134e-01,2.356140500740836752e-01,-3.147541921012866895e-01,-5.922695569870587567e-02,-1.664368436490818448e-01,5.171222514980918783e-01,-2.900559150354666271e-01,-2.356173385443339763e-01,6.676129594098971498e-02,1.806513918292500243e-02,1.372510183200910949e-01,-1.214702651525297050e-01,4.544762121034943980e-02,3.073515922761508312e-01,1.232979332125696992e+00,-6.942145937798582800e-02,1.035568843996857308e-01,4.498339771851106450e-02,2.792558824622111135e-01,-1.027662335480266781e-01,-7.942910165031945302e-02,7.881625370214508930e-01,3.375103577470037024e-03,1.624466390435676533e-01,3.199917972037401304e-02
-6.049775183368822917e-01,-9.173506131090101989e-02,-4.810432913814257500e-02,7.894763165234293112e-01,5.381421254366317575e-01,-2.558292664606525713e-01,1.370288586196886538e+00,-3.223252592671236316e-01,-6.434600104194404535e-02,-4.007819767945121348e-02,3.903939356133695471e-01,-2.047258524870413099e-01,2.356128363746201049e-01,-2.896338788595170244e-01,-5.940543674180472078e-02,-1.775441710125973682e-01,4.944743778486721530e-01,-2.830812751094394231e-01,-2.356169369514412859e-01,6.475056152243315044e-02,1.948892001164197543e-02,1.353615847273087480e-01,-1.169540328134117818e-01,4.289084419789203351e-02,3.113659078292935756e-01,1.236126881412729528e+00,-6.941319710338665627e-02,1.032394229758959031e-01,4.498301581413859801e-02,2.803474861513866601e-01,-1.022140998605388373e-01,-8.484761864298888401e-02,7.917078372201057368e-01,2.929626510277652009e-03,1.628948245929304761e-01,3.128134914612037271e-02
-6.035886719002483414e-01,-8.717610329575803396e-02,-4.690857635571741430e-02,7.911261768088206914e-01,5.381732078470193859e-01,-2.579888780728897824e-01,1.370209642629436786e+00,-3.019853886709346624e-01,-5.742279816137058762e-02,-3.189859800997157241e-02,3.774238550458074437e-01,-2.037884326695845461e-01,2.356144409336027312e-01,-2.676624281921897719e-01,-5.737845101456168218e-02,-1.886533975282135012e-01,4.761824996178500857e-01,-2.805347351114525489e-01,-2.356176332039655041e-01,6.310615377023699735e-02,2.095204579811512161e-02,1.338087642078319983e-01,-1.146503325378960547e-01,4.285757462076439372e-02,3.158963127766913903e-01,1.238717693776938633e+00,-6.928420579630491238e-02,1.027764548974907377e-01,4.498895000423412671e-02,2.816512823443405589e-01,-1.009575578560099884e-01,-8.914163609868931692e-02,7.947895834335708676e-01,2.565177912314672674e-03,1.631475639729617066e-01,3.071355034153157651e-02
-6.024224263398658685e-01,-8.286033261741686251e-02,-4.521040608539574068e-02,7.925764346124060111e-01,5.385598219303556755e-01,-2.594379867004447671e-01,1.371360022563334002e+00,-2.832096160569330112e-01,-5.267124672774899791e-02,-2.413015063891396986e-02,3.654882320382512040e-01,-2.023210619650014919e-01,2.356150202991978970e-01,-2.469001337691012210e-01,-5.652284639097799462e-02,-1.984834034998745611e-01,4.584911092821705725e-01,-2.785661716910585173e-01,-2.356179101951627053e-01,6.259197214619192928e-02,2.431767898589153043e-02,1.384066454409559610e-01,-1.172024818628278203e-01,4.250902948602323234e-02,3.206610749468383204e-01,1.240971457895141183e+00,-6.905584417166082956e-02,1.022378791042762858e-01,4.499199697975093254e-02,2.799921803377396490e-01,-1.004812386035936755e-01,-9.014707394546235542e-02,7.984265109467834076e-01,2.486274563905188726e-03,1.632543140579566232e-01,3.078128925460379972e-02
-6.009713900340383219e-01,-7.819996383807867324e-02,-4.200968300633736718e-02,7.943257143955406718e-01,5.379237833819084935e-01,-2.601245474883875364e-01,1.371482404113494535e+00,-2.635437315320572349e-01,-4.859234016262736766e-02,-1.645792450118430117e-02,3.553798547309720557e-01,-2.028741044375171887e-01,2.356159559533474446e-01,-2.264193673046685229e-01,-5.619395818914556945e-02,-2.073102948727177097e-01,4.442114686119373324e-01,-2.792155220149328820e-01,-2.356184518801829608e-01,6.017484580822713564e-02,2.040565103857072682e-02,1.405889142993320406e-01,-1.244215695091186735e-01,4.347848880188665693e-02,3.268625187803180787e-01,1.243720357892653006e+00,-6.859835091967828036e-02,1.011405514017201940e-01,4.499586087664531747e-02,2.751081495808355148e-01,-9.967313454408817386e-02,-8.919790692362025708e-02,7.953038285418417841e-01,2.426252194404843188e-03,1.600336340014467118e-01,3.104589062672701016e-02
-6.024936060977107433e-01,-7.858585332647928523e-02,-3.722988034016108672e-02,7.933723301692483520e-01,5.367319585974171803e-01,-2.605724150208760248e-01,1.371263847852117079e+00,-2.536134454693624862e-01,-5.525243894205520562e-02,-9.405692569610876047e-03,3.473433265643359746e-01,-2.001833717837852022e-01,2.356025556316167779e-01,-2.098487407265555438e-01,-6.502394706481427755e-02,-2.099697997077038525e-01,4.226499981412219498e-01,-2.837807725871417941e-01,-2.356156685330786649e-01,5.867720761115485101e-02,7.495032381901067624e-03,1.468175450475180110e-01,-1.328896275780380998e-01,4.944599610004946078e-02,3.345240878269423179e-01,1.245471709774259139e+00,-6.813798206227758558e-02,9.997929201791430631e-02,4.499005933946593344e-02,2.795637049497010640e-01,-9.452843231950314173e-02,-9.143752245621909747e-02,7.916878103341762341e-01,2.158310266269129231e-03,1.604179299248469359e-01,3.003147823197079708e-02
-6.025373630530326263e-01,-7.591873897464537779e-02,-3.633878359187286272e-02,7.936400720759131389e-01,5.357881401600609328e-01,-2.606528362878598459e-01,1.370298838483023030e+00,-2.446245610051234753e-01,-5.114664350256243469e-02,-6.751169350866039788e-03,3.417257971256054128e-01,-2.021147617289724974e-01,2.355826823006688386e-01,-2.029809737038541784e-01,-6.317724153131983045e-02,-2.199946885215446069e-01,4.257808748372416963e-01,-2.899242455362094351e-01,-2.356141725055076186e-01,5.631348826024178827e-02,-2.840387839338754088e-03,1.514130626459908313e-01,-1.417054601881460041e-01,5.421681746070768082e-02,3.432993877346275369e-01,1.248379867525881481e+00,-6.746302995092558208e-02,9.909237044509248971e-02,4.498976322628989860e-02,2.816754766233096618e-01,-8.690424843622718276e-02,-8.653095782244638046e-02,7.911315801230354161e-01,2.542005566156622844e-03,1.613718685693309451e-01,3.061849619289354341e-02
-6.032228274556076242e-01,-7.687811908343189504e-02,-3.366167394622014697e-02,7.931449217827686304e-01,5.346882904640291034e-01,-2.610927012268614011e-01,1.368333959819922008e+00,-2.404189052281902050e-01,-5.549094551441596801e-02,-2.851077582434579337e-03,3.388794853981595967e-01,-2.069055068792964025e-01,2.356120784016996206e-01,-1.954698045614746138e-01,-6.920498605232393297e-02,-2.206909650982249727e-01,4.152103278185537150e-01,-2.992875145132716241e-01,-2.356193619943418305e-01,5.564590616957855451e-02,-1.521834469772296618e-02,1.471733121535739319e-01,-1.472497895822625358e-01,6.128470385724747727e-02,3.522001919005024462e-01,1.250690782491947983e+00,-6.686492731746591922e-02,9.826771245609572381e-02,4.499901147694719550e-02,2.866749105483255011e-01,-8.284643027752486288e-02,-8.144545917225999576e-02,7.876056420638070099e-01,2.873659363341162475e-03,1.601892887517202546e-01,3.132964983229437339e-02
-6.027690629228573682e-01,-7.747762964136230279e-02,-3.308709366309217637e-02,7.934556811323403291e-01,5.346118909808799113e-01,-2.616263242209325157e-01,1.368052127000956686e+00,-2.380262070635524863e-01,-5.674955460252436440e-02,2.498832077647161363e-04,3.355749537724466713e-01,-2.092867725677542423e-01,2.352391690113615208e-01,-1.918513249828946166e-01,-7.131357226430273810e-02,-2.229654392510680150e-01,4.092236576008798088e-01,-3.039586369158129853e-01,-2.356145784958186551e-01,5.569348490707343169e-02,-1.808541914982791585e-02,1.466430213862585374e-01,-1.512515158659930026e-01,6.502989415191195999e-02,3.598211266063711666e-01,1.254034269265936752e+00,-6.641620698069664042e-02,9.855333872721748489e-02,4.499217012062415449e-02,2.876930355167563458e-01,-8.291874238864704871e-02,-8.011637574091705349e-02,7.874327451867416672e-01,2.946733424411225339e-03,1.603069704860284050e-01,3.137348188675959104e-02
-6.028021131526427601e-01,-7.622735040509931448e-02,-3.342954793257765095e-02,7.935373140274817327e-01,5.348626414053893052e-01,-2.616545064707917478e-01,1.368489978578829591e+00,-2.341808957860541940e-01,-5.397999174460785948e-02,2.249129084578085306e-03,3.317192278781769255e-01,-2.093535698898359998e-01,2.331021394303502692e-01,-1.878213124668221823e-01,-6.951901761960400938e-02,-2.260480441212172342e-01,4.049289231926023747e-01,-3.032521992975091840e-01,-2.356190601469017598e-01,5.604504619769118401e-02,-1.629948357459406333e-02,1.450010540100721002e-01,-1.582712552945452489e-01,6.706045259663435953e-02,3.663257244159678350e-01,1.252253406928324431e+00,-6.616038566005967569e-02,9.690757465946164828e-02,4.499860294916051273e-02,2.841950282908927150e-01,-8.471383050063538422e-02,-7.937057591277195401e-02,7.882136677543100101e-01,2.999749336967622547e-03,1.605746538318221783e-01,3.147052887194479176e-02
-6.025190083605793667e-01,-7.615729042711742725e-02,-3.330246334764948302e-02,7.937643589970276858e-01,5.358549884504312244e-01,-2.615564431156742753e-01,1.366878094344722294e+00,-2.333185486043857504e-01,-5.445982502435642997e-02,5.298901944501047644e-03,3.303369138302616470e-01,-2.134246346203484135e-01,2.291623730978879225e-01,-1.869679241066933839e-01,-7.134128427167103770e-02,-2.275391724350964984e-01,4.038828857049297505e-01,-3.072859121407582328e-01,-2.356156555925834339e-01,5.524388091551339641e-02,-1.178826465639781947e-02,1.489082614853768638e-01,-1.635721713402814304e-01,6.599690581414194290e-02,3.703260526275999887e-01,1.253745843432882090e+00,-6.615823699673450964e-02,9.731890104015647469e-02,4.499117302277055169e-02,2.779491228990248475e-01,-8.919390354735584614e-02,-8.115904690111105935e-02,7.908498637363030603e-01,2.862646326195326767e-03,1.607479070425792134e-01,3.121320335824655234e-02
-6.029672669388146389e-01,-7.623848089269401329e-02,-3.302887016428460859e-02,7.934275409684121705e-01,5.360377999003086424e-01,-2.621766364775451885e-01,1.368040633559200137e+00,-2.314217428444266533e-01,-5.477285003772103950e-02,8.054566565342743956e-03,3.280073672011897257e-01,-2.114207749018375548e-01,2.231643869772084177e-01,-1.848323526661065641e-01,-7.262772171509226937e-02,-2.284384791135857795e-01,4.018011357636514513e-01,-3.050485159024308723e-01,-2.356152823740212399e-01,5.554491416624279809e-02,-1.319340766577496715e-02,1.474831916631751672e-01,-1.657925000479329725e-01,6.830838491298182880e-02,3.746422830586474961e-01,1.255157983896254326e+00,-6.609441600827627161e-02,9.799140436207692817e-02,4.499085763665637561e-02,2.791825828424894795e-01,-9.070421356267689694e-02,-7.984701151729296786e-02,7.916692163398356685e-01,2.999189717670432392e-03,1.608855448611616334e-01,3.166772421372565649e-02
-6.043777897374458252e-01,-7.717610825190197865e-02,-2.937786804119429593e-02,7.924066357978867270e-01,5.364491984640862299e-01,-2.614137904889174413e-01,1.369590219887113491e+00,-2.284870896668612927e-01,-6.224086781221681297e-02,1.268012318416759932e-02,3.239543991754483265e-01,-2.028546373068275122e-01,2.151737569910994741e-01,-1.825196779243738465e-01,-8.134854101067721943e-02,-2.277232763305564178e-01,4.014343648970771783e-01,-3.018863079647272074e-01,-2.356190251640025157e-01,5.318049029976620184e-02,-2.078205508841901236e-02,1.472944562182842698e-01,-1.723541819031093603e-01,6.938296072975190520e-02,3.788022480115373902e-01,1.252657667934200969e+00,-6.604948023579838845e-02,9.667110175801370275e-02,4.499781198775597985e-02,2.720621976496631622e-01,-9.185672141540153490e-02,-8.074262226065050119e-02,7.888304294892510837e-01,2.862316676246710705e-03,1.590327438189753362e-01,3.160416703505958963e-02
-6.062893554644865901e-01,-7.815290312513088755e-02,-2.720486527937091351e-02,7.909268211969440188e-01,5.369277118568555052e-01,-2.611820397957475559e-01,1.370250607229179352e+00,-2.266324335271505674e-01,-6.730216384232115545e-02,1.727511131199462729e-02,3.185049884750015270e-01,-1.949988603955249700e-01,2.066976634470797380e-01,-1.821605712027363766e-01,-8.798552823231792219e-02,-2.279661459779590282e-01,4.026942257727028074e-01,-3.004281802072414909e-01,-2.356190571464691630e-01,5.213044683797770501e-02,-2.539439441527564095e-02,1.510681479269061489e-01,-1.759358605262593134e-01,6.847150840893961865e-02,3.826049248411380610e-01,1.252912896847889757e+00,-6.594306116730838663e-02,9.697614303531197633e-02,4.499790054555641294e-02,2.730223473346858332e-01,-9.247870371352362451e-02,-8.126562475433143917e-02,7.869896884779287172e-01,2.830232989130633970e-03,1.586449730849230078e-01,3.168247761018780362e-02
-6.075925329375286843e-01,-7.838395293208026693e-02,-2.640169936753916646e-02,7.899305160023921690e-01,5.379519180793024269e-01,-2.613891406104748572e-01,1.370829034660936196e+00,-2.258364101593749174e-01,-7.011295739190276377e-02,2.128647249659854079e-02,3.153694043190237717e-01,-1.885710841864806087e-01,1.976497167829015245e-01,-1.821654699989111725e-01,-9.248971109215246844e-02,-2.283577161071601302e-01,4.044003013923888612e-01,-2.971889621048631747e-01,-2.356193832182403858e-01,5.379230227857170060e-02,-2.093206997967478680e-02,1.515040421435951690e-01,-1.777792705872128232e-01,6.125282239232471282e-02,3.893619097076799762e-01,1.251122428082301896e+00,-6.544650240351505832e-02,9.749061162526510838e-02,4.499851432172131960e-02,2.754318442124671362e-01,-9.567488122144995888e-02,-8.583677608594063313e-02,7.855532536760472251e-01,2.491245661482295159e-03,1.586672741748705318e-01,3.099673171849442327e-02
-6.083551443698753669e-01,-7.629534653081411488e-02,-2.657005806891323679e-02,7.895423170613881103e-01,5.394529639323084602e-01,-2.618752733524516985e-01,1.371024944226039155e+00,-2.230006983190885861e-01,-6.863596592486258252e-02,2.426383519426833502e-02,3.159870682255527807e-01,-1.868338178367299485e-01,1.887791481893713597e-01,-1.784274579848132147e-01,-9.196875825918503222e-02,-2.290299031924982465e-01,4.050903272469038030e-01,-2.946824042816511002e-01,-2.356191956318646197e-01,5.818893253898037299e-02,-9.836399219577261765e-03,1.446709964125545977e-01,-1.784863741507967394e-01,5.271184811087258754e-02,3.959425391566900321e-01,1.247946849033287675e+00,-6.516695219849516496e-02,9.678111980229490985e-02,4.499746117677339702e-02,2.780656498679295319e-01,-1.006700622069557349e-01,-8.938139100330484699e-02,7.848176491569079927e-01,2.247884569514834504e-03,1.584915960058584927e-01,3.054803582748737839e-02
-6.088274256784443894e-01,-7.551697957953132367e-02,-2.713635580729503727e-02,7.892337864856286966e-01,5.411011060786303783e-01,-2.617045818956068026e-01,1.370930004476173636e+00,-2.239066343017963590e-01,-6.806169171541158469e-02,2.707479535505340901e-02,3.172517447809772295e-01,-1.868960273354624557e-01,1.802016884920689677e-01,-1.779018416802571056e-01,-9.208474136978447855e-02,-2.292976043682801723e-01,4.045594491286541028e-01,-2.935087969605780223e-01,-2.356180827348037243e-01,6.143818058004183597e-02,-4.253697999833293275e-03,1.448102290232008427e-01,-1.795635346926898468e-01,4.507807195368675884e-02,4.018438973018793048e-01,1.248459267132379535e+00,-6.490796999401186873e-02,9.731158853758807570e-02,4.499388012087903593e-02,2.790856181541034320e-01,-1.032394511785304642e-01,-9.266435833714048442e-02,7.851200454726346978e-01,2.020878958200639751e-03,1.585109915458728647e-01,3.012034376703084590e-02
-6.095409678028009814e-01,-7.285546355902725035e-02,-2.815869368295930916e-02,7.888973177604885478e-01,5.428356011286979976e-01,-2.618443491544126811e-01,1.370515073890513635e+00,-2.216457043012212969e-01,-6.472666609568523965e-02,2.776283809955932061e-02,3.195664436872617253e-01,-1.907972842525629542e-01,1.711064481476139432e-01,-1.734156250900056040e-01,-8.913562474761682619e-02,-2.306342406714801396e-01,4.037193936609622114e-01,-2.935103211312555249e-01,-2.356154201820110927e-01,6.409848711507652730e-02,2.369657755064790913e-03,1.429372951746149534e-01,-1.792003254579635774e-01,4.247221239654282166e-02,4.033961933535827327e-01,1.250573141487469897e+00,-6.529391699027520257e-02,9.852048441922989230e-02,4.497619134022882298e-02,2.820665933174634765e-01,-1.047124232026498264e-01,-9.395901763714929744e-02,7.873680255812255391e-01,1.970011630035208711e-03,1.591499987201155653e-01,3.001348023757986760e-02
-6.100954038581062333e-01,-6.990251223029540772e-02,-2.856629356840138800e-02,7.887212459715229329e-01,5.433677629485775817e-01,-2.620209449629991028e-01,1.371737490222239897e+00,-2.168486594916956833e-01,-6.021237606216510441e-02,2.761403573564510938e-02,3.208678664843003236e-01,-1.921199593541603745e-01,1.613311324349429587e-01,-1.662780808765122464e-01,-8.510658512417695887e-02,-2.326228467699340552e-01,4.004751630707777399e-01,-2.895581922715721457e-01,-2.356151567077242881e-01,6.621820296589960020e-02,4.753061313274113946e-05,1.362220047714131077e-01,-1.791232424998939199e-01,4.144772905549070491e-02,4.037048252162844242e-01,1.249748197624156676e+00,-6.566674165194849588e-02,9.875255927353350505e-02,4.497673971604932569e-02,2.834070686200098055e-01,-1.005587353461798172e-01,-9.147234294514559882e-02,7.894357102378773972e-01,2.185346155596420200e-03,1.592389815689491117e-01,3.077114649236276089e-02
-6.098021307776190225e-01,-6.858130780323448694e-02,-2.849913070977738716e-02,7.890663882512425342e-01,5.459675682924929330e-01,-2.615030632503413943e-01,1.368846245176610354e+00,-2.159055888802105250e-01,-6.154403396360146050e-02,2.878228326642001331e-02,3.227438616655806669e-01,-2.019590876250687839e-01,1.523315707092889049e-01,-1.644882890319530055e-01,-8.678656960210527627e-02,-2.332612492037671736e-01,4.004948688323468620e-01,-2.959940556675229040e-01,-2.356130469496760249e-01,6.855164907567194710e-02,9.222845846670062533e-03,1.379201019699241582e-01,-1.795722326689614678e-01,3.495731648905689437e-02,4.005523745683244874e-01,1.249370780269258185e+00,-6.632886714973743048e-02,9.934643134701039158e-02,4.495752142222404074e-02,2.815842227167165701e-01,-1.053688864420185417e-01,-9.418218822900135956e-02,7.913704582291591905e-01,1.963870510695806329e-03,1.597928271556294522e-01,3.013449746202727722e-02
-6.099476736101492325e-01,-6.612713821731064368e-02,-2.854717177999370817e-02,7.891616412574290473e-01,5.459451513465127803e-01,-2.616833775545658325e-01,1.370225870598326345e+00,-2.124575223897383347e-01,-5.774126273893677441e-02,2.806290033256598690e-02,3.262049047764243315e-01,-2.043405161313426033e-01,1.431248551483752240e-01,-1.602737169318261545e-01,-8.371262484336310095e-02,-2.346505533515413355e-01,4.014433019212849119e-01,-2.937658464630652499e-01,-2.356173771993590738e-01,6.840559250433587979e-02,1.668254887606477558e-03,1.325064963382818206e-01,-1.778773294291732809e-01,3.799634707978866849e-02,3.994360101999777091e-01,1.247194593859721090e+00,-6.664126466862332898e-02,9.896347939512838143e-02,4.498855743796487117e-02,2.802830262004419315e-01,-1.026842730496302508e-01,-8.983452725714753673e-02,7.960289382307823569e-01,2.314297869437198767e-03,1.604719712112455399e-01,3.115125630046628943e-02
-6.102287812393100142e-01,-6.541880776898571781e-02,-2.890844660589989359e-02,7.889901874244726887e-01,5.451656711353730644e-01,-2.614345434348025465e-01,1.371349256351017676e+00,-2.132338009843823268e-01,-5.449464928805374669e-02,2.705628317344625083e-02,3.290398514447486211e-01,-2.036336004131148458e-01,1.344523012218873104e-01,-1.588744364009183896e-01,-8.064283289906115648e-02,-2.358738254727902883e-01,3.996407989888399181e-01,-2.893861236659881486e-01,-2.356178087788296793e-01,6.715144344033428803e-02,-4.210210735469069147e-03,1.329519393740982436e-01,-1.759275194052683233e-01,4.344605686781204124e-02,3.983872338727041940e-01,1.245288359724921801e+00,-6.687904324557422675e-02,9.900326749672862248e-02,4.499130509575743897e-02,2.823792380653601386e-01,-9.361574995362999252e-02,-8.616781493935800340e-02,7.946853670389432134e-01,2.499050021302347963e-03,1.594872875846225502e-01,3.167954244170934769e-02
-6.099827735137329787e-01,-6.349127952538033415e-02,-3.112350475271940045e-02,7.892535719859818943e-01,5.457117969726926754e-01,-2.616167753728242396e-01,1.370577607523871810e+00,-2.135387836998497713e-01,-4.846624153422018216e-02,2.568701536041228736e-02,3.309388247546314332e-01,-2.091714100731363601e-01,1.270150305065150531e-01,-1.577639923555148038e-01,-7.481611293391529638e-02,-2.379454575219262513e-01,3.974822259132049784e-01,-2.878202563822323534e-01,-2.356174526584859097e-01,6.866408951250176085e-02,2.562072220798649203e-03,1.328277713420836781e-01,-1.727794202482345332e-01,4.369558293395292559e-02,3.961126016647265602e-01,1.243929691050530861e+00,-6.723099905178585300e-02,9.902090698017375348e-02,4.498957524161101285e-02,2.882271459573010342e-01,-8.758880045845734985e-02,-8.180846082352773163e-02,7.930816296505694973e-01,2.843706518210432563e-03,1.593302579382396000e-01,3.242529309256619169e-02
-6.096332698173015929e-01,-6.183651658911565319e-02,-3.176462591577346867e-02,7.896293624786377974e-01,5.459237917020975939e-01,-2.617870645760371207e-01,1.371403689385994662e+00,-2.118394368841837461e-01,-4.512950123041627876e-02,2.520166545547929127e-02,3.318548668229835408e-01,-2.106682997497464627e-01,1.209266949583695655e-01,-1.549795830127162766e-01,-7.157119924977040082e-02,-2.393839944937463382e-01,3.946363876144307059e-01,-2.833617152379716009e-01,-2.356186877040791772e-01,6.786203675716455386e-02,3.566222481546346603e-04,1.296648016951105487e-01,-1.676280256569216143e-01,4.724992894929895548e-02,3.955368121767742218e-01,1.244174139207451013e+00,-6.735726976138260713e-02,9.915447167313118371e-02,4.499559334715042686e-02,2.904034717508275354e-01,-8.592998518288814946e-02,-7.804028988280072021e-02,7.955725419660825137e-01,3.130170551532848299e-03,1.595506251454102964e-01,3.314519237487462827e-02
-6.093122398973299658e-01,-6.050870973940388614e-02,-3.177311495386531820e-02,7.899795943713354696e-01,5.479473940468797544e-01,-2.614089692319863656e-01,1.369752015268878020e+00,-2.118706019206606506e-01,-4.585568095298703933e-02,2.574306802085265036e-02,3.347537324690160743e-01,-2.169737592394901937e-01,1.158421617352224514e-01,-1.543214145013750704e-01,-7.247879548469640665e-02,-2.396192209281285956e-01,3.954121194795000571e-01,-2.857590979231512951e-01,-2.356168272805418407e-01,6.686982998958543312e-02,1.007910049751257163e-02,1.317047530898879659e-01,-1.669512577487184957e-01,4.274982521112325601e-02,3.922711666174119038e-01,1.244942280269259349e+00,-6.785041533444863271e-02,9.949704667802454494e-02,4.498574567591630269e-02,2.861918453481255287e-01,-9.116901176194111556e-02,-8.295126823100508473e-02,7.978558692136394903e-01,2.737307319752069028e-03,1.604501877482265859e-01,3.205913801373768551e-02
-6.089888850806767229e-01,-5.904153830129944824e-02,-3.192969974018314977e-02,7.903335554547284980e-01,5.486008207017368798e-01,-2.614387865437654557e-01,1.369678891528381737e+00,-2.107609205998128843e-01,-4.425015434909620321e-02,2.510857761235213426e-02,3.384354404688963425e-01,-2.213929411195098007e-01,1.107296096432828364e-01,-1.527762357649690150e-01,-7.117779680848031199e-02,-2.400691136836511641e-01,3.971220882137195818e-01,-2.864451940445857936e-01,-2.356184637477715671e-01,6.600777492907274058e-02,9.511467575932351301e-03,1.322304119805046418e-01,-1.648597542901083235e-01,4.360338201688138127e-02,3.909899249897553219e-01,1.245451811817145593e+00,-6.808427320953047701e-02,9.944958151494140419e-02,4.499429054955707968e-02,2.881534615140853850e-01,-8.602223054210915432e-02,-8.176021319561078970e-02,7.964593335688919806e-01,2.784182103315133421e-03,1.605016581670901388e-01,3.197481213927391708e-02
-6.080712568393962236e-01,-5.848142200945046637e-02,-3.194661142642503393e-02,7.910807063150248064e-01,5.498964022298916676e-01,-2.612091235784919641e-01,1.368466885195610772e+00,-2.118214498884032626e-01,-4.469260291975269556e-02,2.527992184794745911e-02,3.429207419081907182e-01,-2.276374111610351414e-01,1.064295433902490845e-01,-1.536884975350910343e-01,-7.185820546867979774e-02,-2.391185171335034887e-01,3.998836203939933887e-01,-2.897206951335806746e-01,-2.356183128050654274e-01,6.570758522002782820e-02,1.485713531861348156e-02,1.329098012095776271e-01,-1.637510456594988562e-01,4.159695778246594311e-02,3.883021547619852631e-01,1.245625281480160940e+00,-6.849588243555802813e-02,9.965689336710661927e-02,4.499300000794188847e-02,2.865436125696471104e-01,-8.698026481350319694e-02,-8.607745840811495408e-02,7.967970600720494234e-01,2.431612506246996243e-03,1.608469299030270416e-01,3.102608794090477157e-02
-6.075384246499895280e-01,-5.786739322239870670e-02,-3.187075362197185763e-02,7.915381749726418947e-01,5.504557942981769258e-01,-2.611631955196672683e-01,1.368455874458258892e+00,-2.117866837117933221e-01,-4.411339630225061259e-02,2.589050908737576193e-02,3.459652742129915581e-01,-2.323478999721588223e-01,1.030291191734034884e-01,-1.532315810010931312e-01,-7.162406584427456757e-02,-2.384882481677515487e-01,4.009520454241795040e-01,-2.905174220615653335e-01,-2.356184130151477429e-01,6.543960963213474313e-02,1.611611394404074971e-02,1.337403370399491143e-01,-1.626758614534447034e-01,4.269027420654583627e-02,3.865389832320815233e-01,1.245666098485912032e+00,-6.880909188605967286e-02,9.980893231488871531e-02,4.499376369270959020e-02,2.868367077047023206e-01,-8.634125020715596732e-02,-8.736436390927422579e-02,7.961606822370986825e-01,2.347722354064142158e-03,1.608076832907053000e-01,3.079967160802404499e-02
-6.070430839608801366e-01,-5.720938391607530149e-02,-3.176240454633244559e-02,7.919702837004946039e-01,5.513357120413364676e-01,-2.612316475186011178e-01,1.368577001344291943e+00,-2.104627739309879453e-01,-4.410333136318257685e-02,2.704091304446078203e-02,3.465371002001964573e-01,-2.344783616330617382e-01,9.992051061110003574e-02,-1.520425727605208277e-01,-7.181459871216641644e-02,-2.381342745826396379e-01,4.005641920662407207e-01,-2.901222040717595929e-01,-2.356181028202607997e-01,6.491925339041304532e-02,1.980948887137331735e-02,1.344322567418891057e-01,-1.611782383094076676e-01,4.194581645064520553e-02,3.846801933195028722e-01,1.246693824760571667e+00,-6.917187879901436076e-02,9.989954875530700218e-02,4.499225032092919740e-02,2.857050049244991285e-01,-8.718232888191670971e-02,-9.000408384310226717e-02,7.970369324947804701e-01,2.146114351921467409e-03,1.609623375866487960e-01,3.030511474422095328e-02
-6.070190261988638314e-01,-5.664373524945000293e-02,-3.191278788660240062e-02,7.920233349206815543e-01,5.510002604022573580e-01,-2.617169087669883321e-01,1.368704225333856384e+00,-2.086400916327636190e-01,-4.244577576621392373e-02,2.751321098012528971e-02,3.459391957263722728e-01,-2.354480934848380835e-01,9.679780461020381921e-02,-1.506509549476015009e-01,-7.048465733161379809e-02,-2.382368736220970562e-01,4.002426383614620664e-01,-2.890545764601724632e-01,-2.356187367098011298e-01,6.374366235465039887e-02,1.558764492299436442e-02,1.329088263569899453e-01,-1.582667071156763916e-01,4.576118133319895948e-02,3.852986173955548210e-01,1.247455796552552343e+00,-6.922919610796673950e-02,9.989654627698281442e-02,4.499576782825787102e-02,2.896573161940096952e-01,-8.285181987715278806e-02,-8.794179201565555104e-02,7.956566658395725078e-01,2.309375848869281087e-03,1.604661892735760598e-01,3.075571786231707030e-02
-6.068333264780410019e-01,-5.726528229720873053e-02,-3.047443006168099391e-02,7.921775750622028767e-01,5.520202759917488544e-01,-2.620905557845445433e-01,1.368560122500099174e+00,-2.081115868808428859e-01,-4.745528751494512004e-02,2.987372485765244987e-02,3.460101018636768666e-01,-2.351187759015546386e-01,9.449687156882230488e-02,-1.518390861639621336e-01,-7.590502874845679593e-02,-2.356094212214941697e-01,4.034398461619966847e-01,-2.900752600943036219e-01,-2.356181291938862499e-01,6.274207376303365946e-02,1.703712088755211448e-02,1.340247316447972237e-01,-1.576132130800409203e-01,4.302498100481994686e-02,3.844196615125544669e-01,1.248796207982733719e+00,-6.950742580411058136e-02,1.000506602597866640e-01,4.499257322202986076e-02,2.894046131455132453e-01,-8.629530678170180269e-02,-9.013782086897328960e-02,7.955588254014483995e-01,2.151589066621596019e-03,1.604260540661752166e-01,3.038329277958443791e-02
-6.063551250391400194e-01,-5.751674375162267594e-02,-3.008544352988880635e-02,7.925403160815157610e-01,5.519444086438229924e-01,-2.624895719198714339e-01,1.368966067225887651e+00,-2.077595904222283019e-01,-4.869548695932880700e-02,3.081233172385415553e-02,3.462940364112419012e-01,-2.326219996079534613e-01,9.303073006722706317e-02,-1.521422103753111155e-01,-7.703980283096141524e-02,-2.337381069084819851e-01,4.046821140864387822e-01,-2.902264937012257739e-01,-2.356188185957802383e-01,6.235643120242320009e-02,1.253955013771871144e-02,1.339183599501410082e-01,-1.563063135050705710e-01,4.551462188732510739e-02,3.855073574237378176e-01,1.249554914242463122e+00,-6.954595896255866272e-02,9.992341895074323410e-02,4.499601870392109376e-02,2.908319832509220770e-01,-8.368633883836215648e-02,-8.896267596943553679e-02,7.950778753013260092e-01,2.231008540528169135e-03,1.599484472390224898e-01,3.065861861877895722e-02
-6.057538060668200552e-01,-5.664237015674391390e-02,-3.114348052847778353e-02,7.930221005490075692e-01,5.512541111119773074e-01,-2.629048355960788563e-01,1.369127244478845373e+00,-2.074591389542659869e-01,-4.494320626159001991e-02,2.987511433758807330e-02,3.478224295012155021e-01,-2.323041545119067242e-01,9.186876470638709324e-02,-1.506103313182145798e-01,-7.268946736789509699e-02,-2.337795706117881400e-01,4.027141181577362783e-01,-2.886530730568489522e-01,-2.356184659917490987e-01,6.309819555894995158e-02,1.222378026466498964e-02,1.332744532416602623e-01,-1.553804488674714601e-01,4.835744716557313638e-02,3.865267409606075177e-01,1.250290190938665003e+00,-6.962318127020182545e-02,9.999880749051281992e-02,4.499481344070890149e-02,2.929260447665775202e-01,-8.192710503028086122e-02,-8.740072993022332537e-02,7.945568245684213604e-01,2.341895371627683575e-03,1.594409330375823330e-01,3.099366241597843394e-02
-6.056028790556259311e-01,-5.757227036370042572e-02,-3.027660948106028135e-02,7.931039739422802715e-01,5.517432084438544937e-01,-2.633360620655251783e-01,1.369428224876761302e+00,-2.073733581688771144e-01,-4.797874520106641671e-02,3.157653174555873077e-02,3.475874575746238371e-01,-2.313946029732768528e-01,9.146207548044524294e-02,-1.513534100851085251e-01,-7.608629595890546715e-02,-2.315222359925726003e-01,4.034293903584119101e-01,-2.881316729597137027e-01,-2.356182037048893119e-01,6.286097172459206850e-02,1.047892449477219254e-02,1.339145823734768925e-01,-1.559526220100196370e-01,4.743298772332069091e-02,3.869879974376596032e-01,1.250537961033283629e+00,-6.975957884710524970e-02,9.993904764833673460e-02,4.499378276741512750e-02,2.931077193406917969e-01,-8.336871979029436552e-02,-8.734696728466993798e-02,7.943655544737663332e-01,2.338374100899125261e-03,1.591685721861127445e-01,3.102965478794898757e-02
-6.055130638480952232e-01,-5.814668953374664551e-02,-2.996755497498062790e-02,7.931423817035502255e-01,5.519721930830333578e-01,-2.637036759968586774e-01,1.369132861989740491e+00,-2.067644839286940373e-01,-4.948389487268953918e-02,3.278368457413309567e-02,3.462448824340604303e-01,-2.315273267267684842e-01,9.154282777310622510e-02,-1.526780638344820695e-01,-7.774086141946943973e-02,-2.298555906982039099e-01,4.057078585811673133e-01,-2.895613203094152266e-01,-2.356182282722836807e-01,6.279890298662040016e-02,1.034283019175788812e-02,1.339962150474995062e-01,-1.565363398360871128e-01,4.678746177693859920e-02,3.871161949834321381e-01,1.250736771423382798e+00,-6.995742031984239495e-02,9.993801653114320338e-02,4.499368305098203763e-02,2.930101778562874681e-01,-8.447206170211206400e-02,-8.814502152892447762e-02,7.946059813361573410e-01,2.267680660239494803e-03,1.592034303625882441e-01,3.086313728550703003e-02
-6.052418302387158056e-01,-5.840574147043789410e-02,-2.993016946625538105e-02,7.933317598888243172e-01,5.527013683909330899e-01,-2.642538208736713856e-01,1.369988312974973699e+00,-2.054463075085577461e-01,-5.072483093124842413e-02,3.421989365858143367e-02,3.438095410556130660e-01,-2.288499477494539691e-01,9.181676559553755834e-02,-1.532083694965875875e-01,-7.919240285120875134e-02,-2.286798833753596605e-01,4.065305665323352136e-01,-2.880428216841886546e-01,-2.356165597457581806e-01,6.360326071803193426e-02,1.516212140745647370e-02,1.329011643860223690e-01,-1.567695796994566793e-01,4.365799198077867371e-02,3.859556435054213863e-01,1.252205143560810141e+00,-7.033674129708501754e-02,1.001476910687673777e-01,4.498644288827725879e-02,2.922525286282964263e-01,-8.801596269674315243e-02,-9.144734813598782985e-02,7.963156812585707733e-01,2.009651083749934824e-03,1.595875472117372629e-01,3.026931672661569914e-02
-6.051820987249262318e-01,-5.894887997513667544e-02,-3.003870456428345617e-02,7.933330531124178631e-01,5.524022591894032219e-01,-2.647105489022931746e-01,1.370112567032508721e+00,-2.048174985961694339e-01,-5.074487514211507150e-02,3.546922303810864929e-02,3.415533302801642690e-01,-2.270983056702606251e-01,9.216333903562200225e-02,-1.534616498705645982e-01,-7.924964124878837446e-02,-2.279191184987831575e-01,4.061232441787008818e-01,-2.875025688074497321e-01,-2.356173611773064724e-01,6.413517112174892121e-02,1.241773696270464557e-02,1.321610937321378021e-01,-1.572437897759713932e-01,4.469862900053592214e-02,3.860875869549296735e-01,1.252431316014811724e+00,-7.054497070820056615e-02,1.000497675896392935e-01,4.499070195964065266e-02,2.934066001334570406e-01,-8.684523358071848109e-02,-9.030659031187193708e-02,7.955364411590455376e-01,2.124831109999326256e-03,1.596122153540966704e-01,3.056615067849438941e-02
-6.050806157858762413e-01,-5.954369547833363724e-02,-3.013019593232602739e-02,7.933625703435017718e-01,5.520924796452066907e-01,-2.651473904876177623e-01,1.370338018276492376e+00,-2.047704243568355120e-01,-5.088458409098540330e-02,3.679218192544998073e-02,3.401426682386324285e-01,-2.253883887136757525e-01,9.255666342132724822e-02,-1.540496262702877872e-01,-7.949208236010273099e-02,-2.270023847338939194e-01,4.059167718486434429e-01,-2.868267308900827040e-01,-2.356174687715713589e-01,6.460340636077184506e-02,1.013294857329147258e-02,1.314587771709005981e-01,-1.576603743085423504e-01,4.537563846379286114e-02,3.862711620924905720e-01,1.252501788245207415e+00,-7.073270639788610537e-02,9.993873431020036668e-02,4.499134663991432442e-02,2.939265467748171101e-01,-8.653915031349902753e-02,-8.918494026325311796e-02,7.949698377088459944e-01,2.234970073560260066e-03,1.597444875889784954e-01,3.083509657442378912e-02
-6.048651442567559711e-01,-6.001455220232920079e-02,-3.021057961510399681e-02,7.934883311470479761e-01,5.521300639636040897e-01,-2.655133210368625374e-01,1.369980568562563450e+00,-2.053782900212459406e-01,-5.138253284981111890e-02,3.818227049603328122e-02,3.402175284239475350e-01,-2.254909938433806715e-01,9.321542018618320102e-02,-1.551698755301962329e-01,-8.014778010339726477e-02,-2.256528932581230162e-01,4.068323801443534671e-01,-2.876264896756311473e-01,-2.356171455075712906e-01,6.491078997719459953e-02,1.039251971243634366e-02,1.311090948029506875e-01,-1.583645750277705710e-01,4.491431174414945576e-02,3.859977274894519361e-01,1.252645421457662334e+00,-7.096774635204641801e-02,9.994103272331357479e-02,4.498984044667489468e-02,2.932040109896557056e-01,-8.758348556492262516e-02,-8.983029964704652981e-02,7.950216105303450354e-01,2.195719701526049113e-03,1.600524463010598863e-01,3.071399550828668445e-02
-6.042987258317619181e-01,-6.009894490004256268e-02,-3.007917047885283468e-02,7.939183901909030450e-01,5.532147397869777716e-01,-2.654772919040310208e-01,1.369304288853986140e+00,-2.062200023385957204e-01,-5.298724140759474011e-02,3.999212298611330707e-02,3.411892849437220265e-01,-2.272678770999340403e-01,9.432588528588245480e-02,-1.568611728158823826e-01,-8.191571334858514797e-02,-2.239241823523310526e-01,4.088003644116938728e-01,-2.900522766100595562e-01,-2.356147472987699110e-01,6.529408713003051479e-02,1.921734257777517330e-02,1.332261018556308851e-01,-1.603928565049244359e-01,4.027139434843338139e-02,3.835905600285391404e-01,1.253248919685781670e+00,-7.150088546075060447e-02,1.001648175611321301e-01,4.497597178130834789e-02,2.873299364263739997e-01,-9.388220305231743945e-02,-9.533584451567130025e-02,7.975165843873606164e-01,1.783043039448147437e-03,1.610400924655658594e-01,2.961654084204155823e-02
-6.042869658361685881e-01,-6.020727424467164912e-02,-3.009974167055643260e-02,7.939183538626058967e-01,5.526488674405133361e-01,-2.657737057747244780e-01,1.369425426562010051e+00,-2.057092495197154758e-01,-5.219450498012705164e-02,4.087616442158963082e-02,3.407225679265536988e-01,-2.278193735086404270e-01,9.566540615857738183e-02,-1.568712658930410120e-01,-8.113722021967675890e-02,-2.231472445336329102e-01,4.092726653825104477e-01,-2.908066211249495936e-01,-2.356162765634113032e-01,6.557468869838017911e-02,1.518006730983688726e-02,1.326656233681011432e-01,-1.605275448413986672e-01,4.259143048738443099e-02,3.838003614393116769e-01,1.253064434463085020e+00,-7.168278807288694376e-02,1.001062474589414220e-01,4.498614726384407569e-02,2.873006239593416389e-01,-9.254164458840810625e-02,-9.466470889683469003e-02,7.983162593599957280e-01,1.872687865683573703e-03,1.609617973059478402e-01,3.000929031239401440e-02
-6.041749583307198801e-01,-6.033227460640738088e-02,-3.006627357782042445e-02,7.939953750243345931e-01,5.526305803282701712e-01,-2.658037737094956499e-01,1.370325620301004355e+00,-2.057180677463740781e-01,-5.206861471962999366e-02,4.200079806877702465e-02,3.400862452493622068e-01,-2.252726437218090794e-01,9.699075345830618367e-02,-1.573613758797992035e-01,-8.107229523882654443e-02,-2.221849498165380798e-01,4.092665351506813987e-01,-2.885479832686596025e-01,-2.356160886475797689e-01,6.651007212685246250e-02,1.556540279753567020e-02,1.334077022689915681e-01,-1.618857338221220965e-01,4.128812802829780193e-02,3.826901772156854897e-01,1.253246662034802617e+00,-7.202483499268762246e-02,1.000723786233406604e-01,4.498445413456149400e-02,2.863456691240582330e-01,-9.418125092526197228e-02,-9.438751658922138466e-02,7.981550346926042927e-01,1.938565648161995596e-03,1.610311065480872772e-01,3.023406980717079778e-02
-6.038780680514338473e-01,-6.055534175399965302e-02,-2.995697151432879721e-02,7.942083538777552354e-01,5.527648958016221359e-01,-2.658127377504338473e-01,1.369209422431406864e+00,-2.064656524955825190e-01,-5.254480292076323111e-02,4.302531724073617447e-02,3.413324855794419577e-01,-2.274269377565124595e-01,9.856906223379820198e-02,-1.582411805700035534e-01,-8.153522833835337436e-02,-2.207623374850458398e-01,4.106041907512794631e-01,-2.911501055839749719e-01,-2.356156117713727460e-01,6.718030756826248728e-02,1.647660504556959504e-02,1.339080094516661712e-01,-1.629706000957089340e-01,4.062890349618077795e-02,3.812764838553411306e-01,1.252892050153171954e+00,-7.239881753932166097e-02,1.002120167080551988e-01,4.498078682199208034e-02,2.851754023330087540e-01,-9.600949778449603678e-02,-9.479265758313965007e-02,7.978712625191227703e-01,1.937576593528721495e-03,1.613160785890074000e-01,3.019021146295271241e-02
-6.034200738325716795e-01,-6.084626407243737961e-02,-3.009907009164288980e-02,7.945287865294368146e-01,5.512604180040985291e-01,-2.661803170791964823e-01,1.370975250606667473e+00,-2.057685375420356400e-01,-5.031599032060707355e-02,4.332949713938023806e-02,3.411207885882764357e-01,-2.237204405068237145e-01,1.001236101768600562e-01,-1.577502796813759767e-01,-7.932051843801157798e-02,-2.197727677236822053e-01,4.094281017807795964e-01,-2.871883156192200914e-01,-2.356182026189301559e-01,6.712441338363500654e-02,5.577884132381354977e-03,1.308993448817111771e-01,-1.609815275136242951e-01,4.683173410294980826e-02,3.829194405993489037e-01,1.251982483198901930e+00,-7.233309407592458662e-02,9.997503456232276209e-02,4.499455750515120311e-02,2.891427412132278052e-01,-8.962627661249090993e-02,-8.766384988717006166e-02,7.971281005099156713e-01,2.471587623523072066e-03,1.605237525129386278e-01,3.161135685020115965e-02
-6.031828592319279370e-01,-6.131995253621655428e-02,-3.018909233033195694e-02,7.946690634811596210e-01,5.510195612205089910e-01,-2.663466914186063961e-01,1.370850231350524417e+00,-2.063261514476023850e-01,-5.026244643876193879e-02,4.402596889166917465e-02,3.413364689173258859e-01,-2.227350998955787975e-01,1.017338871519579829e-01,-1.584969482780737571e-01,-7.912416969169018544e-02,-2.184701784813097014e-01,4.094226254868544856e-01,-2.861921028535979183e-01,-2.356180998348386957e-01,6.755188676435235073e-02,3.313801904802395667e-03,1.292041768556378423e-01,-1.603810919655558054e-01,4.782324310604833817e-02,3.833429138843471029e-01,1.251595851002841764e+00,-7.241004102438021450e-02,9.991296212527493725e-02,4.499385740650286430e-02,2.893340960374778392e-01,-8.930545481373280969e-02,-8.595910687536269246e-02,7.977482302951290905e-01,2.568715839184634604e-03,1.604090456254537167e-01,3.188748694303531611e-02
-6.029968054585402859e-01,-6.133876888315190762e-02,-3.012293123611188561e-02,7.948113090869046715e-01,5.523329506669056865e-01,-2.661216329217419019e-01,1.369859617086082393e+00,-2.072240156538601996e-01,-5.205875668585546734e-02,4.500795704454287754e-02,3.420793522005086129e-01,-2.250090123795724095e-01,1.033979729314383755e-01,-1.601836839347979546e-01,-8.082152212966280114e-02,-2.169709966984377791e-01,4.115467770974247652e-01,-2.887498363676486157e-01,-2.356161946480365976e-01,6.798280705556558612e-02,1.199039527077878746e-02,1.307686793657514279e-01,-1.618227183629419308e-01,4.312241787137883337e-02,3.812756079726252745e-01,1.251991635856291918e+00,-7.283957653017963940e-02,1.001101458029334812e-01,4.498382306845739170e-02,2.850901984905217512e-01,-9.527690634623932342e-02,-9.090816949201234454e-02,7.988793558970825881e-01,2.182886484112375389e-03,1.611021142706952625e-01,3.085303229831301564e-02
-6.032076992120565251e-01,-6.113788107071497363e-02,-3.020473850899416460e-02,7.946636426067846815e-01,5.524911868266576542e-01,-2.660463275977310027e-01,1.369230192960956716e+00,-2.074639407863183016e-01,-5.195594801872734786e-02,4.499931770176780060e-02,3.428100951586109946e-01,-2.278468119609241838e-01,1.050445335177942613e-01,-1.609387931557282048e-01,-8.057893136252265720e-02,-2.161298728908507272e-01,4.137378439357302096e-01,-2.916890038660041040e-01,-2.356170415584624145e-01,6.831177410172523112e-02,1.312802059421689163e-02,1.316251872115996036e-01,-1.622562525616257634e-01,4.280489352724240609e-02,3.804706785560869053e-01,1.252284098498815945e+00,-7.313055866337217492e-02,1.000458180085306154e-01,4.498835001611932449e-02,2.844587204104142564e-01,-9.547590401480329780e-02,-9.200298713554012908e-02,7.976384360338137913e-01,2.126464597506825486e-03,1.614299020662633699e-01,3.063317810207488723e-02
-6.032102354650201725e-01,-6.116718344112200001e-02,-3.019651358997349141e-02,7.946597750403159299e-01,5.516585665463241694e-01,-2.662401194907232371e-01,1.370612747537807374e+00,-2.065167007559160772e-01,-5.082104912726620460e-02,4.485886697393928757e-02,3.416891815977452507e-01,-2.250704542242736306e-01,1.064721433780078247e-01,-1.606056401530981392e-01,-7.937163330628718705e-02,-2.156118597065717901e-01,4.134021707569097148e-01,-2.889502672774443282e-01,-2.356182432391150661e-01,6.815811219177235480e-02,6.331446196919777482e-03,1.303994613609538444e-01,-1.607032978498434406e-01,4.673345486215532696e-02,3.817971271712571890e-01,1.251852196945400841e+00,-7.313330539805665276e-02,9.982753381529260728e-02,4.499444565263076290e-02,2.872750324427506552e-01,-9.107658233258889013e-02,-8.814782450465701025e-02,7.958072421626417592e-01,2.429422042398868796e-03,1.609889715811335109e-01,3.141638443562197458e-02
-6.028058166202223678e-01,-6.108809687742044331e-02,-2.975583420732465234e-02,7.949892969086740369e-01,5.523571941213527570e-01,-2.660387546531528535e-01,1.370138566501105659e+00,-2.065723099162724563e-01,-5.233108727457001091e-02,4.564513765375777937e-02,3.421375213342647825e-01,-2.249875621030333339e-01,1.081084591743003281e-01,-1.611389164047554168e-01,-8.080594689033480937e-02,-2.143931009329004544e-01,4.144035905658243757e-01,-2.895563172134357766e-01,-2.356166939020241657e-01,6.821357461286634005e-02,1.151028667650328546e-02,1.314849065265997208e-01,-1.606495478137180410e-01,4.389564595583556744e-02,3.807168178279903281e-01,1.252966975402192373e+00,-7.347888755384172910e-02,9.991133815994772405e-02,4.498710055958847487e-02,2.841436887326350691e-01,-9.548549565695474417e-02,-9.098978511408636893e-02,7.969096916549713860e-01,2.221604556996633565e-03,1.614217895809927639e-01,3.085293021502332964e-02
-6.028034014159960874e-01,-6.093052435752979723e-02,-2.984328425168771004e-02,7.949999426590513840e-01,5.517477342945975582e-01,-2.661522941596803360e-01,1.370218536336554216e+00,-2.065451581408238868e-01,-5.122003857590740061e-02,4.528216369644521427e-02,3.432512138447750827e-01,-2.250779599738804426e-01,1.098786489865647004e-01,-1.609442071654873241e-01,-7.954163831625733760e-02,-2.138780186316733278e-01,4.150558515891363265e-01,-2.896209681594106300e-01,-2.356178286702049207e-01,6.843741315739043651e-02,6.749240926128744107e-03,1.305656613642984520e-01,-1.594398212005265214e-01,4.720363930292648114e-02,3.819669094504277718e-01,1.253183873275273807e+00,-7.351017955852305608e-02,9.979647251395931673e-02,4.499330676946212276e-02,2.867435284378329063e-01,-9.253978831134551664e-02,-8.797644003340472640e-02,7.951087876889725292e-01,2.460275806322504040e-03,1.610089944157200859e-01,3.144962476920403621e-02
-6.027332612917117860e-01,-6.145326138117806342e-02,-2.915006637386249530e-02,7.950386066277996822e-01,5.520231830048261124e-01,-2.660291360307469599e-01,1.369817919191739231e+00,-2.068351163046149577e-01,-5.342953837724897376e-02,4.567123902185672019e-02,3.433614006570747668e-01,-2.252788630843691464e-01,1.113202448106088011e-01,-1.617284236542273768e-01,-8.177212518385681972e-02,-2.131439192939119931e-01,4.161183003382364909e-01,-2.913557941119206407e-01,-2.356167768138180685e-01,6.856505154853519135e-02,6.553219692464389533e-03,1.311324662891286685e-01,-1.595559609142438995e-01,4.637777333172193872e-02,3.820426229186563161e-01,1.253711814650324108e+00,-7.370603967016246816e-02,9.980715668578887811e-02,4.498904833832073624e-02,2.863645605319425913e-01,-9.390959810066835944e-02,-8.895175557659830423e-02,7.942306370879120836e-01,2.381401929848619113e-03,1.608852404892958388e-01,3.124431023218988274e-02
-6.026432692330849772e-01,-6.108771584825428008e-02,-2.947819234037071801e-02,7.951228943986248243e-01,5.520222277175120817e-01,-2.659903466307414477e-01,1.369698207631087516e+00,-2.065732005466059673e-01,-5.250942692383703952e-02,4.547678662955031981e-02,3.436924371237453091e-01,-2.264244324946783904e-01,1.129728713799020845e-01,-1.619863403826033443e-01,-8.066222945239941156e-02,-2.125508931951712588e-01,4.173030916446558436e-01,-2.922734778456512195e-01,-2.356163164547829258e-01,6.881585977491216921e-02,7.364958619509880469e-03,1.309621745512299928e-01,-1.589999787381537466e-01,4.647175440061526025e-02,3.824244444262041576e-01,1.254294964975587900e+00,-7.387610943925289331e-02,9.979703026768196872e-02,4.498826989460711495e-02,2.866906967340164258e-01,-9.406289141423190836e-02,-8.910013016931252194e-02,7.936493501735593092e-01,2.365330563283089133e-03,1.606839127546860202e-01,3.120978300869403643e-02
-6.025202427531515248e-01,-6.145223916685842169e-02,-2.891136243350788532e-02,7.952088483513629624e-01,5.519921566554655268e-01,-2.659631806510667773e-01,1.369947585367901954e+00,-2.063232617693613047e-01,-5.373380351547100975e-02,4.571150292012709365e-02,3.432854017194016394e-01,-2.253162235421412030e-01,1.142321819414281181e-01,-1.620020928732899546e-01,-8.186272441987298143e-02,-2.119681779440531766e-01,4.173824624119498727e-01,-2.924071813795277586e-01,-2.356161799321671579e-01,6.874703504371773577e-02,4.910479231232388851e-03,1.308402523294744935e-01,-1.585366988371124386e-01,4.734691261851020627e-02,3.831065493809523437e-01,1.254480719006173972e+00,-7.400924525196830861e-02,9.982173257551918422e-02,4.498827715082311801e-02,2.873957411627874325e-01,-9.379563154994875751e-02,-8.850503057985249777e-02,7.930035161461389537e-01,2.406151283315848249e-03,1.603756620085109441e-01,3.133680058559535492e-02
-6.026622697573070786e-01,-6.158990277186535828e-02,-2.872562790646019867e-02,7.950972964291243006e-01,5.515460910662536298e-01,-2.661944069816652436e-01,1.371381996131947778e+00,-2.056600081997345397e-01,-5.351363668903454801e-02,4.615566822946023245e-02,3.422238997478146971e-01,-2.219160813170155955e-01,1.155306463014172530e-01,-1.610715935147534750e-01,-8.179545419670190831e-02,-2.118821328436546469e-01,4.158580106584846559e-01,-2.882040387698640571e-01,-2.356157187485445892e-01,6.897993651554427952e-02,1.162239903333792774e-03,1.290217158796852226e-01,-1.572665416853976372e-01,4.960328172484602949e-02,3.845638138480922952e-01,1.254327809462034704e+00,-7.404330518565784003e-02,9.991463882633652704e-02,4.498783717766604434e-02,2.903457049544280189e-01,-9.191091132763072602e-02,-8.661252886481149438e-02,7.923209939185907880e-01,2.532997430499458504e-03,1.598080548345368890e-01,3.174286233260451701e-02
-6.028507335415687063e-01,-6.173554232648146428e-02,-2.847662732726176718e-02,7.949520725038157209e-01,5.516762185593558909e-01,-2.661232319175518835e-01,1.370921222094077629e+00,-2.060242766676071424e-01,-5.430451257798805942e-02,4.654494217075810791e-02,3.425674509138814661e-01,-2.213427816409498927e-01,1.168552738078689340e-01,-1.610050303059206989e-01,-8.254318721572950768e-02,-2.115608857576989077e-01,4.158709653844873122e-01,-2.881322992696292995e-01,-2.356156457772649038e-01,6.931260335367861458e-02,1.985392313968449216e-03,1.292387659681038248e-01,-1.577878187919404818e-01,4.895734709911186977e-02,3.850306204518570419e-01,1.254456745287868102e+00,-7.421092685260391453e-02,9.999057678303981123e-02,4.498644906187162368e-02,2.906524067022316915e-01,-9.366794766411047635e-02,-8.685067416088725067e-02,7.919294328058845700e-01,2.511172015058231888e-03,1.595982823281396623e-01,3.170713698282226489e-02
-6.029623849467838914e-01,-6.154638856618113718e-02,-2.805241744880842755e-02,7.948971419429212704e-01,5.524917375155381505e-01,-2.657376352952048881e-01,1.369302071587191749e+00,-2.068842627792592537e-01,-5.599139182215290972e-02,4.687268768734103447e-02,3.446978025605351714e-01,-2.252777754046031422e-01,1.183004089092298400e-01,-1.617432947996338688e-01,-8.411747440614797400e-02,-2.108047890432895866e-01,4.184681690892676498e-01,-2.931997599240405150e-01,-2.356137991968474121e-01,6.909730705704236753e-02,7.357958679468531299e-03,1.318486118934764084e-01,-1.595557880499751946e-01,4.553771306027225990e-02,3.841294442818344868e-01,1.255405011174312468e+00,-7.456830729648962486e-02,9.999017987821186282e-02,4.497923613089371830e-02,2.870855953697910024e-01,-9.786501725171514732e-02,-9.011037783685553471e-02,7.931524562044908189e-01,2.258683522574690163e-03,1.599072713873939400e-01,3.102294149635814735e-02
-6.034605406147058870e-01,-6.164873596080992085e-02,-2.718994577406648808e-02,7.945410726477546426e-01,5.523249191886777654e-01,-2.656888315948268686e-01,1.370192539389440078e+00,-2.062605217257587331e-01,-5.758936112669078844e-02,4.682202429169649710e-02,3.449537446491511838e-01,-2.237250777923434630e-01,1.194464073492376849e-01,-1.611736143834539559e-01,-8.549601178172609728e-02,-2.101858649823490355e-01,4.196509090497489991e-01,-2.934750045024149268e-01,-2.356139442107831883e-01,6.864003834331468268e-02,4.962291328510740063e-03,1.327078909342568891e-01,-1.600387033792438352e-01,4.606284145971117211e-02,3.844537843181330961e-01,1.255568498314995729e+00,-7.474286232763416304e-02,9.999863137359056575e-02,4.498196537522951982e-02,2.874526404658694911e-01,-9.765917261596224197e-02,-8.934356963665777973e-02,7.934212997982806881e-01,2.323156337371297831e-03,1.597148979330598462e-01,3.119849892072736053e-02
-6.044892610325924842e-01,-6.183836964456698726e-02,-2.711723055176877215e-02,7.937464363026609515e-01,5.516971330423642295e-01,-2.662877137511188708e-01,1.371281141765723577e+00,-2.051870627908591871e-01,-5.791718478614302917e-02,4.551800844031345800e-02,3.435920761190204842e-01,-2.186323519077758570e-01,1.201728083245257733e-01,-1.596485367007767497e-01,-8.533690082030455371e-02,-2.104777180994988339e-01,4.190164160263644133e-01,-2.911213013414641892e-01,-2.356135934432337931e-01,6.972415709202946232e-02,-6.519910201876894505e-05,1.301849428794479568e-01,-1.593664283581501251e-01,4.770650058590392151e-02,3.855801279087470168e-01,1.255333021012214445e+00,-7.478179468297486976e-02,1.000097654276842080e-01,4.498275907448405497e-02,2.932829982496999999e-01,-9.474535836463540694e-02,-8.712933403227891838e-02,7.912197429183297492e-01,2.481122171935918729e-03,1.590618914005016149e-01,3.169865929767998192e-02
-6.053258039399997958e-01,-6.209778559140960441e-02,-2.683856916071494444e-02,7.930978674252261440e-01,5.512434128401277889e-01,-2.662254925117940596e-01,1.370955706456926659e+00,-2.055667018018868808e-01,-5.865810087704272091e-02,4.434388389301519712e-02,3.434910522254920884e-01,-2.172925640326621999e-01,1.209577679888566848e-01,-1.593166559114703451e-01,-8.565487056002217547e-02,-2.107207940831847814e-01,4.192396590164868542e-01,-2.917227744192328331e-01,-2.356164613612333203e-01,7.032105681743541781e-02,-3.532742963899482974e-03,1.310261511894861286e-01,-1.606387375388714789e-01,4.788692139230227296e-02,3.861977008091966312e-01,1.254308157125475942e+00,-7.489257975736442197e-02,9.982494838118259606e-02,4.498938054272832304e-02,2.953723260814309914e-01,-9.355017241765355152e-02,-8.503910738731811081e-02,7.893074195347649091e-01,2.629030990697120342e-03,1.585400675143548432e-01,3.210205360491910631e-02
-6.059831467790556259e-01,-6.181453387531271604e-02,-2.660500485052937070e-02,7.926257395129397976e-01,5.518504321228661080e-01,-2.660764467049271942e-01,1.369792523448071897e+00,-2.062160248910016314e-01,-6.012205451040379678e-02,4.322331038157477962e-02,3.452153291525195122e-01,-2.199988084399090438e-01,1.219681969780879727e-01,-1.594767737677553199e-01,-8.678909613345901775e-02,-2.108399283459408691e-01,4.215533581961483089e-01,-2.956620531534342455e-01,-2.356156082083541436e-01,7.084041163040669109e-02,1.812839883715603416e-03,1.326689490389568737e-01,-1.619713137172378581e-01,4.419470652906367508e-02,3.848573084976595338e-01,1.254583545399528210e+00,-7.526983477167327463e-02,9.991049736818813365e-02,4.498391189990765676e-02,2.935668445968868667e-01,-9.746741878711992491e-02,-8.810682754042314935e-02,7.900164733671326545e-01,2.393308600676843576e-03,1.589030367241696107e-01,3.146741315950254275e-02
-6.065019114305248982e-01,-6.149496852484841181e-02,-2.614750279715866849e-02,7.922689621427311257e-01,5.522572913738256206e-01,-2.666124998386665279e-01,1.371564206592603252e+00,-2.048101923382040779e-01,-6.159434021902909090e-02,4.270857005633865722e-02,3.450204154150833258e-01,-2.174395908559473012e-01,1.232162975390523885e-01,-1.580151044578195219e-01,-8.836667891380789452e-02,-2.113990710298637721e-01,4.218153113073085936e-01,-2.921223824624571419e-01,-2.356140894776798111e-01,7.142799111588431227e-02,5.378362476678350684e-03,1.300961677734026045e-01,-1.599851527909803284e-01,4.317937929458225133e-02,3.836953437864473737e-01,1.255732640499444663e+00,-7.562529549365226700e-02,1.003483535673094090e-01,4.497993286933779644e-02,2.929343900469966733e-01,-9.986804805462123902e-02,-9.087401102827481758e-02,7.942403434442778520e-01,2.160734088206084456e-03,1.595229616544686368e-01,3.094754571363391576e-02
-6.075735208096927353e-01,-6.149874569891865261e-02,-2.634841717039388895e-02,7.914405107151064600e-01,5.510448416219329015e-01,-2.667977834070123788e-01,1.371814587237304872e+00,-2.044743610922706289e-01,-6.021341009040880737e-02,4.081756336729928242e-02,3.444252717693671029e-01,-2.157192076031318184e-01,1.244184802934897166e-01,-1.572090017313190757e-01,-8.680025414003399165e-02,-2.127564109189261921e-01,4.218684762824709833e-01,-2.902775308063036408e-01,-2.356167588846092009e-01,7.167198448084159679e-02,-3.449362457252876275e-03,1.298099490060077854e-01,-1.595962652707411666e-01,4.766644249381566528e-02,3.853227563027905589e-01,1.254087448091681267e+00,-7.559744917432707767e-02,9.991451563444730954e-02,4.499076028201081517e-02,2.961195982652995440e-01,-9.414718392405714564e-02,-8.539390200244742490e-02,7.922501691488768039e-01,2.588169693496880988e-03,1.590432684230284888e-01,3.205168420595733147e-02
-6.082972206103587354e-01,-6.165646618248691452e-02,-2.634824072467595313e-02,7.908721399735326729e-01,5.505710452607832650e-01,-2.670127745640941130e-01,1.372020144044436174e+00,-2.041396207087050885e-01,-6.049038950888355193e-02,3.893158793588049477e-02,3.437312517050687410e-01,-2.128066066442924342e-01,1.254330910965552326e-01,-1.566537980090119686e-01,-8.668322887129213672e-02,-2.136948418831602359e-01,4.219023218134724806e-01,-2.895898455589637210e-01,-2.356172475875968342e-01,7.205944706887533469e-02,-6.479190367621504541e-03,1.291093305298393890e-01,-1.589915696048329607e-01,4.821896031218896733e-02,3.861924076931040339e-01,1.253538273088398380e+00,-7.566033100470473394e-02,9.968209217159713920e-02,4.499175891795251236e-02,2.976403973524584523e-01,-9.311541149603687340e-02,-8.262541713949116129e-02,7.915665130249315284e-01,2.794554052605513136e-03,1.589396863132254423e-01,3.254439449170313386e-02
-6.090107801786699415e-01,-6.181355315944270234e-02,-2.630920072554642983e-02,7.903118246800786562e-01,5.500398133421566804e-01,-2.672033202180832956e-01,1.372293986954227218e+00,-2.039045312798095089e-01,-6.069352445204619778e-02,3.714293535024536935e-02,3.430168899921855474e-01,-2.108057934211240159e-01,1.264635985888269420e-01,-1.560398690506125952e-01,-8.659292230277644553e-02,-2.148285499972080459e-01,4.217017044546212956e-01,-2.889780414229993766e-01,-2.356178893675259789e-01,7.219577656498769869e-02,-1.011395312088760913e-02,1.285031974140566913e-01,-1.583848990615555063e-01,4.903633078276927598e-02,3.872433899442913607e-01,1.253221774651054332e+00,-7.570281785372923178e-02,9.941441815710810870e-02,4.499392501477134793e-02,3.000002514266735809e-01,-9.088080852319464775e-02,-7.903448345610122883e-02,7.890930953860844088e-01,3.059695316154350826e-03,1.593044509275198806e-01,3.285346461458681089e-02
-6.091536063969922310e-01,-6.218732013647241402e-02,-2.605529392558627796e-02,7.901808291057392797e-01,5.489990175433177022e-01,-2.675261414800986781e-01,1.372530206027850364e+00,-2.033747816695429811e-01,-6.069654548235894898e-02,3.560750523634063219e-02,3.426119264072317594e-01,-2.091829811093689206e-01,1.275840266453963923e-01,-1.553358985092270772e-01,-8.642440702139614350e-02,-2.155355715870052591e-01,4.212745504630276971e-01,-2.885481846444581944e-01,-2.356177602685167460e-01,7.152390549542737841e-02,-1.485253766294516477e-02,1.256561830977014071e-01,-1.556022247710412421e-01,5.152333321114332260e-02,3.887543190734794596e-01,1.253653570905333359e+00,-7.570667849930484694e-02,9.923617903966405751e-02,4.499425649689257900e-02,2.999937998805655148e-01,-8.949692644822995757e-02,-7.520081736162345654e-02,7.909458433705255365e-01,3.335756567360272963e-03,1.598480677575530029e-01,3.335120812819756392e-02
-6.091673846171399287e-01,-6.222075502788044360e-02,-2.586299281082850635e-02,7.901738927383902267e-01,5.495562115240836265e-01,-2.674021426898550158e-01,1.371419487264496251e+00,-2.044115221643766911e-01,-6.230464285667937363e-02,3.454559522107746028e-02,3.444188518383288766e-01,-2.116196025504525902e-01,1.290612999531511595e-01,-1.560273752659548374e-01,-8.780118945302871347e-02,-2.157607027504901409e-01,4.228643455591487021e-01,-2.919651713003159621e-01,-2.356165884886074480e-01,7.154499067641320598e-02,-8.928042789041546259e-03,1.264215320415896238e-01,-1.558627982331332040e-01,4.820208437674980417e-02,3.876928906854192336e-01,1.254335201466741490e+00,-7.606718949329516199e-02,9.938239248370804579e-02,4.498899729368273370e-02,2.949400616321486424e-01,-9.464322313678784349e-02,-7.841836257773059093e-02,7.934032011517498928e-01,3.091150729336485277e-03,1.609296318625782762e-01,3.254508634483781887e-02
-6.090680301136993657e-01,-6.191996157386255029e-02,-2.561175357893426610e-02,7.902822857249939270e-01,5.494174697462262946e-01,-2.673453329102123965e-01,1.371317614825031228e+00,-2.044518164724169751e-01,-6.238966889517787856e-02,3.368410117694092820e-02,3.462560379530754129e-01,-2.148032776898446128e-01,1.300783890249112007e-01,-1.559883084718438340e-01,-8.792860304043700892e-02,-2.160716971542541720e-01,4.244033006256647256e-01,-2.936088548278609767e-01,-2.356176080548974816e-01,7.080098014341483503e-02,-9.949732608201256046e-03,1.274049754636499276e-01,-1.550067155686292719e-01,4.842344623981734847e-02,3.877076505503757042e-01,1.253900107303151490e+00,-7.628848782777591930e-02,9.918629887998886563e-02,4.499278207161993420e-02,2.916131616936785131e-01,-9.337423513854463397e-02,-7.791743703476418370e-02,7.950613328153777193e-01,3.117005381087319636e-03,1.613926767898853087e-01,3.248162715734766171e-02
-6.093239939757255641e-01,-6.183112382654534778e-02,-2.559467111720034951e-02,7.900924599704890472e-01,5.483499753668545917e-01,-2.674728094725719596e-01,1.372060949766289228e+00,-2.040745344849710097e-01,-6.111084086322403353e-02,3.222851829094329490e-02,3.469491508102485189e-01,-2.144761295011398117e-01,1.305012326498967701e-01,-1.552534182639352944e-01,-8.652960573147784606e-02,-2.167027266113018824e-01,4.244762851490313516e-01,-2.923930635783230092e-01,-2.356185412632772203e-01,7.062224546693185445e-02,-1.854515929894984261e-02,1.269353397366816683e-01,-1.538468613313186961e-01,5.266435971938922961e-02,3.895650711906398223e-01,1.252766655769195658e+00,-7.624953337795603581e-02,9.887302723489585499e-02,4.499630504072699155e-02,2.938277199122366623e-01,-8.799325712424246881e-02,-7.291955653066749254e-02,7.934706144003907946e-01,3.482187752870920423e-03,1.608641088957867282e-01,3.339447465323257258e-02
-6.093277621992807536e-01,-6.177388966863091302e-02,-2.531291746881007484e-02,7.901031078141902420e-01,5.485631947898498284e-01,-2.673144534237599790e-01,1.370661532067288801e+00,-2.046251079600368283e-01,-6.208003199093924118e-02,3.138520224025553168e-02,3.488727387999697171e-01,-2.183097134171188836e-01,1.308192118897229528e-01,-1.553394710310362359e-01,-8.727872160195072893e-02,-2.166930170176995241e-01,4.258034775141286143e-01,-2.963506011525164352e-01,-2.356182921750618608e-01,7.082931933548133885e-02,-1.572027420606758943e-02,1.277442763006761683e-01,-1.540094251010246384e-01,5.093725330856521682e-02,3.891746661724140854e-01,1.252881979549089975e+00,-7.650803423436849937e-02,9.899649989012700158e-02,4.499462535908226035e-02,2.920028175192657116e-01,-9.126355552747882072e-02,-7.424062231039921245e-02,7.936413408598502750e-01,3.379940772314273412e-03,1.611645499334132814e-01,3.303924735055346201e-02
-6.094024896972671801e-01,-6.110359108452099314e-02,-2.540345122673199479e-02,7.900946913966190310e-01,5.476987806798311320e-01,-2.674016898893923910e-01,1.371790758890389483e+00,-2.033750574064515926e-01,-6.001165075969213530e-02,2.986749793265655942e-02,3.495743971678585971e-01,-2.175285779631838945e-01,1.308733861147641231e-01,-1.536004874777517071e-01,-8.504958029736316150e-02,-2.174217147015279628e-01,4.252270732728172797e-01,-2.945256965530623217e-01,-2.356187297310125550e-01,7.014769500520393053e-02,-2.448388094568369408e-02,1.264781657805404413e-01,-1.529996657421257011e-01,5.429684312908398397e-02,3.910900755930805106e-01,1.252657815289713428e+00,-7.644516007933116475e-02,9.891302753704177275e-02,4.499698813118572366e-02,2.952223363571740977e-01,-8.835664215825526913e-02,-7.041411810324753329e-02,7.858533957284162819e-01,3.543085851030438466e-03,1.578178301433662278e-01,3.342270662270280940e-02
-6.096176399465400575e-01,-6.111635278304866636e-02,-2.521511612073715561e-02,7.899337455809355424e-01,5.475221122221682890e-01,-2.676549560478872491e-01,1.371966092098151790e+00,-2.028889316934862075e-01,-6.046322324631672046e-02,2.896008450481182134e-02,3.498220788317025209e-01,-2.169078322929155478e-01,1.307782067277534210e-01,-1.525609731137810843e-01,-8.527671697464186962e-02,-2.177619777740492923e-01,4.245723581677191549e-01,-2.935234898209497789e-01,-2.356183821771469789e-01,7.051255279262050313e-02,-2.449660865531835471e-02,1.253373979176443109e-01,-1.519565526081211593e-01,5.457969731614631392e-02,3.921139658675111273e-01,1.253028357693134032e+00,-7.650675302294336622e-02,9.897517282008118367e-02,4.499603281811426908e-02,2.978358656979407382e-01,-8.808980745056103900e-02,-6.974085601834305315e-02,7.849296450317108098e-01,3.578965469037277258e-03,1.580552581550637159e-01,3.335987593457797468e-02
-6.093343577974398295e-01,-6.075560534291724046e-02,-2.492534384534741271e-02,7.901892963468870601e-01,5.484340947595143234e-01,-2.673160360385021805e-01,1.371304783161946927e+00,-2.031436405313735150e-01,-6.184221004708366498e-02,2.859143923195072573e-02,3.511391841200753872e-01,-2.185678886628304729e-01,1.308490744433097874e-01,-1.527551811151096894e-01,-8.657259852456770932e-02,-2.176912809187323272e-01,4.254942935653771019e-01,-2.951075104938168381e-01,-2.356171476861170788e-01,7.019474475290241045e-02,-1.643857087235987141e-02,1.274831719538128405e-01,-1.526232156576068366e-01,5.043956392839423625e-02,3.909878464417931854e-01,1.254065689894973357e+00,-7.688612853528067892e-02,9.910383456089302823e-02,4.499167390298306618e-02,2.935997156470848690e-01,-9.288433337865194261e-02,-7.444190946214501725e-02,7.870188072568186088e-01,3.230609330707222195e-03,1.588966544458914332e-01,3.239041027033927322e-02
-6.095859071598557222e-01,-6.043021368301945001e-02,-2.498009550265400253e-02,7.900184845274181855e-01,5.474956120026625017e-01,-2.674642843439253292e-01,1.372008842256659644e+00,-2.023628921360393351e-01,-6.028554122402237508e-02,2.723291552190533482e-02,3.514988477413370505e-01,-2.178723177672473588e-01,1.308064802673596927e-01,-1.516222834863276969e-01,-8.482277551178984965e-02,-2.181994279296254891e-01,4.252251029772224356e-01,-2.936754651068487765e-01,-2.356181986152329488e-01,6.971993896639527843e-02,-2.350896520023477640e-02,1.268713895724591090e-01,-1.513711510706451657e-01,5.475085831320945784e-02,3.930993408860483096e-01,1.253519329581863850e+00,-7.683712599958310296e-02,9.886289861719721461e-02,4.499600114661696237e-02,2.978294268371799447e-01,-8.837520194966798359e-02,-6.983488773353134504e-02,7.850472500357181804e-01,3.596087193746840167e-03,1.583902871233236476e-01,3.329381595821866852e-02
-6.095756240559825345e-01,-6.032224611479444082e-02,-2.486257861809942904e-02,7.900383771468854066e-01,5.473090862359267783e-01,-2.674636639719927267e-01,1.371960851908520684e+00,-2.024600551869087661e-01,-6.025154543441908067e-02,2.643802934358666437e-02,3.525021819888803365e-01,-2.179549356786582015e-01,1.308397698757192418e-01,-1.513009954162368442e-01,-8.458784758004533888e-02,-2.181619478602691564e-01,4.252959102608175335e-01,-2.933563162196051177e-01,-2.356180437405462347e-01,6.939984198311874297e-02,-2.478953745765520231e-02,1.266633158379055490e-01,-1.508715005795809583e-01,5.508290814422535375e-02,3.942458722573808916e-01,1.253552919810554167e+00,-7.690741692616007152e-02,9.879833452131484006e-02,4.499544501522420581e-02,2.994623737696370247e-01,-8.851185570557716653e-02,-6.863194339413038192e-02,7.845593700612071286e-01,3.686461688991254492e-03,1.582418723880750500e-01,3.349983287077099026e-02
-6.091269717832547004e-01,-6.000642261119003978e-02,-2.450228623676746140e-02,7.904196350425138906e-01,5.483761818950415590e-01,-2.671325031522324700e-01,1.371167923012516221e+00,-2.031694752775550228e-01,-6.197034288593341461e-02,2.637058696936269916e-02,3.548039502307727688e-01,-2.203194444554505971e-01,1.311913463347719744e-01,-1.517828645137461741e-01,-8.619014558538978799e-02,-2.175753641459216015e-01,4.266633458257683698e-01,-2.956216305152473689e-01,-2.356161342818112181e-01,6.891315956781485230e-02,-1.680137653013596966e-02,1.285046085310994901e-01,-1.517367528723655157e-01,5.031326997853562133e-02,3.929322729201770170e-01,1.254773428146254366e+00,-7.732420334913168991e-02,9.899518887868605233e-02,4.498927408383632948e-02,2.952804650333912262e-01,-9.375784795085823076e-02,-7.417499657002141200e-02,7.870873844910852846e-01,3.261148886251371941e-03,1.589465176934478363e-01,3.240940773943107311e-02
-6.092211046004548658e-01,-5.960459773741759448e-02,-2.466300204194542267e-02,7.903724906449118848e-01,5.478686145485704984e-01,-2.671164753537618730e-01,1.371716104913855538e+00,-2.029113954690953958e-01,-6.062803877065348068e-02,2.524110953451948539e-02,3.557554713004796310e-01,-2.204100381003749609e-01,1.315563470991449879e-01,-1.510545039580067084e-01,-8.461694122915704164e-02,-2.177502729937029202e-01,4.265313169813380045e-01,-2.947451779366210833e-01,-2.356167206834283989e-01,6.856003768942767196e-02,-2.140962060245947540e-02,1.281903769319759634e-01,-1.513923868879673562e-01,5.308863843597513843e-02,3.942456433298481278e-01,1.254511937892311746e+00,-7.738140003350972573e-02,9.887383926759150954e-02,4.499279664598426764e-02,2.975472473514306770e-01,-9.056853799505190650e-02,-7.081577506073852279e-02,7.871478698886477110e-01,3.527532619557183224e-03,1.580548126869964765e-01,3.331360510660488078e-02
-6.091666575307554954e-01,-5.940430190313764763e-02,-2.463405853624533667e-02,7.904304368053149954e-01,5.478113113723949157e-01,-2.670454905046965588e-01,1.371680353179446143e+00,-2.028211883345457378e-01,-6.043592835768608895e-02,2.449632624209157825e-02,3.564832643570743365e-01,-2.208677559353438846e-01,1.319805830716925810e-01,-1.507837944557152421e-01,-8.420283962661355426e-02,-2.175870728802001552e-01,4.266024191864901671e-01,-2.945115345618837810e-01,-2.356165254215564775e-01,6.833400292330545078e-02,-2.222721734122220724e-02,1.279954473618380995e-01,-1.512873598406126452e-01,5.340800523304432140e-02,3.949837050970027574e-01,1.254540331965532385e+00,-7.752793288893762569e-02,9.886388466633566630e-02,4.499220781914894940e-02,2.985255831757064326e-01,-9.068090070379009049e-02,-6.989254107487545553e-02,7.876951366189985926e-01,3.595367547180995313e-03,1.577193904134249480e-01,3.361486929649857430e-02
-6.089668596921429256e-01,-5.918791103535385456e-02,-2.453783762540055410e-02,7.906035982138144291e-01,5.481104530782677786e-01,-2.669170455613317783e-01,1.370961625054274879e+00,-2.030155082059074689e-01,-6.083156811839324912e-02,2.397598772436504086e-02,3.578227905646501061e-01,-2.232981414575567758e-01,1.325705648544666382e-01,-1.508208718597603137e-01,-8.437334000175583659e-02,-2.172308806360143674e-01,4.273302380720569449e-01,-2.965233121400617788e-01,-2.356162615888321710e-01,6.807175624259258206e-02,-2.038442290273313057e-02,1.280690104236786864e-01,-1.513515711822122356e-01,5.273654197204726696e-02,3.950545925006796466e-01,1.254663851800498664e+00,-7.776702261716317288e-02,9.898660649362901742e-02,4.499088726195391713e-02,2.982700146994242685e-01,-9.248467745797653294e-02,-7.071478886384215123e-02,7.886053523925448117e-01,3.532221703558045042e-03,1.579416654126694353e-01,3.346633849067374988e-02
-6.090197094482877604e-01,-5.901867358511007217e-02,-2.466240781074076696e-02,7.905716636161165267e-01,5.476550894803400293e-01,-2.669613169762504179e-01,1.372038544231266144e+00,-2.027606496975090378e-01,-5.986705102890021307e-02,2.307111387454405596e-02,3.579634811554523455e-01,-2.216871105262258612e-01,1.330163374399001286e-01,-1.501177936194195428e-01,-8.319679048257218323e-02,-2.174044177528615951e-01,4.262994242435673709e-01,-2.940525587492592297e-01,-2.356171913100334747e-01,6.818334616082853683e-02,-2.485893203539508642e-02,1.274826011096155398e-01,-1.508555379402507501e-01,5.513660430373290566e-02,3.965087415602981946e-01,1.254079334785652255e+00,-7.781758373262347150e-02,9.878169504104562793e-02,4.499395383806526622e-02,3.008967818317495047e-01,-9.005823027081019672e-02,-6.713555941505124081e-02,7.877164755165196874e-01,3.804270679399411950e-03,1.576155800975184151e-01,3.417552794754342982e-02
-6.088102970590474339e-01,-5.746809141730793019e-02,-2.649366867861567554e-02,7.907879147936406339e-01,5.475150233965540014e-01,-2.669375158724091035e-01,1.371104547905120485e+00,-2.030780459356963941e-01,-5.428801895607297812e-02,2.096648759477356960e-02,3.600096334709124712e-01,-2.257956880713719305e-01,1.333788345039743084e-01,-1.486372350264736908e-01,-7.752169943128420226e-02,-2.195527959401099571e-01,4.240913565566667431e-01,-2.938575383886387060e-01,-2.356158974385079707e-01,6.909081061671296098e-02,-1.962104275507248544e-02,1.261780500261891480e-01,-1.501353894381702025e-01,5.504795363441096490e-02,3.968428923280505338e-01,1.254611461082538293e+00,-7.801961905447056533e-02,9.884962458083275394e-02,4.499073825121110981e-02,3.015276850707999112e-01,-9.011287222545916187e-02,-6.798521557482711808e-02,7.883601107723842150e-01,3.722454467118419940e-03,1.578876626982093634e-01,3.394539533018052502e-02
-6.084817637293993275e-01,-5.642254404221797026e-02,-2.722225376125532448e-02,7.910912644143667238e-01,5.482852742190442719e-01,-2.665676309878985961e-01,1.370146452088869093e+00,-2.040629711088189080e-01,-5.248909406111258724e-02,1.990554227433735321e-02,3.631447973928392803e-01,-2.313114267814714853e-01,1.335903069331635939e-01,-1.481113590014718762e-01,-7.555958197099768570e-02,-2.206573805458647008e-01,4.231718063400440877e-01,-2.952142731868170333e-01,-2.356152492783956942e-01,6.864147329042974421e-02,-1.156754551210751811e-02,1.275135698499294534e-01,-1.506341517294703114e-01,5.244093565381320599e-02,3.959281961052323329e-01,1.255121307495324690e+00,-7.839971521455631198e-02,9.901412837457236604e-02,4.498760121886993119e-02,2.977464512734549484e-01,-9.365691256236211015e-02,-7.166756569953949829e-02,7.904419095219908931e-01,3.448321298937692160e-03,1.587248538564205724e-01,3.318053902299549635e-02
-6.084765226181713116e-01,-5.556379236260298310e-02,-2.748967913654708911e-02,7.911468283079654551e-01,5.490824923625911014e-01,-2.664619530068587649e-01,1.369592269035661669e+00,-2.044777917367513742e-01,-5.214192060161339237e-02,1.900371850522266509e-02,3.661304628913307213e-01,-2.360332597911668495e-01,1.336451252014624058e-01,-1.472130928439348563e-01,-7.508857947528319032e-02,-2.216217771824638416e-01,4.230356783428456668e-01,-2.964385931958595233e-01,-2.356125366692333745e-01,6.822924986437023387e-02,-5.326271502849986954e-03,1.280203683080489707e-01,-1.505452534354235483e-01,4.998849500553514263e-02,3.949305448739643398e-01,1.256022656849393515e+00,-7.878914037652653968e-02,9.922398937671857155e-02,4.498100648695901177e-02,2.957453141750887027e-01,-9.589235987784769377e-02,-7.552395602496198013e-02,7.919506779691898313e-01,3.169601429989364182e-03,1.594803119985840900e-01,3.242572760641961732e-02
-6.089222515906718147e-01,-5.507626572158969697e-02,-2.804561281705295409e-02,7.908183989220453070e-01,5.479547136433635668e-01,-2.665783127837001443e-01,1.371311900351895874e+00,-2.041068809217364555e-01,-4.916087289367835483e-02,1.704949877022547688e-02,3.665190571605406733e-01,-2.342278377063590489e-01,1.332499626596141962e-01,-1.454533097063345493e-01,-7.202553675510237063e-02,-2.234433424268180979e-01,4.204674340353524165e-01,-2.911177257879630775e-01,-2.356151182469940486e-01,6.794294598252102746e-02,-1.475116949808077602e-02,1.267521926770239782e-01,-1.493796050154749810e-01,5.552027096921331728e-02,3.973656614522469432e-01,1.255015747180415309e+00,-7.871210914798842939e-02,9.884979313768099685e-02,4.499035813176094356e-02,3.009873613326213282e-01,-8.889242016809677238e-02,-6.891125850863658031e-02,7.893025864406154612e-01,3.685139492533816286e-03,1.586983281627970255e-01,3.377011711196851312e-02
-6.089451197370134850e-01,-5.484438574990621595e-02,-2.814680872974897191e-02,7.908133102436507578e-01,5.484014321825881888e-01,-2.665220477625291351e-01,1.370993819778744349e+00,-2.044814973465408636e-01,-4.947304659392652570e-02,1.614455451954951645e-02,3.674100026752071257e-01,-2.347699703676905392e-01,1.328275890711919649e-01,-1.446633428727759907e-01,-7.217476437907660580e-02,-2.244659105649871866e-01,4.188564744133684292e-01,-2.895462605499547482e-01,-2.356118715677489317e-01,6.777209711848980467e-02,-1.170639344219609121e-02,1.260820844953702835e-01,-1.490533835743320101e-01,5.357559060931239847e-02,3.975875361022818688e-01,1.255561943597145236e+00,-7.890747969464886880e-02,9.895804115622613972e-02,4.498201366452096034e-02,3.009027206884298811e-01,-9.079333632293948297e-02,-6.998665943910348242e-02,7.900509707468000853e-01,3.596759596073787705e-03,1.588859520859690067e-01,3.353196090644806893e-02
-6.090556405847564747e-01,-5.454988998741437667e-02,-2.830562378381290545e-02,7.907428961656640665e-01,5.486601826183101771e-01,-2.663055340626869771e-01,1.370328668610147460e+00,-2.052159241136078394e-01,-4.937580497797958157e-02,1.500291145040803104e-02,3.689805635928321004e-01,-2.372442329834035246e-01,1.324338272966187058e-01,-1.442292128990516342e-01,-7.190622095269005865e-02,-2.255832620210614925e-01,4.182555620590875378e-01,-2.904388610259521775e-01,-2.356140528323056316e-01,6.719541345145145506e-02,-1.087770662029659795e-02,1.264613051152701506e-01,-1.493283893372442384e-01,5.365551299009233693e-02,3.981783847959395328e-01,1.255505541465726571e+00,-7.907305181068485789e-02,9.895405850801781977e-02,4.498676826218905161e-02,3.003543852379464973e-01,-9.084804968553465698e-02,-7.022327550895289539e-02,7.902262448433970965e-01,3.578017542471852771e-03,1.590738306284102122e-01,3.344775614085902793e-02
-6.093558278722849275e-01,-5.428513682396560180e-02,-2.845315125467049247e-02,7.905245202659841874e-01,5.483569750926781117e-01,-2.662326710943332952e-01,1.371347718356525913e+00,-2.055326688043637162e-01,-4.854706328284087019e-02,1.347835550878613911e-02,3.700333876433493097e-01,-2.358787841128217044e-01,1.318940256625817931e-01,-1.434591658777669421e-01,-7.101744842046169015e-02,-2.268378725066527435e-01,4.172238102417717975e-01,-2.874762532965391970e-01,-2.356151677804978473e-01,6.686433268101187044e-02,-1.433768210215859151e-02,1.264477329448633891e-01,-1.492208305965598003e-01,5.571350429058929271e-02,3.998113919662056870e-01,1.254902925352267884e+00,-7.910013458571639455e-02,9.876466919762760810e-02,4.499014027085938838e-02,3.020053913354919795e-01,-8.845641221735453530e-02,-6.736264443604259022e-02,7.894051690351090445e-01,3.791454109033373567e-03,1.587254891514577049e-01,3.400286353611089302e-02
-6.093094123776652271e-01,-5.396229246321086748e-02,-2.818908633324275145e-02,7.905918582883307844e-01,5.494207012793144163e-01,-2.658028707126781631e-01,1.369519637100942155e+00,-2.071319914117194516e-01,-5.029107256409433291e-02,1.262418728410600634e-02,3.737029028859643609e-01,-2.406226468413282804e-01,1.317063336456369971e-01,-1.437702719339511714e-01,-7.252150267628090785e-02,-2.271186754346783687e-01,4.186917051219095631e-01,-2.916933587218948909e-01,-2.356143163841472044e-01,6.630759445729256241e-02,-6.449281478441532336e-03,1.281315695898035678e-01,-1.501099795599897535e-01,5.154162677891130362e-02,3.989143422051840693e-01,1.255715235547597564e+00,-7.947977047275622819e-02,9.899671635670065362e-02,4.498571565348095241e-02,2.978843460706756541e-01,-9.334145464026694095e-02,-7.213753642451163628e-02,7.915540875818817268e-01,3.424893355894416836e-03,1.595049883094900867e-01,3.300420958436085100e-02
-6.096608565891544762e-01,-5.351339188131117725e-02,-2.829811872368676040e-02,7.903475016149767995e-01,5.495180209641671309e-01,-2.656813079392807975e-01,1.369980412334169229e+00,-2.075877375646746625e-01,-5.003649329679266816e-02,1.102847027708720416e-02,3.755991891921741099e-01,-2.418601977907966216e-01,1.315282022183868749e-01,-1.428941418086412396e-01,-7.200226217749530755e-02,-2.281370697675496884e-01,4.183800935122999332e-01,-2.918133830146889540e-01,-2.356128123213797609e-01,6.605538176701869491e-02,-6.778410597425181712e-03,1.284604624213725732e-01,-1.500596534491545342e-01,5.173244491203145279e-02,3.995427095809385154e-01,1.255969987349913719e+00,-7.965163460203437962e-02,9.891429844343689604e-02,4.498445250867407624e-02,2.981962238758618100e-01,-9.175387797015252533e-02,-7.227933202954721359e-02,7.915803008082871184e-01,3.419069904772247415e-03,1.594683864555578034e-01,3.300722982921033832e-02
-6.100351344338372783e-01,-5.347496113715564936e-02,-2.812951397986048277e-02,7.900672716490201308e-01,5.486896057699247597e-01,-2.652165830017292891e-01,1.369596260782449226e+00,-2.081748386800930661e-01,-4.935663334238778177e-02,9.268691429686150285e-03,3.767987578201099641e-01,-2.435741411645592214e-01,1.313401573394462063e-01,-1.424725693280666505e-01,-7.100748691186986594e-02,-2.290397538969305424e-01,4.180830302841728741e-01,-2.931440708108516424e-01,-2.356157280621483385e-01,6.520428092172664281e-02,-1.287125428694670635e-02,1.299779369463628376e-01,-1.507118213897112036e-01,5.514072739490340214e-02,4.014723255274741387e-01,1.254881206460104037e+00,-7.968510883650241350e-02,9.866159858283268802e-02,4.499080330057173005e-02,2.986458730694490638e-01,-8.818214513607065819e-02,-6.863732893848123462e-02,7.905882131051124029e-01,3.702070517728989034e-03,1.591480643823025287e-01,3.369052928174837841e-02
-6.104519511045928271e-01,-5.337157607960570094e-02,-2.817539516244954578e-02,7.897506171993881052e-01,5.482086214088144338e-01,-2.653733823036896200e-01,1.370809358785097798e+00,-2.077278328839454735e-01,-4.890396486337203474e-02,7.670222924835174566e-03,3.764971614858559912e-01,-2.411327010492318734e-01,1.310509011375175226e-01,-1.414011803574982962e-01,-7.035631809348751042e-02,-2.300995283443807438e-01,4.168075889835667347e-01,-2.900415354236410836e-01,-2.356160607736887125e-01,6.518777474598959343e-02,-1.710926346309302529e-02,1.286710632589967707e-01,-1.496318381635215744e-01,5.734716925774792362e-02,4.035927991771102730e-01,1.254189569831385409e+00,-7.967060957692512213e-02,9.855252558212740377e-02,4.499181661107728297e-02,3.016579565576103517e-01,-8.569482983879368743e-02,-6.538948140826351951e-02,7.898282250963343243e-01,3.932284542006935293e-03,1.587848895716432174e-01,3.426437364761465015e-02
-6.107302143741043521e-01,-5.316040253589698200e-02,-2.795397259033188461e-02,7.895575674193752169e-01,5.489433188047334600e-01,-2.647504172928449862e-01,1.368669271236522489e+00,-2.093988844463934018e-01,-5.039940996399363410e-02,6.467750770059025635e-03,3.791499231357355337e-01,-2.459852194905573497e-01,1.310915014991462790e-01,-1.421227538289693837e-01,-7.156751601831795595e-02,-2.305341441427479210e-01,4.185993448992766930e-01,-2.951696606074276086e-01,-2.356161445200243842e-01,6.506084364828414179e-02,-1.185938093864872915e-02,1.321649431064798874e-01,-1.516616931987908035e-01,5.401556568140170045e-02,4.032200587836112238e-01,1.254609370958450931e+00,-7.996423900619689662e-02,9.846738766463711268e-02,4.499058503646879981e-02,2.982921552004415000e-01,-9.014153616166392657e-02,-6.767832467268353192e-02,7.894915792105138275e-01,3.773913497791515741e-03,1.593369361895498326e-01,3.371278662591743747e-02
-6.110623344059364914e-01,-5.276311429560714972e-02,-2.787412754554303290e-02,7.893300388644607368e-01,5.491330764713595602e-01,-2.645448131584735019e-01,1.368624558402124158e+00,-2.099503240043872621e-01,-5.075930356394236370e-02,4.904389459531061958e-03,3.812244623102916674e-01,-2.482300429988149593e-01,1.311861715130534511e-01,-1.418377291897001957e-01,-7.167730140993437693e-02,-2.312957377679019377e-01,4.196398134222260046e-01,-2.972575010568474507e-01,-2.356157248348731692e-01,6.497855261373251812e-02,-1.073514219439310191e-02,1.338904615439288626e-01,-1.520495730168481552e-01,5.370459047285666004e-02,4.036765850316839099e-01,1.254989106538894061e+00,-8.016293097706467252e-02,9.838000949499252357e-02,4.499024584118698628e-02,2.974212169028229713e-01,-9.084563834987333109e-02,-6.799497775584856241e-02,7.889609803182784376e-01,3.764454625784912582e-03,1.595623803672018559e-01,3.359279331616535358e-02
-6.106369860598059862e-01,-5.208495250562516360e-02,-2.823533915284740653e-02,7.896913286855864467e-01,5.508838931894083357e-01,-2.641942383917341153e-01,1.369347332658143346e+00,-2.109116173373521974e-01,-5.178081415802279763e-02,4.468426457235854382e-03,3.822741423192702048e-01,-2.471986695349708829e-01,1.322845419301710845e-01,-1.430509335475621535e-01,-7.275057596010897631e-02,-2.316852801835365960e-01,4.205401200788260740e-01,-2.949823200407999946e-01,-2.356136809907242446e-01,6.504918014385102643e-02,7.919752696242406782e-04,1.392162175829842474e-01,-1.533622783249154742e-01,4.736609644970737887e-02,4.022205359013547588e-01,1.256326814483694321e+00,-8.050202054022581599e-02,9.888079207939058646e-02,4.498764297979535726e-02,2.896704332213380084e-01,-9.499140612187512156e-02,-6.998357571228744356e-02,7.995216053890423780e-01,3.757077569653646462e-03,1.615186981142509859e-01,3.406849160788874564e-02
-6.107483158623764341e-01,-5.163751587402438253e-02,-2.831194500635401262e-02,7.896318733407281520e-01,5.504002475380902482e-01,-2.641987415741278156e-01,1.370816375914554408e+00,-2.102308443931655002e-01,-5.049176221189521918e-02,3.562700148460030535e-03,3.820791582781748463e-01,-2.429233201749854409e-01,1.334174276177313434e-01,-1.421676997058687608e-01,-7.151414119220318721e-02,-2.324967678945521199e-01,4.196911080438697761e-01,-2.892885144751411453e-01,-2.356146972859051170e-01,6.491943156963508876e-02,-4.566095874594953800e-03,1.394724817115483018e-01,-1.524764703214995243e-01,5.022682763212747009e-02,4.032975636311936785e-01,1.255306974883591220e+00,-8.053177492963703443e-02,9.836035564667421072e-02,4.499051406709032169e-02,2.899856952564764945e-01,-9.258129661257077925e-02,-6.643733641657349753e-02,8.004717368963409907e-01,4.008871536086566420e-03,1.602615346857103329e-01,3.509817400128228265e-02
-6.105155133919712984e-01,-5.124054506674903531e-02,-2.810568375662980331e-02,7.898451018962974191e-01,5.514394512537000859e-01,-2.638591781187520913e-01,1.370226925982285904e+00,-2.104292460204389426e-01,-5.175704199437939496e-02,3.585011266060380251e-03,3.828125423967629892e-01,-2.426892564614462344e-01,1.348703497562124820e-01,-1.424364648496538599e-01,-7.282322589601659957e-02,-2.326495559719872208e-01,4.203313848092134486e-01,-2.885977419730041960e-01,-2.356177296915355490e-01,6.473777900974220234e-02,3.283158832402032282e-03,1.416683943357273379e-01,-1.531344500267694531e-01,4.566872939247496044e-02,4.015296209226182356e-01,1.255986371607937357e+00,-8.094224758507292949e-02,9.831892387331205019e-02,4.499507363536419530e-02,2.842111504662709898e-01,-9.788775969006981159e-02,-7.149548865114946361e-02,8.040720828460043990e-01,3.586156282668511927e-03,1.603495492621488383e-01,3.428049633818811698e-02
-6.106687496984587460e-01,-5.096627555766401058e-02,-2.775193658884143530e-02,7.897568910196797187e-01,5.510584852360930208e-01,-2.631234311653533608e-01,1.368100142955652521e+00,-2.112969669807455986e-01,-5.156753745853646237e-02,2.733572047283279807e-03,3.852499813500442349e-01,-2.483437240543844016e-01,1.365383409621259703e-01,-1.429343367714304147e-01,-7.247699713105430763e-02,-2.327414688166239976e-01,4.227250887279033753e-01,-2.946774269129412427e-01,-2.356136514236776558e-01,6.379914207451256591e-02,1.837609658569861002e-03,1.454750441674756145e-01,-1.546587155631437560e-01,4.658887083222307962e-02,4.008554668554826228e-01,1.256230201598972362e+00,-8.120204023910447544e-02,9.786589009621782242e-02,4.498801346676743057e-02,2.813591071695822343e-01,-9.806690562032184533e-02,-7.092073932358548827e-02,8.027999939177119515e-01,3.646310527892876810e-03,1.608897078778716572e-01,3.420441334135827793e-02
-6.108974290598844226e-01,-5.061788099905112359e-02,-2.800153621672629017e-02,7.895936139943716681e-01,5.499857356154045362e-01,-2.635365549617252889e-01,1.370447582413677479e+00,-2.096026278488798689e-01,-4.937979694487559107e-02,1.538303568763173907e-03,3.841452189727809774e-01,-2.445884616623523189e-01,1.379497488301767716e-01,-1.411564804022836239e-01,-7.021961227160966601e-02,-2.335431546017684989e-01,4.211636592508196109e-01,-2.899792109886680791e-01,-2.356147550756490516e-01,6.335835678580517549e-02,-8.866766533561240213e-03,1.427463918842473978e-01,-1.529065493125137953e-01,5.117454863210722099e-02,4.024731704733089388e-01,1.256977792027055063e+00,-8.111747751748879520e-02,9.800094778934778650e-02,4.499179941903046903e-02,2.867369879302535951e-01,-9.412467578923126854e-02,-6.597968860557737458e-02,7.973958302523971309e-01,3.927406477014444910e-03,1.580481383178190535e-01,3.498780750157922531e-02
-6.108323738215363230e-01,-5.086840315010173613e-02,-2.762988841745926336e-02,7.896409348042592313e-01,5.503629567740712103e-01,-2.633566560209072982e-01,1.369193259144725117e+00,-2.101167345033440603e-01,-5.100373333971609108e-02,1.447013286628191266e-03,3.848238559863587649e-01,-2.461958176971626722e-01,1.396157149420411969e-01,-1.414358382745686815e-01,-7.165211184936319533e-02,-2.332891706713287050e-01,4.215950863950361782e-01,-2.920734809163825774e-01,-2.356113363060340082e-01,6.318943739860667652e-02,-4.368466501878748298e-03,1.434293432722900941e-01,-1.535779140099998441e-01,4.956171709866154934e-02,4.017229122035119726e-01,1.257604463814564033e+00,-8.137639959720319172e-02,9.818839665219299129e-02,4.498600099800605101e-02,2.849466589362921742e-01,-9.742278364741578656e-02,-6.748821671808556688e-02,7.979809618304525287e-01,3.798909479982185561e-03,1.586741056352804768e-01,3.449923637730913095e-02
-6.108782962370261638e-01,-5.083969089810399383e-02,-2.751950839839119659e-02,7.896111129368964532e-01,5.503875862170599653e-01,-2.633017653476878439e-01,1.369246144152149514e+00,-2.101689050279404170e-01,-5.140071829642996193e-02,9.390761679193046062e-04,3.852111083532338554e-01,-2.466626022255771766e-01,1.414168101678454914e-01,-1.413946704853570324e-01,-7.192781869939213202e-02,-2.333923604171085076e-01,4.218742298251616507e-01,-2.928084341135798185e-01,-2.356193751830095440e-01,6.307170921185847878e-02,-3.636659626961166996e-03,1.438983801988182043e-01,-1.538066008974611765e-01,4.967832342111872662e-02,4.015000747181055041e-01,1.257798171243266427e+00,-8.159211357772677697e-02,9.814328058595592208e-02,4.499901180696831704e-02,2.847776050184230856e-01,-9.769384933540586902e-02,-6.728329766944000923e-02,7.977533915014872745e-01,3.816272609294878333e-03,1.588641667871578123e-01,3.446833958091135436e-02
-6.109943314813138793e-01,-5.090713057218430176e-02,-2.765509748975272103e-02,7.895122459705367080e-01,5.496327250424067890e-01,-2.636083545791927385e-01,1.370495596646473579e+00,-2.096536812631200342e-01,-5.042861934106457333e-02,7.287874414416833924e-05,3.845249330347619843e-01,-2.436345518944129929e-01,1.428946275643668828e-01,-1.406867761926274274e-01,-7.085263013179889102e-02,-2.338825398306333403e-01,4.207084303614259668e-01,-2.893772126712271242e-01,-2.356116068306431666e-01,6.331647959256972436e-02,-9.391876637004222331e-03,1.424115937645271113e-01,-1.527016031758938186e-01,5.274582777511109544e-02,4.028864628593931130e-01,1.257417862380155738e+00,-8.157161785708133550e-02,9.786221071386397297e-02,4.498816067516456935e-02,2.884346642862757881e-01,-9.379781873547729520e-02,-6.332310129251922381e-02,7.961712803662077675e-01,4.109170978688765977e-03,1.582591821739171567e-01,3.524287798627666335e-02
-6.106075765131178112e-01,-5.082319375303284009e-02,-2.723942095445151812e-02,7.898312506020415125e-01,5.506947963987014472e-01,-2.632981700668383662e-01,1.368778929190217930e+00,-2.106638025460300934e-01,-5.263763228376427267e-02,2.374006710231949327e-04,3.867291983745357875e-01,-2.469590607686809047e-01,1.446326210841651638e-01,-1.414891339941987958e-01,-7.287740136940402957e-02,-2.332046236037945419e-01,4.223530972598902311e-01,-2.931983492071671416e-01,-2.356185619499582273e-01,6.345253180415788563e-02,-5.076599503449062169e-04,1.448203777976751205e-01,-1.543239110188859564e-01,4.761268839869953889e-02,4.008754980595725659e-01,1.258255291324599234e+00,-8.203949696142724679e-02,9.808867639138552086e-02,4.499754839115133881e-02,2.839537162556285410e-01,-1.001074355387358839e-01,-6.812367851487488579e-02,7.981811523957779153e-01,3.743599803905669262e-03,1.588216483447048022e-01,3.430046310978678015e-02
-6.106241434814205782e-01,-5.061281800536249209e-02,-2.739301606557272700e-02,7.898266396633940589e-01,5.504497990768100202e-01,-2.639422359143853702e-01,1.371312285979421342e+00,-2.092221617352184593e-01,-5.208606037912384690e-02,-3.364180854659653630e-04,3.856901066870311312e-01,-2.417969431316616680e-01,1.461352254979988441e-01,-1.400951270189096931e-01,-7.227522368708046152e-02,-2.335594829320783994e-01,4.207935478073124846e-01,-2.870800204378747833e-01,-2.356197037939977423e-01,6.425105772247888258e-02,-3.758022680396388721e-03,1.426659763062450015e-01,-1.529294071011359502e-01,5.038073191854280236e-02,4.016699130917961713e-01,1.257450012969117514e+00,-8.215331542224926786e-02,9.821950569782506024e-02,4.499955220430398861e-02,2.879642839915995123e-01,-9.704502347672207263e-02,-6.642969058466802190e-02,7.973485890353657624e-01,3.876679920577143224e-03,1.582304271202628621e-01,3.479733889369392846e-02
-6.101443144137996821e-01,-5.026411106974034565e-02,-2.721352624683853749e-02,7.902258276695944827e-01,5.512326348647320629e-01,-2.637595883488161319e-01,1.369473613015027791e+00,-2.093873693466523078e-01,-5.363962324387717973e-02,-8.807332451066342879e-04,3.874253635111070682e-01,-2.444475207189697463e-01,1.479353948082025860e-01,-1.405745064763640195e-01,-7.316315977696762063e-02,-2.327939395143839851e-01,4.225190955951831917e-01,-2.899363042145938207e-01,-2.356195588280527442e-01,6.411311018036711107e-02,4.536399025619984419e-03,1.437856739011645901e-01,-1.534698123772674505e-01,4.685245275400434783e-02,3.998724060303228134e-01,1.257669767721523169e+00,-8.261926456904990224e-02,9.855163665568393572e-02,4.499920364915867971e-02,2.848132047586238169e-01,-1.020892099100768197e-01,-7.118392847929241873e-02,7.991249753064044725e-01,3.528251003356545987e-03,1.590135449387966859e-01,3.387310234291203426e-02
-6.100039329804528565e-01,-4.974852621818363907e-02,-2.727374819218012988e-02,7.903647439929538665e-01,5.514222793735454875e-01,-2.638623282733202902e-01,1.370240085141417152e+00,-2.086373651900792769e-01,-5.337374740977002957e-02,-1.750051255126325095e-03,3.879189825588100216e-01,-2.439719094603007288e-01,1.493139350970290324e-01,-1.399962152881661370e-01,-7.262640516240896627e-02,-2.325495506797746192e-01,4.228647337362039238e-01,-2.887157620083157239e-01,-2.356192597441116032e-01,6.398240631924834165e-02,5.818167191210756387e-03,1.439509882814444530e-01,-1.530962794840080576e-01,4.654597086400085598e-02,3.992609341820639313e-01,1.257686835653365032e+00,-8.291829947302654935e-02,9.849527445816201598e-02,4.499875802788652623e-02,2.845723286057232904e-01,-1.010871124787250386e-01,-7.244938004319212421e-02,7.996883854051912710e-01,3.444853112053326578e-03,1.591140126167068236e-01,3.373363791783688670e-02
-6.098753892549608757e-01,-4.936413197338316433e-02,-2.733539885411232287e-02,7.904859062786071533e-01,5.511453155849810326e-01,-2.639255730895966323e-01,1.370051533715423098e+00,-2.080387388123687842e-01,-5.252740009653779352e-02,-2.637341752586033067e-03,3.885562817045133954e-01,-2.448207579731859485e-01,1.504815475293311833e-01,-1.394906520553864104e-01,-7.149514234210924135e-02,-2.322879108818676763e-01,4.232787506723827420e-01,-2.887530942590091354e-01,-2.356197840553158618e-01,6.354057642692609309e-02,3.620320702146437135e-03,1.436690072409505803e-01,-1.524137701566784797e-01,4.808235580612354315e-02,3.996990025414067227e-01,1.257334397400475812e+00,-8.306364738279531368e-02,9.835252520341743188e-02,4.499965132004964119e-02,2.850788211962698715e-01,-9.843328864508324449e-02,-7.050385523195314141e-02,8.005761503885036046e-01,3.598951789776763926e-03,1.584793170186586664e-01,3.435996760623998697e-02
-6.097311597025155683e-01,-4.992311862241968073e-02,-2.639581432323774915e-02,7.905939894162175019e-01,5.510753854899542725e-01,-2.642154616099282594e-01,1.369142738059183406e+00,-2.077363109061369784e-01,-5.508078272155858546e-02,-2.417253102307990922e-03,3.896841187057324407e-01,-2.472742914632596045e-01,1.515231874638914289e-01,-1.394921500947571558e-01,-7.379581727270334568e-02,-2.310351145545552765e-01,4.249261138124108550e-01,-2.922127375632886381e-01,-2.356194258427376509e-01,6.344166007486608250e-02,1.121149307925887366e-03,1.421471827408006816e-01,-1.514797375211288655e-01,4.902332431801406654e-02,3.998705751508394024e-01,1.257594984699953233e+00,-8.324370400767686085e-02,9.849975600219937344e-02,4.499904526168462676e-02,2.869998651626655684e-01,-9.773245289610159314e-02,-6.995520808740549046e-02,8.008240290992173493e-01,3.635265490269766996e-03,1.583712532336281065e-01,3.452609880319488372e-02
-6.095923287477132968e-01,-5.019690551664793277e-02,-2.625256630167247668e-02,7.906884760580925597e-01,5.506736191766339328e-01,-2.643851481338007625e-01,1.369920738325546505e+00,-2.075665420485798274e-01,-5.527628457998613742e-02,-2.676755932324608421e-03,3.895979214049949957e-01,-2.462031599051233421e-01,1.524259319593550821e-01,-1.394752726761974149e-01,-7.384408383299027878e-02,-2.305182836598397567e-01,4.247870931811569273e-01,-2.915628303875460459e-01,-2.356196544058131448e-01,6.350959240444020715e-02,-2.611626675909631788e-03,1.407881331848097606e-01,-1.508727817613805533e-01,5.107181433761608103e-02,4.008583391433130361e-01,1.257444343546421983e+00,-8.330587999980493263e-02,9.836653542925154203e-02,4.499946093139953890e-02,2.893544946523703421e-01,-9.496599047409011451e-02,-6.757009957165573122e-02,8.001415890813221576e-01,3.804011055674411199e-03,1.579248789182868817e-01,3.503812677854915847e-02
-6.092881720081537722e-01,-5.036297398677109377e-02,-2.608329739303968248e-02,7.909179198243497799e-01,5.505742780441605921e-01,-2.644649848111513823e-01,1.369908287685777104e+00,-2.075575674701950202e-01,-5.570894258647231950e-02,-2.677101058140312316e-03,3.899831237308714060e-01,-2.459051150870018576e-01,1.534186258419305560e-01,-1.394935696683035631e-01,-7.409638608637694746e-02,-2.298682614354473630e-01,4.247317455275762543e-01,-2.915366092606990756e-01,-2.356195970134908890e-01,6.344337784136536151e-02,-3.828576859062337526e-03,1.397657568040087395e-01,-1.502696554474600155e-01,5.187343557326876131e-02,4.016341031172562248e-01,1.257456035103076797e+00,-8.341055821060251729e-02,9.832023837466496996e-02,4.499936502536576455e-02,2.905080134546530468e-01,-9.385190290816922132e-02,-6.615490085229462636e-02,8.001911246014566936e-01,3.893637033298434462e-03,1.577563299864417623e-01,3.526951299424147673e-02
-6.090494934933240456e-01,-5.047930354376548717e-02,-2.601666591104729101e-02,7.910965095891491217e-01,5.504112481053945460e-01,-2.645149820008508290e-01,1.370043037356419635e+00,-2.076555015363898138e-01,-5.578165961596530387e-02,-2.714907584847028356e-03,3.904191463422774788e-01,-2.455985045400616851e-01,1.544724820853332348e-01,-1.396179323412842788e-01,-7.400753354479407131e-02,-2.291979036637608602e-01,4.246961525465638987e-01,-2.912175450693552103e-01,-2.356197904848645330e-01,6.345042043416342092e-02,-4.575759620939566681e-03,1.393339787668793350e-01,-1.499410224470583142e-01,5.209206556883569372e-02,4.022114327807553291e-01,1.257177836565249285e+00,-8.355837110713330851e-02,9.819766592147846640e-02,4.499967099394048403e-02,2.913331748512387187e-01,-9.381890146314511569e-02,-6.581129602764174136e-02,7.997516781654548934e-01,3.911624294272401416e-03,1.576941945349345231e-01,3.538560052470127171e-02
-6.087424777392241859e-01,-5.048459791635066113e-02,-2.601802044142840012e-02,7.913323977832854572e-01,5.505737094767337858e-01,-2.645836952716451029e-01,1.370121504748498031e+00,-2.077422124058988517e-01,-5.600386938082387023e-02,-2.621756624434794063e-03,3.908080781889765043e-01,-2.454588905470752314e-01,1.556378187009794245e-01,-1.398207616677741294e-01,-7.408517847193844819e-02,-2.285309427014559913e-01,4.247233440649088032e-01,-2.908299182085978263e-01,-2.356198207900454811e-01,6.338803438338955210e-02,-4.372031295886794414e-03,1.390670362536915450e-01,-1.496293041584787209e-01,5.161135740208885186e-02,4.024142997155352175e-01,1.256892840047224347e+00,-8.375208609739914767e-02,9.809509508190820959e-02,4.499972077623470151e-02,2.909591042559183660e-01,-9.337999283321637978e-02,-6.675666269831295740e-02,8.002466385277623440e-01,3.814932549863090001e-03,1.577441469834376386e-01,3.522037060480444348e-02
-6.082948567491792691e-01,-5.041868623693836898e-02,-2.576179492909490623e-02,7.916891140167762186e-01,5.513090636006139356e-01,-2.643027697068562332e-01,1.369047391204893271e+00,-2.083848779994822709e-01,-5.728727712876784811e-02,-2.190626386152190724e-03,3.922554328399740498e-01,-2.483184163418977186e-01,1.570504871068671426e-01,-1.406411523665807295e-01,-7.522680240001632102e-02,-2.275717604833564500e-01,4.260195782157141231e-01,-2.939201132212212464e-01,-2.356198353848995564e-01,6.321381532819932147e-02,1.494836223280863454e-03,1.412771743592282081e-01,-1.508625782922105030e-01,4.738924183596387313e-02,4.010419397802930108e-01,1.256877365500144172e+00,-8.418570539336961422e-02,9.812259078611348939e-02,4.499971875721274495e-02,2.876270886457776843e-01,-9.610256511350397102e-02,-7.147407030170341291e-02,8.006193685211796529e-01,3.454194986594045450e-03,1.583055684075120872e-01,3.433005934552537525e-02
-6.081012447698592727e-01,-5.011379711842350870e-02,-2.565402069302402319e-02,7.918606914539975117e-01,5.515895052517937325e-01,-2.640813971717969055e-01,1.368655181607730809e+00,-2.084439813369731720e-01,-5.742959442483083765e-02,-2.161800008311605056e-03,3.933732273618625874e-01,-2.506553455294073252e-01,1.585063972352725448e-01,-1.409278559034670142e-01,-7.524576228925757004e-02,-2.269162415817268519e-01,4.272865957865777942e-01,-2.962251105516109373e-01,-2.356197195437864378e-01,6.292469875984410543e-02,3.743744906567975442e-03,1.427222978311080692e-01,-1.514032029606063035e-01,4.620794177245032830e-02,4.003478792944908937e-01,1.256897708882398712e+00,-8.449856857560629486e-02,9.814726860204596448e-02,4.499952673037876244e-02,2.867624115991348477e-01,-9.626836889585191348e-02,-7.343456095603995148e-02,8.000514177385514847e-01,3.323398884989076790e-03,1.584672187401590104e-01,3.401539663596293145e-02
-6.080268597434719258e-01,-4.971335743267394497e-02,-2.549125242428224719e-02,7.919483038513972506e-01,5.526874194924723538e-01,-2.638674221256124275e-01,1.367522330421729215e+00,-2.089071482793306844e-01,-5.883141486633661904e-02,-1.922041740401883234e-03,3.952967620573664687e-01,-2.547365879842460323e-01,1.601262274337303948e-01,-1.414131929769112395e-01,-7.645752773610633990e-02,-2.261057013483365186e-01,4.293725002622874043e-01,-3.003586818080224985e-01,-2.356091584952069440e-01,6.317317624958319888e-02,1.033677555284651453e-02,1.452018294580200708e-01,-1.528125838396813818e-01,4.202744002595464740e-02,3.986550882023932596e-01,1.257314787690285929e+00,-8.486362593692338419e-02,9.828723481728476874e-02,4.497845683737591860e-02,2.854099239256988607e-01,-9.856113114487008442e-02,-7.844728058963837403e-02,7.986960820959354557e-01,2.967893775449352827e-03,1.588037670229736631e-01,3.306866477778196145e-02
-6.080716890219883819e-01,-4.934835070551599201e-02,-2.551863826821593184e-02,7.919358309822378539e-01,5.531066430570841241e-01,-2.636846801927104078e-01,1.367468197857914625e+00,-2.090408624319645692e-01,-5.900088673946644185e-02,-2.124183566413883218e-03,3.963314052738693971e-01,-2.566859496093965576e-01,1.617424939932812222e-01,-1.414600164785616287e-01,-7.637283001302738739e-02,-2.257935308758539927e-01,4.302825755514833594e-01,-3.020416855597164441e-01,-2.356163805406945866e-01,6.375465674307675967e-02,1.245362496772351064e-02,1.473900231138569883e-01,-1.541878364449867089e-01,4.050342052104121543e-02,3.977422158300660815e-01,1.257168446571233833e+00,-8.525295365927398894e-02,9.828721611227352051e-02,4.499378568066057099e-02,2.864280818645196791e-01,-9.831157978856477908e-02,-8.046725817354750954e-02,7.956473324070605369e-01,2.860080010045317964e-03,1.586642171564728865e-01,3.280965188042429814e-02
-6.078385963809568304e-01,-4.908500617101801966e-02,-2.537773086897528521e-02,7.921356409698792067e-01,5.535127424310486433e-01,-2.634889308837630728e-01,1.367154958223207428e+00,-2.090161918002810815e-01,-5.946117220569205331e-02,-2.158484735655056413e-03,3.972073377274920047e-01,-2.583320379664420519e-01,1.633911348524886564e-01,-1.415073427046456833e-01,-7.667199624790738133e-02,-2.252765420845261601e-01,4.309955294792849334e-01,-3.035458057518864994e-01,-2.356195361593211857e-01,6.411632503373181080e-02,1.513286060792318720e-02,1.488136580677001386e-01,-1.548275285475908258e-01,3.886680063723475798e-02,3.967169708001206940e-01,1.257446509500354637e+00,-8.560732509458515715e-02,9.834050626750569235e-02,4.499909155902594160e-02,2.860051048852467193e-01,-9.900802291232921326e-02,-8.285500273013510220e-02,7.948688236365361037e-01,2.710886368130863058e-03,1.586390930644347996e-01,3.245756155349913824e-02
-6.078109036335619386e-01,-4.908279754901417186e-02,-2.549593997483876051e-02,7.921532310441676827e-01,5.529214624496644470e-01,-2.635882105812277776e-01,1.367950969422076835e+00,-2.086335268279150001e-01,-5.843848094296408974e-02,-2.625850357110840350e-03,3.968502216703164165e-01,-2.569649665177859976e-01,1.649121531766665205e-01,-1.411295385696594573e-01,-7.552421989646848632e-02,-2.251013854221401156e-01,4.302826766174731588e-01,-3.016942725586123086e-01,-2.356197736225426054e-01,6.457642871398423801e-02,1.066740263620769881e-02,1.483455466495996744e-01,-1.544479440280353555e-01,4.162552083967613337e-02,3.974052629924376689e-01,1.256735640717139502e+00,-8.572735746621422404e-02,9.822403952153462015e-02,4.499957936833477723e-02,2.888894635614142059e-01,-9.599777633070040450e-02,-8.052539760511494282e-02,7.928327430372291706e-01,2.920589668337946962e-03,1.581656161162443286e-01,3.303424276260778086e-02
-6.074815170728270486e-01,-4.906048444614094506e-02,-2.533929934128163752e-02,7.924122634018857525e-01,5.531768870543646299e-01,-2.634442287231146262e-01,1.367700075781793867e+00,-2.087799726169196068e-01,-5.894889926599843066e-02,-2.484736597129224515e-03,3.972726468527906230e-01,-2.570246955025584645e-01,1.665699318842812082e-01,-1.413748868545453286e-01,-7.585293991975582129e-02,-2.243830811572734285e-01,4.304063952328194276e-01,-3.017632752076598313e-01,-2.356187424944661823e-01,6.480486032008532515e-02,1.237484477011780402e-02,1.491717369996141684e-01,-1.545632212992971988e-01,4.068792855256180702e-02,3.971074180127365794e-01,1.256657545024390421e+00,-8.599205073698978907e-02,9.821938869726784538e-02,4.499787948084404271e-02,2.878871341972255582e-01,-9.746323600104644935e-02,-8.177706418739021099e-02,7.929745869839569528e-01,2.841034346676155758e-03,1.582362902702454943e-01,3.284459022995648431e-02
-6.072442396509126761e-01,-4.881716690417925442e-02,-2.512679175685395352e-02,7.926158981260986724e-01,5.535856941041076285e-01,-2.633820924991808199e-01,1.367123905295506203e+00,-2.088224315770037809e-01,-5.964158483658404258e-02,-2.357608848383447014e-03,3.986458949778687311e-01,-2.586986867675058477e-01,1.684507802589546299e-01,-1.413408606014139590e-01,-7.633077862834275473e-02,-2.236167005648564410e-01,4.313471948818651258e-01,-3.034990838261593105e-01,-2.356193523297720194e-01,6.503609516913942679e-02,1.516974630911179997e-02,1.497645532040755567e-01,-1.544043562486637211e-01,3.921727147620861914e-02,3.965296052340738231e-01,1.257282111126217350e+00,-8.628756647821940462e-02,9.828295439769654807e-02,4.499876073088019540e-02,2.868350101156473264e-01,-9.921419847783972956e-02,-8.367894678010152909e-02,7.936514454188431378e-01,2.710968000726523240e-03,1.584815637867714455e-01,3.250517186948979897e-02
-6.069904970612099993e-01,-4.880339098172806200e-02,-2.499647742520574520e-02,7.928152001711376018e-01,5.529278395463456119e-01,-2.634894492925160536e-01,1.367678211558492007e+00,-2.084875170878240369e-01,-5.892905284000062027e-02,-2.589193469098286307e-03,3.992697626759224572e-01,-2.582849335879606745e-01,1.696170636752327432e-01,-1.409218674469873145e-01,-7.553715482373742074e-02,-2.229879076492505274e-01,4.311437673811372440e-01,-3.025419994686556757e-01,-2.356188714898586889e-01,6.483966170200695933e-02,1.116090803268826766e-02,1.486673985119778552e-01,-1.531146726599290908e-01,4.194350556494594318e-02,3.973959364249331494e-01,1.257298953597161484e+00,-8.642110530062008245e-02,9.821309555119710211e-02,4.499803039948827715e-02,2.878092502077244652e-01,-9.719342808628332608e-02,-8.129620517110727751e-02,7.941344404653544187e-01,2.903143161633478693e-03,1.584264078276285403e-01,3.299385323611307014e-02
-6.066289434298948180e-01,-4.898699561313844819e-02,-2.492664352608235656e-02,7.930827584158235410e-01,5.520329630841201984e-01,-2.636749981760702632e-01,1.368425360964723225e+00,-2.083016921358596951e-01,-5.797311322890524171e-02,-2.733124059599585653e-03,3.995339652821732201e-01,-2.562028437812197135e-01,1.711583850645752025e-01,-1.402897120375027618e-01,-7.438023694680068187e-02,-2.222788332912857545e-01,4.296826423570290210e-01,-3.001274817622260893e-01,-2.356190415638730884e-01,6.465630437938256481e-02,5.669343767117298802e-03,1.462374772204609596e-01,-1.511702439140166776e-01,4.542435182710974351e-02,3.988999129722171078e-01,1.257387329981586976e+00,-8.645688725897565652e-02,9.811921521848898653e-02,4.499841377635421108e-02,2.889552713515402549e-01,-9.540422264747276671e-02,-7.694269389391748815e-02,7.957462122305729579e-01,3.233271931967701164e-03,1.582766939548952700e-01,3.384591072249611143e-02
-6.061093037052543986e-01,-4.908791907120289844e-02,-2.494440647408116205e-02,7.934731657396149052e-01,5.521203540137139543e-01,-2.636994764091556975e-01,1.368464211472765868e+00,-2.086984872131052160e-01,-5.805247483118945034e-02,-2.366813178031279118e-03,4.001012484340292774e-01,-2.556283845725171311e-01,1.724271711063391499e-01,-1.402400995010389950e-01,-7.421434927087876277e-02,-2.214056229769347239e-01,4.284415014938413035e-01,-2.989552317022238226e-01,-2.356188093747961232e-01,6.440900237294154562e-02,5.541663549554939373e-03,1.453900479312052185e-01,-1.504951253932242383e-01,4.544522441267005025e-02,3.995474414131560681e-01,1.257441156489775391e+00,-8.659187707409338186e-02,9.808827397094295464e-02,4.499797950694289783e-02,2.875262870821144179e-01,-9.619458719222948040e-02,-7.643880667316728383e-02,7.976230608400144417e-01,3.246674473477068924e-03,1.584583037840785191e-01,3.388369194437147042e-02
-6.055414115590682655e-01,-4.860041802671714178e-02,-2.564542739719078562e-02,7.939142965763337223e-01,5.522772313611720163e-01,-2.642862689381588748e-01,1.368546227896841438e+00,-2.078035577021262459e-01,-5.650695193781536674e-02,-2.345941265201574068e-03,4.003076603844569759e-01,-2.564361534530477105e-01,1.737521580987532177e-01,-1.393008460773978441e-01,-7.239160622396745293e-02,-2.209834742912488437e-01,4.270911420791728696e-01,-2.975075662367130946e-01,-2.356166656737244403e-01,6.491782975194627936e-02,9.379592444882289826e-03,1.412557119017248120e-01,-1.480855618261403273e-01,4.448490689408023113e-02,3.998546643411644563e-01,1.258155931023473340e+00,-8.676992244787203046e-02,9.845552440506623315e-02,4.499408353558092405e-02,2.882843276271190303e-01,-9.780727956482482277e-02,-7.762916191714880343e-02,8.005603700433446823e-01,3.123857459354906826e-03,1.587508460594170834e-01,3.363629053036333583e-02
-6.052662580038732365e-01,-4.845213895260185727e-02,-2.604928070162243828e-02,7.941200048656592569e-01,5.522614105034436838e-01,-2.644638259063078478e-01,1.368495448096198164e+00,-2.077483781783875383e-01,-5.545903739119175530e-02,-2.341312802004779335e-03,4.006263687691994368e-01,-2.574966914815587371e-01,1.749891963790110305e-01,-1.391520480162062035e-01,-7.117816051993360038e-02,-2.205666959604279109e-01,4.263559995851929907e-01,-2.967343093541738308e-01,-2.356157760627328734e-01,6.489872835102408755e-02,9.885569753038085314e-03,1.392848039838579521e-01,-1.472527705851972291e-01,4.452166972935497208e-02,4.004007958377596710e-01,1.258221267429026291e+00,-8.694868146638026762e-02,9.851323491463886972e-02,4.499260774720865302e-02,2.886526354760631241e-01,-9.789328684911684231e-02,-7.740740974936859142e-02,8.016685882664770224e-01,3.129067221852313563e-03,1.589287802175113617e-01,3.368750802442713882e-02
-6.051739331719508952e-01,-4.885367459970229448e-02,-2.543307037516375629e-02,7.941857389922016841e-01,5.533871222270048129e-01,-2.644541284003623094e-01,1.369417356880949344e+00,-2.078512359848175839e-01,-5.843929435197257188e-02,-1.209569321711958037e-03,3.999051990339717588e-01,-2.545529628915912945e-01,1.758362563551019997e-01,-1.395080693201147803e-01,-7.424170602212172565e-02,-2.197747517722856703e-01,4.258919727095715202e-01,-2.940076112921636287e-01,-2.356176301700612374e-01,6.479472218135649830e-02,1.626147990925362607e-02,1.389879941826644427e-01,-1.482344939286973917e-01,4.003576541625590568e-02,3.989543098564208856e-01,1.259665631127617091e+00,-8.737451760313408311e-02,9.898155554090894148e-02,4.499519759572508798e-02,2.861856706499472103e-01,-1.026648794067735460e-01,-8.204613052126191741e-02,8.038053822540225379e-01,2.766235260374338978e-03,1.594603938405728949e-01,3.283269934314081429e-02
-6.053123356747066586e-01,-4.895023148448748168e-02,-2.567802653793951201e-02,7.940664267369343943e-01,5.528701733827654508e-01,-2.646964127314956894e-01,1.370181105625673634e+00,-2.071651611912246060e-01,-5.747216732105135673e-02,-1.345873505713452052e-03,3.982994186861390506e-01,-2.514288833084648012e-01,1.764649129126739380e-01,-1.391425481847420875e-01,-7.327473089102687354e-02,-2.199041158520787520e-01,4.248664397821199645e-01,-2.905488447324384160e-01,-2.356146759418991377e-01,6.442577919491183913e-02,1.096346080666480566e-02,1.366667952909724204e-01,-1.474482008029847635e-01,4.270190742448901761e-02,4.001731745983506117e-01,1.259510963267783668e+00,-8.741125398626312104e-02,9.888016819217072817e-02,4.499074827162272833e-02,2.895359498355035144e-01,-9.821663286730107634e-02,-7.934095424294733412e-02,8.026389222349267216e-01,2.974927973036368533e-03,1.590782888800559569e-01,3.344204142316049844e-02
-6.052142461716574218e-01,-4.870407934742670975e-02,-2.570249090103699299e-02,7.941555331591376721e-01,5.547549612952198395e-01,-2.647076634895585978e-01,1.369385270781401598e+00,-2.077655085822663339e-01,-5.980981532485899616e-02,-4.722969943128197214e-04,3.989021557974061216e-01,-2.521812526496447493e-01,1.772368407572087190e-01,-1.398272256636266808e-01,-7.550795927282297204e-02,-2.193512098154233037e-01,4.257649865098024899e-01,-2.912513940959685077e-01,-2.356192770659903679e-01,6.489670232617500423e-02,2.156345466685409204e-02,1.380496407494717637e-01,-1.493746850561231410e-01,3.599307388017193576e-02,3.980331527685750381e-01,1.259990856779410251e+00,-8.786735678114114545e-02,9.948082609875416593e-02,4.499836178584976781e-02,2.887621588728347399e-01,-1.036153131579512221e-01,-8.598694004878136565e-02,8.012001436541718036e-01,2.477866044875380765e-03,1.593119359312778205e-01,3.221537989692194182e-02
-6.053555384581611465e-01,-4.863176014389322677e-02,-2.580492066014145741e-02,7.940489468748512802e-01,5.545352194196982998e-01,-2.648567343258855789e-01,1.369834857451708521e+00,-2.077690807732021638e-01,-5.934356286508694900e-02,-5.812745946315270740e-04,3.991753464660760531e-01,-2.514006975711020608e-01,1.778987879733079647e-01,-1.397123080306918452e-01,-7.511035937374763161e-02,-2.193980182151183123e-01,4.259596989650279442e-01,-2.901146782809999602e-01,-2.356191360707652616e-01,6.516248541535812899e-02,2.088842389475595307e-02,1.372188505497725919e-01,-1.493140352168068063e-01,3.641329174562957238e-02,3.979787647626677471e-01,1.259988828584179821e+00,-8.805163210854614897e-02,9.961604839665358369e-02,4.499823939545182644e-02,2.909337323095930739e-01,-1.021326799288472253e-01,-8.599339346643938842e-02,7.997138144021714856e-01,2.506993688269793050e-03,1.591623226443630024e-01,3.233904303152358717e-02
-6.052065864512286009e-01,-4.842415008178278801e-02,-2.580763011606227245e-02,7.941750787028645231e-01,5.551861834448786892e-01,-2.646288374346925654e-01,1.369591404972869020e+00,-2.083643337582807842e-01,-5.989000746065131775e-02,-2.952057100592176851e-04,3.999314423358804604e-01,-2.517790052629301778e-01,1.786453855671714386e-01,-1.403674320468199510e-01,-7.557897549293279837e-02,-2.190096071039498715e-01,4.266261280911213816e-01,-2.902415957015567760e-01,-2.356176506883193578e-01,6.511160913388948368e-02,2.363659256600234362e-02,1.388979907225146582e-01,-1.505251599344904212e-01,3.400992843169606261e-02,3.971840412352283800e-01,1.259983997332708272e+00,-8.843154622798926612e-02,9.971279215773304339e-02,4.499531941531918072e-02,2.897177064759104970e-01,-1.024840903735918102e-01,-8.834492995430426321e-02,7.989518207681134410e-01,2.341497839965252844e-03,1.591429704811475609e-01,3.197478168506193846e-02
-6.052507225638362742e-01,-4.834482305481632713e-02,-2.572550951896723434e-02,7.941489401111997415e-01,5.551480544081323076e-01,-2.645796324872025096e-01,1.369955721131940640e+00,-2.083072190463002016e-01,-5.985774984523821451e-02,-2.388847461883086235e-04,4.000713480324173954e-01,-2.509464662179245464e-01,1.793039101919773892e-01,-1.402583755421199230e-01,-7.547768133143410718e-02,-2.187153508941167279e-01,4.266710014194555756e-01,-2.892895729158314055e-01,-2.356112231409601965e-01,6.534532660890256250e-02,2.261915007458628959e-02,1.392641146049110323e-01,-1.514829376514348069e-01,3.403538485464095015e-02,3.969084040134778224e-01,1.259859606978685376e+00,-8.854448507126340406e-02,9.970244257928646825e-02,4.498268067642512830e-02,2.915442958094318637e-01,-1.011321070424139740e-01,-8.762600842952407432e-02,7.972656994472945291e-01,2.415727800483970233e-03,1.587227292655073729e-01,3.217460987293902647e-02
-6.051815364641365269e-01,-4.819220506075196780e-02,-2.570866266862539481e-02,7.942114856624021835e-01,5.554859856691645170e-01,-2.645121368950776874e-01,1.369216056973484807e+00,-2.086611231925162568e-01,-6.020685175066763789e-02,-2.191671792825810607e-04,4.012333451627453917e-01,-2.527296665322813496e-01,1.801058174241635945e-01,-1.404940745873745900e-01,-7.566229106994809550e-02,-2.182648834624334178e-01,4.276026717740126770e-01,-2.910625526748759073e-01,-2.356184521745988414e-01,6.556204503319607024e-02,2.437076246615068470e-02,1.396066908421020603e-01,-1.519818883201282389e-01,3.277091146893725687e-02,3.961207633353475699e-01,1.259987575250355318e+00,-8.873818389554007091e-02,9.984653199922786937e-02,4.499683058207726988e-02,2.910657879051904984e-01,-1.015994015901837549e-01,-8.890684234031663580e-02,7.973811326976114611e-01,2.329031934174165611e-03,1.588266045959051964e-01,3.195506733102453090e-02
-6.050323406824686945e-01,-4.801938259030037737e-02,-2.567974245397916175e-02,7.943365511239155463e-01,5.556536113973405966e-01,-2.644319727832264988e-01,1.369341198981875785e+00,-2.086697412031267851e-01,-6.020434679422757840e-02,-2.698745454453476593e-04,4.018979839199443571e-01,-2.532429156451332375e-01,1.808886203793604874e-01,-1.407484874894765758e-01,-7.560973721870750675e-02,-2.178317087677013875e-01,4.283573941544204788e-01,-2.913339375419597421e-01,-2.356154645747791099e-01,6.545352663625161882e-02,2.487967092923392548e-02,1.400390353006181199e-01,-1.523922248674954294e-01,3.283803105529792266e-02,3.956622485987089655e-01,1.259949624307602045e+00,-8.882264296336839227e-02,9.986994974711557727e-02,4.499083671652581717e-02,2.903723941682030407e-01,-1.014723835527290841e-01,-8.955799637072625607e-02,7.977841681809715313e-01,2.289832245885240012e-03,1.588591354093708830e-01,3.189342157958684199e-02
-6.049787916908657692e-01,-4.803557651106036414e-02,-2.563004035390024568e-02,7.943779616939077304e-01,5.555052161464644200e-01,-2.643909959909100937e-01,1.369828555461901409e+00,-2.084411795912663456e-01,-6.002531212061788801e-02,-3.168090274591591686e-04,4.015555093863807934e-01,-2.521458356610704055e-01,1.815602633875083027e-01,-1.407384576968237211e-01,-7.535091694908710447e-02,-2.174907834416550945e-01,4.282094329793535437e-01,-2.901263553641187931e-01,-2.356138150806800780e-01,6.534149190154794895e-02,2.287072738649643250e-02,1.400408091784337006e-01,-1.526619121032136150e-01,3.446578801645656248e-02,3.959677907684881482e-01,1.259780373991712388e+00,-8.876589714711972945e-02,9.962875989835251467e-02,4.498778975097108418e-02,2.908298364593085994e-01,-1.001114299083823572e-01,-8.862561513728897666e-02,7.974439482143695912e-01,2.372333529626789814e-03,1.587497829651126902e-01,3.211711486528613657e-02
-6.050930007949550937e-01,-4.814117023430136005e-02,-2.566115264495207396e-02,7.942835723860597330e-01,5.549978148097862718e-01,-2.644605173191708625e-01,1.370503245646563784e+00,-2.079420942345251433e-01,-5.937782526664812932e-02,-4.994494825443650428e-04,4.004200473995482845e-01,-2.498589992983354380e-01,1.821009263424083202e-01,-1.402882165071526743e-01,-7.458063830445531284e-02,-2.174076519348190351e-01,4.271715511928108056e-01,-2.877668341823230169e-01,-2.356159329928205481e-01,6.545986170094762746e-02,1.856868252488411836e-02,1.389534836989514688e-01,-1.521126382104639740e-01,3.691486553192966508e-02,3.971064932343825737e-01,1.259649090115963821e+00,-8.869299154886345349e-02,9.929458874252516942e-02,4.499257870185217889e-02,2.933920468748673072e-01,-9.757228375865960313e-02,-8.573491767438874700e-02,7.961362808285548098e-01,2.599872357609519288e-03,1.584118386401118239e-01,3.271201839977609660e-02
-6.050150784415907479e-01,-4.817359947339371756e-02,-2.542609624224509077e-02,7.943485209918709211e-01,5.554392639364230666e-01,-2.643387544984540649e-01,1.369761184700666989e+00,-2.081147185923492848e-01,-6.043865234547080023e-02,-1.516370745680727843e-04,4.007137934200719620e-01,-2.507466468473503740e-01,1.827936215173272261e-01,-1.406848081677964934e-01,-7.554220500545914818e-02,-2.168364435700749770e-01,4.279340569717416942e-01,-2.891981837118686727e-01,-2.356153031928380492e-01,6.543254719195588931e-02,2.198063197528062410e-02,1.396365837352663286e-01,-1.524873159399878497e-01,3.498817738405539390e-02,3.966406178061641086e-01,1.259906954324483186e+00,-8.877063570656441860e-02,9.943147275207721292e-02,4.499038188021652757e-02,2.919214449748245843e-01,-1.005803408618067135e-01,-8.742859413090214860e-02,7.966095152898854392e-01,2.478220306684054616e-03,1.586924009671754343e-01,3.236641250008748250e-02
-6.050879338821461007e-01,-4.811715311508443088e-02,-2.551777257394586759e-02,7.942935069161772832e-01,5.550384645723087651e-01,-2.644404129906341994e-01,1.370503707211264466e+00,-2.077252689270690234e-01,-5.968547726597463882e-02,-4.145304928204923993e-04,4.003113360160197587e-01,-2.492100768394971966e-01,1.833973202705372896e-01,-1.405360569538572357e-01,-7.477801582753075549e-02,-2.167419128502109382e-01,4.278955690414976143e-01,-2.875861170024188174e-01,-2.356092611120003955e-01,6.543300501221574472e-02,1.851107988029600596e-02,1.389017967393125774e-01,-1.518791572889929831e-01,3.716296000545712269e-02,3.976917466629300568e-01,1.259657476924370467e+00,-8.864512288605018442e-02,9.920627137596493839e-02,4.498026482528231368e-02,2.937786600915758828e-01,-9.821497886081088924e-02,-8.519989076700983099e-02,7.956833202620564593e-01,2.647166009631428309e-03,1.584043465854049759e-01,3.280622645917495583e-02
-6.048576572591966016e-01,-4.803216158336956476e-02,-2.548894638447644218e-02,7.944749458105991868e-01,5.555368142867905812e-01,-2.643415402033252315e-01,1.369684802516954791e+00,-2.080636021927354251e-01,-6.031410451251808386e-02,-1.793358651408373094e-04,4.009820522594640391e-01,-2.508196043628872496e-01,1.842027233397990627e-01,-1.409226872879670023e-01,-7.530492799703591977e-02,-2.162621732160381061e-01,4.285207626770305422e-01,-2.893248939256424235e-01,-2.356114073117516194e-01,6.544086528449849505e-02,2.217757040710036445e-02,1.393454033045822549e-01,-1.520557436839163612e-01,3.526996328670994885e-02,3.972314620176187749e-01,1.259902272919796618e+00,-8.874407653591181999e-02,9.943450578593865385e-02,4.498304313847965169e-02,2.918901776164111173e-01,-1.004889533215421737e-01,-8.748160998873252825e-02,7.966840349450743375e-01,2.465054796189236879e-03,1.586465034640755223e-01,3.234363412363133738e-02
-6.046715897093949410e-01,-4.799707549636456072e-02,-2.542193853596155101e-02,7.946208368669822608e-01,5.556389116537785444e-01,-2.642786400846872108e-01,1.369737275128159126e+00,-2.078906814568330097e-01,-6.049713485906626359e-02,-2.105110826301746660e-05,4.009192738174699455e-01,-2.513141342787037491e-01,1.849844389510045817e-01,-1.408085603957565657e-01,-7.541110922928039029e-02,-2.160456845037864448e-01,4.283142983081704158e-01,-2.898707069318141594e-01,-2.356173452628435860e-01,6.549488623378703356e-02,2.295919615779035833e-02,1.395825922084459048e-01,-1.522159556066122466e-01,3.515796232284517514e-02,3.969995115878947600e-01,1.259971812726257578e+00,-8.886706789457096689e-02,9.957094670859770180e-02,4.499471115020724221e-02,2.910982731126979250e-01,-1.008783021399976970e-01,-8.816799370883006415e-02,7.971411036557567442e-01,2.412567320500584849e-03,1.586950020952955231e-01,3.222227011783040246e-02
-6.045972370108959604e-01,-4.798941501436548851e-02,-2.538503667418063811e-02,7.946790527995688524e-01,5.555605121097894061e-01,-2.642667749269412836e-01,1.369737457505811218e+00,-2.076378795037064628e-01,-6.041941555833063582e-02,7.950399791063979705e-06,4.007558275478112497e-01,-2.514954488710942071e-01,1.857262439408458865e-01,-1.405794076343406251e-01,-7.528813220638223835e-02,-2.159829395122835061e-01,4.280447401466566659e-01,-2.900745672868155767e-01,-2.356149281784109262e-01,6.580463906637831761e-02,2.292585580120663422e-02,1.398028746442384063e-01,-1.526969973793842195e-01,3.558135059528078764e-02,3.968451804123852567e-01,1.259871969897432997e+00,-8.892526591809059300e-02,9.955340892646631634e-02,4.498968264180346760e-02,2.915354289606291172e-01,-1.010695898706708007e-01,-8.795592726343812173e-02,7.966171246651619908e-01,2.437873285791044599e-03,1.585803695227992194e-01,3.227559349065065031e-02
-6.043929643251048089e-01,-4.790439711351757168e-02,-2.536953058772204589e-02,7.948400470089951320e-01,5.554943039665827254e-01,-2.643078003877687987e-01,1.369763394999053752e+00,-2.073960934128980527e-01,-6.022264332841157503e-02,-4.805077126500642581e-05,4.010738047529457395e-01,-2.516281040808948100e-01,1.864851181008829739e-01,-1.404254116843755285e-01,-7.508462870281751300e-02,-2.158481244795252274e-01,4.281347649255590193e-01,-2.900501015916092662e-01,-2.356148424925418872e-01,6.584597429559140014e-02,2.262489365611278225e-02,1.397722760125567343e-01,-1.524733966166488541e-01,3.620740767475912752e-02,3.968930169941782826e-01,1.259862007101713921e+00,-8.892105354351581559e-02,9.949827646826739369e-02,4.498962099399387432e-02,2.916220705075281971e-01,-1.006536878055593748e-01,-8.786671902749530749e-02,7.966965965300006891e-01,2.439854151325862412e-03,1.584944132607556955e-01,3.228500221402278575e-02
-6.042364074187926981e-01,-4.772676132100724111e-02,-2.547408704487957518e-02,7.949664087825775161e-01,5.555193367983860542e-01,-2.643782356044144244e-01,1.369606467488842627e+00,-2.073243584126092942e-01,-5.987138066026787692e-02,-2.176820142112887693e-04,4.017289847157569094e-01,-2.523671174539046658e-01,1.873171834282952308e-01,-1.402734491885866408e-01,-7.467904329395122498e-02,-2.157271482859068612e-01,4.283562701577982024e-01,-2.903953100354957351e-01,-2.356143050261236549e-01,6.587766048575363631e-02,2.296984836022124971e-02,1.397484231710116875e-01,-1.519260886086038764e-01,3.624347715601072828e-02,3.969618613628069781e-01,1.259924757391718941e+00,-8.893790812271204493e-02,9.952195543293874958e-02,4.498870588707062218e-02,2.916944962344356074e-01,-1.002298316657194432e-01,-8.814810881487648853e-02,7.967302186912518236e-01,2.410777514426506833e-03,1.583901424492663024e-01,3.223662224423432671e-02
-6.037922720423883893e-01,-4.744185811432918842e-02,-2.537933278620343666e-02,7.953238659740303751e-01,5.561407684966874765e-01,-2.644926365033412052e-01,1.369500707976377241e+00,-2.067980768197917041e-01,-6.051523537524966523e-02,1.439148434709193350e-04,4.021658209790406335e-01,-2.530697187905223133e-01,1.882549404127674686e-01,-1.400837661482046415e-01,-7.528861191529173658e-02,-2.153459166081675424e-01,4.286621710730665336e-01,-2.907264228156237196e-01,-2.356155127859610454e-01,6.555692153314902904e-02,2.780874670017246392e-02,1.397898176144950211e-01,-1.510705387444499781e-01,3.400503982444240403e-02,3.961149504642640928e-01,1.259974985387539048e+00,-8.908226323264291369e-02,1.000626022872418974e-01,4.499029190129656686e-02,2.895765888826416501e-01,-1.025145927135250185e-01,-9.054706326256760363e-02,7.994399585423316301e-01,2.199924475071722216e-03,1.579429900049479918e-01,3.198666771877071990e-02
-6.036554398174726055e-01,-4.727344155031468903e-02,-2.538132535006830739e-02,7.954376908509154243e-01,5.557964207341069551e-01,-2.645421469734348663e-01,1.369511910752816419e+00,-2.064287627561739447e-01,-5.984707119750616588e-02,-5.661168195931634637e-05,4.024803438230405428e-01,-2.534853883041329192e-01,1.891989702781496085e-01,-1.397638584736522194e-01,-7.456166805252384400e-02,-2.152697483133456935e-01,4.287713057808963946e-01,-2.907740214282768521e-01,-2.356166601977864594e-01,6.512674479582875042e-02,2.589686719607977791e-02,1.401122632220408171e-01,-1.505863337000022950e-01,3.563451249786755287e-02,3.966282471923874287e-01,1.259968391725117876e+00,-8.919983996239830293e-02,9.991882935654045061e-02,4.499330919285669111e-02,2.894589234362789365e-01,-1.007280191792237350e-01,-8.925031821434079027e-02,8.000052271533960591e-01,2.296288366235249654e-03,1.574985299308404307e-01,3.239971765104494167e-02
-6.036289710375304374e-01,-4.713868631203368964e-02,-2.528749925176115507e-02,7.954687624027358961e-01,5.555008950708644200e-01,-2.650291000949174247e-01,1.368876058901457249e+00,-2.054703605022977220e-01,-5.974071712006409629e-02,-3.050536128997529848e-04,4.031634583753854195e-01,-2.559577740094348131e-01,1.904253918851099847e-01,-1.387982777928520872e-01,-7.438912735991226599e-02,-2.150812069052505937e-01,4.292804117241016959e-01,-2.928418727519287446e-01,-2.356174096844688703e-01,6.540655231212659515e-02,2.508797105532370800e-02,1.388164633370481127e-01,-1.490203792890358869e-01,3.608096986969393932e-02,3.970599181748903361e-01,1.259985323379442912e+00,-8.915260505050133510e-02,1.001128438154162276e-01,4.499475792331381063e-02,2.921365580139985152e-01,-9.977352298550223875e-02,-8.853124256120088742e-02,7.993469166134954396e-01,2.346087689895185856e-03,1.573155807524649341e-01,3.253601578029631514e-02
-6.034911644861893354e-01,-4.715757682934919315e-02,-2.546853146122233374e-02,7.955664216392593913e-01,5.551179496805304092e-01,-2.653910655127905138e-01,1.369370783439777695e+00,-2.050849527493997793e-01,-5.911496709107803144e-02,-6.459284250889676471e-04,4.030974011253006806e-01,-2.559204060789099233e-01,1.918281853447065255e-01,-1.385428612186765107e-01,-7.371951471653845345e-02,-2.150879618455087128e-01,4.289349110203340421e-01,-2.921982835775207010e-01,-2.356169032224970927e-01,6.538249917997179805e-02,2.237778296823586185e-02,1.373838055355290633e-01,-1.473780418925536018e-01,3.747927475713704049e-02,3.982574922866452538e-01,1.259979652639386494e+00,-8.902551459349079821e-02,9.998634817195191371e-02,4.499410233511728918e-02,2.936015793981255340e-01,-9.749279182754058692e-02,-8.716586350558992724e-02,7.993727792713906100e-01,2.440950301248091033e-03,1.572275462932356538e-01,3.280309367705893514e-02
-6.030767793723991188e-01,-4.701970062956988688e-02,-2.546771595570171756e-02,7.958887745021411275e-01,5.558647136248884291e-01,-2.653219889837296619e-01,1.367680729608335755e+00,-2.057245322589450476e-01,-6.012004635383127321e-02,-4.627857888301333293e-04,4.047116128535022117e-01,-2.606269439532574728e-01,1.937226061025562607e-01,-1.394593039706179260e-01,-7.457381296614531974e-02,-2.145577733016239552e-01,4.306276416828417331e-01,-2.968808832073950854e-01,-2.356122492411518443e-01,6.502540333607112477e-02,2.883048097980332042e-02,1.384836542147273308e-01,-1.472839516959667250e-01,3.361470772722604389e-02,3.972693001752042319e-01,1.259977096298673827e+00,-8.907674435339833774e-02,1.005856214222754091e-01,4.498290534528737172e-02,2.903411056937039159e-01,-1.014117614619211155e-01,-9.116013973187085673e-02,8.009823981854969910e-01,2.128147782453403223e-03,1.578542593868564325e-01,3.196599478988294135e-02
-6.028468292500309689e-01,-4.697892616921622161e-02,-2.540979644328971235e-02,7.960672227920716493e-01,5.561235031217912628e-01,-2.652598221086137631e-01,1.367998507008439946e+00,-2.055757801410341423e-01,-6.053952779408512674e-02,-3.717642550360775568e-04,4.045659749395228988e-01,-2.615813562638540368e-01,1.955817760421466600e-01,-1.398491534528782665e-01,-7.497187255821696761e-02,-2.143480517562336152e-01,4.311267836243053986e-01,-2.977786066363878326e-01,-2.356137464913102830e-01,6.488549920915533120e-02,3.105522497427830320e-02,1.396466808099575407e-01,-1.479848010825672855e-01,3.259492153564121780e-02,3.967055174019974428e-01,1.259980029327581574e+00,-8.915602451869833467e-02,1.008372644417542541e-01,4.498596915526870826e-02,2.887404036085113868e-01,-1.027224743094577175e-01,-9.260449150199349944e-02,8.014178119313969395e-01,2.035979414475396106e-03,1.581215919974361117e-01,3.170910063685905556e-02
-6.029187278975171038e-01,-4.766647925978362982e-02,-2.477967842451490529e-02,7.959917599087279472e-01,5.559155660101335883e-01,-2.652467165741562161e-01,1.368971664683846345e+00,-2.054658592174527509e-01,-6.226160591501063435e-02,-5.031338210798193787e-05,4.032706422054990192e-01,-2.583115066302608120e-01,1.970915567217547126e-01,-1.399297040111794066e-01,-7.670184079800364263e-02,-2.141155047692029911e-01,4.303961964739191348e-01,-2.957901184220216861e-01,-2.356176032926360631e-01,6.446482124874047814e-02,2.743472104124984601e-02,1.397281324923670409e-01,-1.484155195949694583e-01,3.395042622479112898e-02,3.970852421034792856e-01,1.259991766598020924e+00,-8.919271169957034007e-02,1.008642321193490565e-01,4.499502736520771817e-02,2.894035143480327421e-01,-1.012826108311032230e-01,-9.180777860916949917e-02,8.008024906525115227e-01,2.116681858864101397e-03,1.580099281184247639e-01,3.194142376926153298e-02
-6.028422817602507866e-01,-4.815487751606231659e-02,-2.478754598201155998e-02,7.960200177493635953e-01,5.552978585045689197e-01,-2.652345614753755521e-01,1.369407760410348285e+00,-2.055555921515750673e-01,-6.199069334831221190e-02,-1.764350614030306776e-04,4.021719167021745589e-01,-2.555360275598494990e-01,1.983514207026254861e-01,-1.401833773023910268e-01,-7.643339794388534503e-02,-2.140967475852030844e-01,4.295228974034874248e-01,-2.938900139591552607e-01,-2.356079809740644349e-01,6.407624387504343155e-02,2.124741005993300083e-02,1.393726515624144624e-01,-1.485913560221346630e-01,3.711815131907816867e-02,3.986517399272562767e-01,1.259938470034529967e+00,-8.894863802650138096e-02,1.004212559751348210e-01,4.497774250346250891e-02,2.905108512672016086e-01,-9.767405975380367977e-02,-8.914503354975447658e-02,7.999455516074002182e-01,2.321302026728849950e-03,1.576412633136581587e-01,3.250617916463051371e-02
-6.026140073336989644e-01,-4.839154615948809690e-02,-2.472319133380402115e-02,7.961804947596914372e-01,5.556921637104190737e-01,-2.651090260098302176e-01,1.367975327821059572e+00,-2.065656035002536306e-01,-6.296721744398892096e-02,4.392747113742985206e-05,4.035562693338874962e-01,-2.582927676965410813e-01,1.995697970886344541e-01,-1.414013481777409986e-01,-7.728956213480729642e-02,-2.134323605027235449e-01,4.312790339692603170e-01,-2.975537776452081284e-01,-2.356127243097205226e-01,6.366745848603326541e-02,2.428577261315120056e-02,1.400882584908081929e-01,-1.494097668830928483e-01,3.538412652839416361e-02,3.984542078339609050e-01,1.259976400765789206e+00,-8.896415759430446879e-02,1.006750726033176085e-01,4.498461173673414665e-02,2.886261150025691835e-01,-1.005277007607312534e-01,-9.117935925747261416e-02,8.006062956639677930e-01,2.163888296804133884e-03,1.579454569770195327e-01,3.207853297799260345e-02
-6.025197853983437213e-01,-4.850425342617674385e-02,-2.476821934809284725e-02,7.962435437185206855e-01,5.557807913818600953e-01,-2.650343809466229605e-01,1.367851548090947666e+00,-2.074219090715713754e-01,-6.314901451539822741e-02,-6.487676449720271928e-05,4.048697155510087020e-01,-2.598478894339160128e-01,2.005667710698397499e-01,-1.425698355253212368e-01,-7.742020680858087422e-02,-2.129506072708170494e-01,4.331106703413473147e-01,-2.996077821356404325e-01,-2.356099640685880570e-01,6.335004064972472870e-02,2.469960933587092566e-02,1.406105594184930418e-01,-1.501679679765743070e-01,3.525576439870669460e-02,3.985414286095332326e-01,1.259964626470177151e+00,-8.902660916597002205e-02,1.007620062620491891e-01,4.497900026996073247e-02,2.879861184455529965e-01,-1.010516719804834401e-01,-9.159529006434409537e-02,8.006004509728388285e-01,2.135887999271098969e-03,1.580329428440236939e-01,3.199212710624552841e-02
-6.025436919673038405e-01,-4.850696725604462800e-02,-2.503641889635698295e-02,7.962168995486582634e-01,5.557536557419874290e-01,-2.648653478941193073e-01,1.368099275549230942e+00,-2.084771196461261966e-01,-6.260672422435969997e-02,-5.081328542513724456e-04,4.058213750494826799e-01,-2.599595120213648580e-01,2.014165145139472091e-01,-1.441298297844844922e-01,-7.661649479721943656e-02,-2.124001417623446464e-01,4.348730828009799709e-01,-2.996819219231535714e-01,-2.356178943111207069e-01,6.307802723370158071e-02,2.488478626699413762e-02,1.415353430391673717e-01,-1.513736733244666066e-01,3.536573220412186913e-02,3.987214125854819380e-01,1.259991797862073604e+00,-8.910897491819785854e-02,1.006451135743231529e-01,4.499561885862354838e-02,2.880845010917419402e-01,-1.014575390157237272e-01,-9.157404978866018341e-02,7.991420109008090522e-01,2.153828885509149072e-03,1.583624397247284377e-01,3.184739738647141688e-02
-6.027410839130747933e-01,-4.881666567495258208e-02,-2.523097551149573736e-02,7.960424089145061721e-01,5.555218903364789185e-01,-2.647704613261517292e-01,1.368883653150694268e+00,-2.099126989644662655e-01,-6.243850998191576712e-02,-9.671310110808320872e-04,4.063838352194921733e-01,-2.577291875356119699e-01,2.021423279370231918e-01,-1.459605624032514481e-01,-7.633316533424523709e-02,-2.117607863510923838e-01,4.363360434145667766e-01,-2.975333808501140487e-01,-2.356175067490556829e-01,6.305859472196623239e-02,2.310066892472671662e-02,1.421402711275038810e-01,-1.528170180949907087e-01,3.632026913641846211e-02,3.991981066145560142e-01,1.259985438185603268e+00,-8.914068001003001840e-02,1.003758879109009211e-01,4.499481136109874380e-02,2.886162246956016642e-01,-1.008858999261830758e-01,-9.026709425550992483e-02,7.977463965655219313e-01,2.265670983197653945e-03,1.582548923135423113e-01,3.204189958338036354e-02
-6.035451977928470990e-01,-4.975064751723264067e-02,-2.574476269250480093e-02,7.953585823304578639e-01,5.548969649255847125e-01,-2.644379549156823384e-01,1.369908179561411865e+00,-2.142160788857301323e-01,-6.233634169359799498e-02,-2.462635870488138513e-03,4.094492462618986584e-01,-2.547165762542575318e-01,2.035477758695439510e-01,-1.495076271292772874e-01,-7.591224738366958436e-02,-2.116136528382075999e-01,4.378425278976931789e-01,-2.937177895622608559e-01,-2.356156600740517970e-01,6.237003856661094831e-02,1.746567945202694844e-02,1.422186933017874078e-01,-1.550900894804101704e-01,3.910564763161631513e-02,4.005291333920940611e-01,1.259934559500781148e+00,-8.900830604202997209e-02,9.982709187651434002e-02,4.499156979156801461e-02,2.896083128965913911e-01,-9.784089125105335794e-02,-8.708185932587889089e-02,7.956898550672062420e-01,2.499735255811826474e-03,1.576678299305632192e-01,3.263020404389038731e-02
-6.037522097586102143e-01,-5.034104107865938066e-02,-2.714819711692538148e-02,7.951176165750653002e-01,5.547681114821491066e-01,-2.637868395857234094e-01,1.367674650710982709e+00,-2.209911997235757541e-01,-6.110605902672728434e-02,-4.472074775837758982e-03,4.153834600982086456e-01,-2.604948215202618211e-01,2.065432374102185720e-01,-1.556176223600029829e-01,-7.412986434221562060e-02,-2.111628102175597821e-01,4.429939736371055203e-01,-2.983559555694988430e-01,-2.356140961082954510e-01,6.207161556935238134e-02,1.971562012143952131e-02,1.440859370531244465e-01,-1.585168359506337887e-01,3.859779241046992770e-02,4.006423323713280693e-01,1.259821279047563358e+00,-8.900908274768212780e-02,9.955848687564271271e-02,4.498705649863241063e-02,2.866153929190405347e-01,-9.929163891176727430e-02,-8.651432501542236087e-02,7.945430399021625734e-01,2.529576283779096102e-03,1.574913390405780489e-01,3.258535891097390225e-02
-6.050148527263382592e-01,-5.084516093354751048e-02,-3.000435453466084729e-02,7.940223777067791922e-01,5.525106904401642094e-01,-2.628259079695244860e-01,1.366663973926846687e+00,-2.310258035692848988e-01,-5.439348598552686681e-02,-9.336688298560354496e-03,4.244078340551318829e-01,-2.671905736327325198e-01,2.097138289386270560e-01,-1.655960663247246778e-01,-6.695206967178631008e-02,-2.152882049226723937e-01,4.593279703666654501e-01,-3.050359500524447154e-01,-2.356083762320631825e-01,6.087900855742737344e-02,9.009697513687877496e-03,1.491745777763649194e-01,-1.621078894897369782e-01,4.623371422320489421e-02,4.037356050688274967e-01,1.257789402538919132e+00,-8.882096497769284560e-02,9.812340538816782809e-02,4.497787768571943207e-02,2.897909125333930080e-01,-9.286202251238356853e-02,-7.959042721150692834e-02,7.824048906651573931e-01,3.026199307139795618e-03,1.569228653133566131e-01,3.300632223150194028e-02
-6.051934271683370170e-01,-5.435580070645101153e-02,-3.233449472057384200e-02,7.935621230206040266e-01,5.507460346641420701e-01,-2.610951216972989819e-01,1.365171248058209885e+00,-2.485785179230572406e-01,-5.292427851931690019e-02,-1.347743803202240513e-02,4.369898864982789677e-01,-2.737636604511431981e-01,2.134889829029559261e-01,-1.835988786719278676e-01,-6.531403544933382654e-02,-2.141109463654978506e-01,4.741111444096844374e-01,-3.132997142990282535e-01,-2.356182463488098178e-01,5.906514247521429950e-02,-1.254254040313924944e-03,1.601454559643586406e-01,-1.668129391210378676e-01,4.899910354895515435e-02,4.108999003916521953e-01,1.258649920563751801e+00,-8.797155267845785387e-02,9.785448319322002930e-02,4.499740416623618233e-02,2.864134649769071173e-01,-8.807680140448853612e-02,-7.225060657557777488e-02,7.758965544431586370e-01,3.545945966970030089e-03,1.570483813629374448e-01,3.360891695160958537e-02
-6.043455061410107909e-01,-5.798287347221296045e-02,-3.304798951502532778e-02,7.939221158149492030e-01,5.504699126575782753e-01,-2.592370772302409199e-01,1.366594706525213088e+00,-2.657779042715585627e-01,-5.654069618664555458e-02,-1.669462155336981155e-02,4.510404809409578886e-01,-2.710646624393381887e-01,2.179604880366882158e-01,-2.022873703062020578e-01,-6.840376132651301844e-02,-2.092500677800193110e-01,4.896530057246165635e-01,-3.135839154687786179e-01,-2.356198835993240925e-01,5.818843651489159774e-02,-7.269040219638977195e-03,1.695383629222221578e-01,-1.747903955481742710e-01,5.138057487913754579e-02,4.189310835101418551e-01,1.256706362261070797e+00,-8.723568056172421870e-02,9.648448627509774445e-02,4.499989976833858318e-02,2.717299853947067745e-01,-8.713583904404245684e-02,-6.819742487024459121e-02,7.750628383624829087e-01,3.844600653417072720e-03,1.572224075958301992e-01,3.401131590216231043e-02
-6.037452080910372665e-01,-6.143261050356216973e-02,-3.634356446930440271e-02,7.939753795902573241e-01,5.506584300627578310e-01,-2.572276902735544102e-01,1.368818168629707843e+00,-2.870405588548901044e-01,-5.650788608858522966e-02,-2.203243742925233006e-02,4.650208017047093301e-01,-2.634252469649054351e-01,2.242164066167158243e-01,-2.238848916077560702e-01,-6.682965817807676179e-02,-2.042362157596840089e-01,5.029181472458476021e-01,-3.060185217020598980e-01,-2.356195862434489752e-01,6.003260216705785801e-02,-3.936359668245294555e-03,1.839989482686006372e-01,-1.850729033730520723e-01,5.114671958748893271e-02,4.252545245466061719e-01,1.256289727554753544e+00,-8.682485046696146458e-02,9.626411997240939822e-02,4.499935141401101291e-02,2.573535786304484985e-01,-9.151005922128477299e-02,-6.461535466932351313e-02,7.784540240126461841e-01,4.206264548918111842e-03,1.586815695776897239e-01,3.466314670736141135e-02
-6.033794172948000467e-01,-6.619573688612931384e-02,-3.893177728998520326e-02,7.937478944350861987e-01,5.518367466994065218e-01,-2.546071629302952277e-01,1.367663765124710995e+00,-3.136953371559519921e-01,-6.136058018747746895e-02,-2.742466462745903749e-02,4.843795249435143835e-01,-2.610632461165455775e-01,2.325967438034088619e-01,-2.513517039816356990e-01,-6.922779681238083738e-02,-1.964639261454694807e-01,5.225657350197512319e-01,-3.040783434109348704e-01,-2.356184810117590012e-01,6.178698272018667836e-02,4.469395056739411268e-04,1.986471971324579866e-01,-1.992320124782010204e-01,4.901333951241465536e-02,4.297593029374091600e-01,1.255683864540785066e+00,-8.668163075714668819e-02,9.604080316975319165e-02,4.499730673255888241e-02,2.425275192191240770e-01,-9.825512022429354342e-02,-6.524450868091562217e-02,7.728933194574120202e-01,4.131694533154273326e-03,1.569147636637177046e-01,3.430663898068565809e-02
-6.025876792584451414e-01,-7.143549984643918216e-02,-4.134593723790729730e-02,7.937729975512707314e-01,5.529817993809168497e-01,-2.509604869725938769e-01,1.364260771122306259e+00,-3.440523973696292259e-01,-6.682175318924137020e-02,-3.278421480380690201e-02,5.086757110115168734e-01,-2.661862132012973170e-01,2.356187252668366927e-01,-2.843273830643257005e-01,-7.206038016846402772e-02,-1.857387129959906513e-01,5.504373918482218242e-01,-3.104458070818481019e-01,-2.356194807726744167e-01,6.390342192038089841e-02,5.557055647661840805e-03,2.156693672334857870e-01,-2.187145167500694765e-01,4.539910588009375692e-02,4.319671292422690434e-01,1.252229835808483349e+00,-8.687469030332561903e-02,9.488005658208134574e-02,4.499891202921177391e-02,2.197741372112701763e-01,-1.065669788876285468e-01,-6.845285125523337122e-02,7.694846666660796197e-01,3.923002204122646823e-03,1.566498477568150915e-01,3.354652062736536433e-02
-5.995069897002205384e-01,-8.035750574033591331e-02,-4.345341999424889162e-02,7.951388814933998406e-01,5.535491619414192321e-01,-2.480398974395245371e-01,1.365179756235525454e+00,-3.761856011803352273e-01,-7.587074898955324664e-02,-3.549368711640343149e-02,5.267833632205253247e-01,-2.611316252351605915e-01,2.356189082727803141e-01,-3.231287109086341536e-01,-7.744713861196615701e-02,-1.686004001121184925e-01,5.764098199831529934e-01,-3.076021587176058780e-01,-2.356194163772835359e-01,6.593223375875219283e-02,3.017228195603011490e-03,2.412314784358247644e-01,-2.330091945339410331e-01,4.735515043910536181e-02,4.345013363240659565e-01,1.250496846227205250e+00,-8.704942789623348887e-02,9.501170121549948333e-02,4.499866690260224261e-02,1.991077626035634152e-01,-1.116208162988706065e-01,-6.950944920970253404e-02,7.710815855324352208e-01,3.967575441878969274e-03,1.585631026766911866e-01,3.352011677898099340e-02
-5.985274155127057183e-01,-8.622281179328940282e-02,-5.168070419726473325e-02,7.947701959810866690e-01,5.558255619201178943e-01,-2.455948448397549666e-01,1.362706691113466428e+00,-4.172664397310756890e-01,-7.460665690817444573e-02,-4.393664018928177678e-02,5.576917037956623524e-01,-2.651553196845992666e-01,2.356128649325398838e-01,-3.633379267844276672e-01,-7.113935821329542275e-02,-1.570151183772231784e-01,6.037226697358716310e-01,-3.084248130934745813e-01,-2.356157931642860193e-01,7.275257399961555793e-02,8.401386001044367988e-03,2.510898255058790496e-01,-2.509804350212961332e-01,4.734021348670615359e-02,4.342830328725034716e-01,1.239472025540185873e+00,-8.762925327895744465e-02,9.267766942935476426e-02,4.498854840440921071e-02,1.827321755304812667e-01,-1.195682646345606337e-01,-7.345671921843957564e-02,7.679256237849308997e-01,3.673373173055364486e-03,1.572044019812804949e-01,3.294958493260480292e-02
-5.957421134801087481e-01,-9.587748694537412408e-02,-5.486809200635015676e-02,7.955427921883747588e-01,5.588361588168111460e-01,-2.407523344127208420e-01,1.362601044863426702e+00,-4.645056573366975194e-01,-8.454407296611467226e-02,-4.573239036507101285e-02,5.915317883043352820e-01,-2.597092448226155925e-01,2.356105992169003072e-01,-4.083450612518064182e-01,-7.875091638851486331e-02,-1.416271997726470389e-01,6.286009134125176701e-01,-2.993674841761363448e-01,-2.356147890472489737e-01,7.460640386551563308e-02,2.058976741966320190e-02,2.821497742714526580e-01,-2.809838195947736983e-01,4.142274009478384700e-02,4.289905207313401969e-01,1.231566608413324548e+00,-8.836905868954433863e-02,9.229939571880579896e-02,4.497850557811401001e-02,1.441477520086635877e-01,-1.346743557632377464e-01,-8.200971145909881355e-02,7.614940892470594136e-01,3.068300582065428776e-03,1.543732557509597259e-01,3.198077197101435037e-02
-5.906972388050726330e-01,-1.072646319807089021e-01,-5.592981087047243366e-02,7.977737317373261305e-01,5.602640048838113396e-01,-2.367152100737884290e-01,1.358174580957994593e+00,-5.079827927272237975e-01,-9.743189185210715531e-02,-4.312121566771098813e-02,6.237352735495734768e-01,-2.623881283476798276e-01,2.356138429276553592e-01,-4.584698120470986349e-01,-8.704096336981255455e-02,-1.197185025312729745e-01,6.664879284361343581e-01,-3.055795155950016273e-01,-2.356164009930511172e-01,7.512576622948677341e-02,2.500939916656083270e-02,3.049916955416503428e-01,-3.011189437708495231e-01,4.184174997989689726e-02,4.255601381511781578e-01,1.226598220932481276e+00,-8.903389054282172255e-02,9.263499310457354308e-02,4.498616220019522466e-02,1.154682015899990977e-01,-1.510291667925785786e-01,-8.883557182302632971e-02,7.552755783379627719e-01,2.626046221232646288e-03,1.524949070340591850e-01,3.126364145016199275e-02
-5.874696364531746262e-01,-1.137668831285113813e-01,-6.507404525523548255e-02,7.985623902882718061e-01,5.632226532959772047e-01,-2.305569737130842289e-01,1.347757479075175180e+00,-5.717885116707035476e-01,-9.520737288557354350e-02,-4.527557471491434893e-02,6.898378864708439862e-01,-2.887091450824351146e-01,2.356062423169130171e-01,-5.179267557752577078e-01,-7.612152752158984903e-02,-1.045520933107252498e-01,7.170771847720096570e-01,-3.291137155901985856e-01,-2.356101447825618700e-01,7.799404949642189944e-02,3.744825010171922569e-02,3.405075891303760427e-01,-3.341297802099919556e-01,4.454996025354754363e-02,4.197252586618154813e-01,1.219000117169716013e+00,-8.946712124916081366e-02,9.223822650379162602e-02,4.494020358780904945e-02,7.585375719099902991e-02,-1.613433650836018363e-01,-9.499984242926305666e-02,7.466570939075725111e-01,2.203539948320216643e-03,1.500117881255300656e-01,3.067215496845029574e-02
-5.836925433672621732e-01,-1.198749250601685856e-01,-7.292509135289346189e-02,7.997593064231564020e-01,5.648332326601773756e-01,-2.255088698306731143e-01,1.343068777216120946e+00,-6.276351239331756648e-01,-9.059165282996274604e-02,-4.945355923301954226e-02,7.451087308598284276e-01,-3.073436327735178941e-01,2.356118178380376960e-01,-5.731788563082356180e-01,-6.833216254724498728e-02,-9.670183493448931966e-02,7.678339140174791355e-01,-3.420351581811052477e-01,-2.356136671032488528e-01,8.199985994781916476e-02,5.241877151816962122e-02,3.755376356253547487e-01,-3.681727294742430656e-01,4.430305362221410165e-02,4.113942356035584225e-01,1.208348772638365709e+00,-8.982694443107895610e-02,9.142467924864687567e-02,4.489723146074506288e-02,3.575753607867353245e-02,-1.783058552357884852e-01,-1.024674739613591068e-01,7.379479382233116169e-01,1.765461732734626516e-03,1.480837671563546842e-01,2.997467285950075264e-02
-5.797255065499895554e-01,-1.270441668812713198e-01,-8.344511855283920365e-02,8.005092309939370043e-01,5.656159724910940767e-01,-2.225970788264993727e-01,1.336853104636543721e+00,-6.837643681636361714e-01,-8.480206034503935675e-02,-5.866696859759224641e-02,7.984458409593472306e-01,-3.281903746963055202e-01,2.356147593376858862e-01,-6.293369466323694983e-01,-5.595423073539076975e-02,-9.193644980196785665e-02,8.130515057947617086e-01,-3.507796142861217548e-01,-2.356156512193579022e-01,8.505695499896455403e-02,6.384287489343448696e-02,3.964055394671517352e-01,-3.886216086410835269e-01,5.298584962905053541e-02,3.993000893045228761e-01,1.203940678729913394e+00,-8.993124781363084908e-02,9.287531445255238494e-02,4.372894929016189064e-02,1.196581177968373405e-02,-1.883701781419698518e-01,-1.102074321503078158e-01,7.307559069447239208e-01,1.242544307534694265e-03,1.464646187253013654e-01,2.903920139656616939e-02
-5.747454250605424919e-01,-1.395843822500582310e-01,-8.920441407241187781e-02,8.013903350514303137e-01,5.668418182068656330e-01,-2.183291968600989397e-01,1.333038193304182384e+00,-7.433438437649200203e-01,-9.211223048529230961e-02,-6.227767119138733626e-02,8.441902584665289533e-01,-3.363733822302837351e-01,2.356130168011386083e-01,-6.900411524811402852e-01,-5.785996527886030222e-02,-8.319259816228044557e-02,8.537548679179141065e-01,-3.583933045061765132e-01,-2.356142760848087825e-01,9.129874963085178596e-02,7.087784707237772264e-02,4.260627959428455735e-01,-4.239790527129087550e-01,5.451428257678316708e-02,3.811362179091849489e-01,1.194289260485450699e+00,-8.993174414281111806e-02,9.228526854309335170e-02,4.137707426426236179e-02,-2.616828927717852749e-02,-2.041194869080673602e-01,-1.236497569838253818e-01,7.246033501391780929e-01,3.859514678665411824e-04,1.450810706873905120e-01,2.755572052097477256e-02
-5.700049431073624939e-01,-1.510462884095974678e-01,-9.445724115226485085e-02,8.020955137542910007e-01,5.676340835503903559e-01,-2.145826718266723165e-01,1.319750337130517925e+00,-8.080991814017167707e-01,-1.001153330243187561e-01,-6.679210498002455254e-02,9.064523724930192428e-01,-3.596314716624235408e-01,2.356137623026254291e-01,-7.529871496313655932e-01,-6.032915823386404697e-02,-7.470869962474427362e-02,9.086202526050027872e-01,-3.831069412797475371e-01,-2.356145599095504639e-01,9.411871436925799139e-02,7.237510072534494854e-02,4.503645978111441850e-01,-4.568120358549530025e-01,6.171599550738341572e-02,3.650664706652710367e-01,1.184042217973865663e+00,-8.990818157598955140e-02,9.154303388009653319e-02,3.944051149728253908e-02,-5.984870435989730897e-02,-2.207915642969209002e-01,-1.303781474617985991e-01,7.161103290397599075e-01,4.655424867446716908e-05,1.439351628362771640e-01,2.701886433477497171e-02
-5.663447094502683798e-01,-1.645012903602769416e-01,-1.030914400159002736e-01,8.009776217491615391e-01,5.672632560845015659e-01,-2.128686332258048763e-01,1.315074266091045496e+00,-8.671863241690201951e-01,-1.021248197573817601e-01,-6.865371556536158104e-02,9.480525407383504355e-01,-3.695651951792836010e-01,2.356123137055096128e-01,-8.141400602133707087e-01,-5.552711837489895941e-02,-6.834014238588626000e-02,9.520533432972416721e-01,-4.330137162938776374e-01,-2.356133068985070411e-01,1.001778149908789384e-01,7.738162926695416055e-02,4.675774736969615097e-01,-4.853867945996013233e-01,6.622393181960702091e-02,3.484339791541567477e-01,1.173970998762926765e+00,-8.993127276615074661e-02,9.094574851203031385e-02,3.785289231364959844e-02,-8.352810189509889127e-02,-2.328391452640861670e-01,-1.380012381518178344e-01,7.140696995259516733e-01,-1.551035246414559797e-04,1.469162103933141506e-01,2.639427117230888284e-02
-5.630732005873588797e-01,-1.817301864818717805e-01,-1.164600674980241640e-01,7.977216073166927268e-01,5.672609652737075070e-01,-2.095603214306848427e-01,1.300656331322371795e+00,-9.381452461140336041e-01,-1.027104735709584299e-01,-6.989413560568832895e-02,9.863980574255505340e-01,-4.606195255217169215e-01,2.356163386586994923e-01,-8.930881025650936333e-01,-5.299087871338048483e-02,-6.687784338308232213e-02,1.003089361500806742e+00,-4.680997938991464657e-01,-2.356164590266472680e-01,9.832701295317254619e-02,8.166386794081137435e-02,4.679983163966952020e-01,-5.213557069608663053e-01,7.196997649301012379e-02,3.331592411507923179e-01,1.162495032376503312e+00,-8.992960966869896489e-02,9.031421815273119047e-02,3.693404670067777784e-02,-1.164995337483041432e-01,-2.476725550713836654e-01,-1.413760661338258340e-01,7.052947883848630362e-01,-2.593530390299220167e-04,1.456974813436505145e-01,2.639850471230638027e-02
-5.575690069138723448e-01,-1.999378996976627354e-01,-1.279378712424470155e-01,7.954706404987657020e-01,5.667743685842649981e-01,-2.081776076841066470e-01,1.292776270763464241e+00,-1.007588351425262152e+00,-9.968973304452728723e-02,-6.463095497217048735e-02,1.026165604787337760e+00,-5.051465681334318392e-01,2.356114280367951341e-01,-9.699414788612559235e-01,-5.016692911997604892e-02,-6.119479984682296009e-02,1.051141640126854293e+00,-4.828765288975186976e-01,-2.356122614613760380e-01,9.731669319829325260e-02,8.090786310158784578e-02,4.679978897908225743e-01,-5.549887691390875677e-01,7.566539725461804422e-02,3.257206481287631683e-01,1.150263475691395421e+00,-8.980801005137800663e-02,8.887814897123953728e-02,3.914348941546762217e-02,-1.540683693678125687e-01,-2.588169593027037640e-01,-1.454798660079310024e-01,7.014131991298905300e-01,-4.826086431533603604e-04,1.451038129534588661e-01,2.606060030675941275e-02
-5.539408969990827769e-01,-2.146179308115442608e-01,-1.352606052918519097e-01,7.929648132559884433e-01,5.664207545900447061e-01,-2.054875873459302282e-01,1.278654090843536206e+00,-1.072702240162269227e+00,-9.765748183295298868e-02,-5.552764918118455184e-02,1.075840801203641783e+00,-5.363739152928567178e-01,2.356169881512254760e-01,-1.039855892312842478e+00,-5.182915213824238615e-02,-5.577923012724143870e-02,1.108201895960899686e+00,-5.058620323814821962e-01,-2.356174226564334284e-01,9.855877082525603405e-02,7.939297289148854186e-02,4.679991915793930701e-01,-5.934676999540886566e-01,8.117790252405744644e-02,3.190797630009527541e-01,1.137393644889702404e+00,-8.992871459074207319e-02,8.673646398289559800e-02,4.093012109550353550e-02,-1.887961217566849481e-01,-2.773211134708530867e-01,-1.473253703010642401e-01,6.951223093773042372e-01,-5.805378097285105897e-04,1.428202202495919004e-01,2.614875723724070442e-02
-5.497373382632511074e-01,-2.325876151889241794e-01,-1.420907686407717474e-01,7.896214749150630707e-01,5.653737447143543093e-01,-2.035172320983371086e-01,1.266369521038565038e+00,-1.142810316613667387e+00,-9.925389394730485537e-02,-4.433715481408086190e-02,1.125008036793004207e+00,-5.615977044010056485e-01,2.356180011154705989e-01,-1.104994708079198196e+00,-5.518764381978794736e-02,-4.944970517896216111e-02,1.150526687764467759e+00,-5.469092968897146800e-01,-2.356183386206341934e-01,1.085299257323122518e-01,7.657079659837265351e-02,4.679989182556584248e-01,-6.341307285154591522e-01,8.453766465874178182e-02,3.099058901032174518e-01,1.129759935838194895e+00,-8.999817988521273404e-02,8.767517981573424990e-02,4.183967520209365409e-02,-2.127558126674629624e-01,-2.941595239259354178e-01,-1.555999185259689388e-01,6.897966706229357037e-01,-1.020047103917145126e-03,1.425960534060199125e-01,2.503313569616907180e-02
-5.460941478470610067e-01,-2.468667284302922538e-01,-1.490609935610873737e-01,7.865232484039478278e-01,5.647563900875195442e-01,-2.020182319975773189e-01,1.256709030881904221e+00,-1.202800825594190881e+00,-9.678229843149795120e-02,-3.505957335286991050e-02,1.167354518124953833e+00,-5.805063833557532194e-01,2.356153975831918046e-01,-1.166041423075126371e+00,-5.782810825806832672e-02,-4.744499162368164685e-02,1.194129010225424725e+00,-5.757881222280657463e-01,-2.356161469762058369e-01,1.109875781533452566e-01,7.217485942936237298e-02,4.679963266591622428e-01,-6.775991255365122479e-01,9.135592922521519610e-02,3.026604913061067825e-01,1.116972080048955984e+00,-8.995408595569985566e-02,8.566990169589314141e-02,4.305401795288030936e-02,-2.472501640065990769e-01,-3.064122592185635208e-01,-1.624159056066385443e-01,6.819040714796542613e-01,-1.477165197735131122e-03,1.403597934480991793e-01,2.420832401173256959e-02
-5.422390812933051141e-01,-2.620828481907732654e-01,-1.576736930246047663e-01,7.825780254584122630e-01,5.639737127585551235e-01,-2.008358690565462956e-01,1.244764363613105385e+00,-1.267831320342461598e+00,-9.342260692598577942e-02,-2.809675206440778381e-02,1.212587056412800735e+00,-6.002993669869244320e-01,2.356116317993375286e-01,-1.235253425092629920e+00,-5.897471254101682020e-02,-4.556431225833576515e-02,1.245375857352302384e+00,-5.966664549512153970e-01,-2.356130316035104921e-01,1.165600764162206260e-01,7.084844875142205789e-02,4.679947535120042579e-01,-7.211571033031544120e-01,9.764425399995767252e-02,2.938185279197139677e-01,1.103917444991016517e+00,-8.989852340710417777e-02,8.409105874405742309e-02,4.359791336677624335e-02,-2.783722488670538620e-01,-3.213756970195866258e-01,-1.681793292257803274e-01,6.763624616338432816e-01,-1.711848997480460832e-03,1.401317122313219254e-01,2.365165726223847353e-02
-5.357900987773902557e-01,-2.781479971041363464e-01,-1.712693543543407360e-01,7.786073914484238356e-01,5.640261166778367530e-01,-2.015187192656675563e-01,1.230832079438236804e+00,-1.339677090334328469e+00,-8.472113459560054460e-02,-2.566196850387182996e-02,1.261656269283847775e+00,-6.201219552755550257e-01,2.356126094615289268e-01,-1.312762803192918604e+00,-5.567741399497749821e-02,-4.848381372023589930e-02,1.299384014643671925e+00,-6.132734231229554078e-01,-2.356132921170837613e-01,1.333072891124472970e-01,8.544004358593963733e-02,4.679981384258261601e-01,-7.645022073254967854e-01,9.581093157406221639e-02,2.791872911673825008e-01,1.092646812142401336e+00,-8.990621186782557506e-02,8.490121225203535460e-02,4.294479809196306147e-02,-3.124707598258614771e-01,-3.460662357310223536e-01,-1.772919678321904502e-01,6.734491339448097635e-01,-2.103678240937136013e-03,1.412177060405417350e-01,2.224624613668015061e-02
-5.318253145271640836e-01,-2.957961296611542057e-01,-1.808047322015192693e-01,7.726423061929119651e-01,5.637769546436662838e-01,-2.000652242894311317e-01,1.218980280873239064e+00,-1.416656697823512889e+00,-8.645177768970985221e-02,-2.096043535000585364e-02,1.311141403296679719e+00,-6.271837623649566540e-01,2.356156782236740188e-01,-1.391835015606549320e+00,-5.913441374220011065e-02,-4.556011258834636451e-02,1.339289307379393668e+00,-6.292276799814928712e-01,-2.356161178415963620e-01,1.436938398700960406e-01,8.862402171192797218e-02,4.679990256313816821e-01,-8.145931887881626698e-01,1.001396344492573587e-01,2.668581364424474356e-01,1.083789140340651436e+00,-8.993801150383878840e-02,8.560733023382875728e-02,4.339130257765531906e-02,-3.499287480406004791e-01,-3.682376949249023812e-01,-1.843038459976615862e-01,6.695712433546993081e-01,-2.319537679275126586e-03,1.426300662558629140e-01,2.115708462497638970e-02
-5.284556792926686786e-01,-3.122907443138152606e-01,-1.876297271806763867e-01,7.668143005430665404e-01,5.634961304422417827e-01,-1.982544392448199189e-01,1.206562617860103437e+00,-1.491597320783542902e+00,-9.132850718622337327e-02,-1.408848505854836709e-02,1.369771119581383090e+00,-6.388197135412432281e-01,2.356179521905161500e-01,-1.461715398031120605e+00,-6.548226369458506890e-02,-4.238553651397998501e-02,1.399751763261905424e+00,-6.371026320199489890e-01,-2.356180874880049458e-01,1.549178973357658029e-01,8.807594557217321429e-02,4.679994338141434951e-01,-8.605704183206722702e-01,9.927255230489438753e-02,2.519961793814626261e-01,1.078464891641137458e+00,-8.997329925013154706e-02,8.685926037520867726e-02,4.326062351305862835e-02,-3.837433638471562936e-01,-3.906493536557968937e-01,-1.883281752166404699e-01,6.658461111810358712e-01,-2.387345031216728773e-03,1.434830913207650605e-01,2.046924845857370570e-02
-5.239628610303503908e-01,-3.249370378617041366e-01,-1.926606616851996578e-01,7.633876545540754233e-01,5.633139738882342318e-01,-1.968465434165712347e-01,1.192209053104726468e+00,-1.554338746339428035e+00,-9.130942557252412495e-02,-8.130551984385782707e-03,1.426491925266853089e+00,-6.518203097050890849e-01,2.356150407391265911e-01,-1.529837357693292876e+00,-6.760330860788359153e-02,-3.860443794807530415e-02,1.460683049916167597e+00,-6.464869462491996677e-01,-2.356152194869439165e-01,1.626355552014827344e-01,7.958398765722587975e-02,4.679977685032802315e-01,-8.977673102316240383e-01,1.054820094793422480e-01,2.400091034407009771e-01,1.077201994630123005e+00,-8.993996045505134318e-02,8.856829864243349892e-02,4.351589151704418623e-02,-4.165933465306557171e-01,-4.079237685995601992e-01,-1.836431075194503992e-01,6.650260750332920301e-01,-1.935842398964091483e-03,1.443331334764695328e-01,2.132511205329527815e-02
-5.187953549664304775e-01,-3.376456749949310332e-01,-2.005896129075118717e-01,7.593487900932530676e-01,5.637651258164987356e-01,-1.949699602740544713e-01,1.177294121990130504e+00,-1.621866977707308033e+00,-8.772550127372938378e-02,-5.096688883170438951e-03,1.483140963460128914e+00,-6.660740430868737905e-01,2.356088735331146877e-01,-1.596975953016658067e+00,-6.837771408843221210e-02,-4.123866520443470601e-02,1.515236709754056665e+00,-6.598824847660610393e-01,-2.356089827778160006e-01,1.718009869398232914e-01,7.631403815111155453e-02,4.679960270994656946e-01,-9.288562334439222079e-01,1.092591380863713324e-01,2.207489868413332335e-01,1.067933962262165526e+00,-8.988473872726381042e-02,8.807349026101106426e-02,4.108006360052638556e-02,-4.506440241631457511e-01,-4.246732380636487059e-01,-1.839926922234241813e-01,6.537595118446616338e-01,-2.093869868579873762e-03,1.402193057200782911e-01,2.093785440596242567e-02
-5.139609474944583090e-01,-3.489114729537269310e-01,-2.013419372543822916e-01,7.573416354555660979e-01,5.630308586732718501e-01,-1.936283500736429575e-01,1.161526890725043559e+00,-1.673795666446717956e+00,-8.952471556321081603e-02,2.060268718128512033e-03,1.540269905366375536e+00,-6.849016710660571494e-01,2.356174506958536308e-01,-1.662054948360506268e+00,-7.191567809644187903e-02,-3.736949838017263742e-02,1.587194745924698225e+00,-6.832018661734001741e-01,-2.356174446701566061e-01,1.901113580318150864e-01,7.415374634038143786e-02,4.679983103805944178e-01,-9.495517366809008708e-01,1.064645605541308382e-01,1.970508526179070852e-01,1.062686923149947171e+00,-8.995763999028125180e-02,8.910828281045411747e-02,3.848320027070675081e-02,-4.769077733069247982e-01,-4.502535370313540120e-01,-1.897979564675151554e-01,6.559711055607814201e-01,-2.346677324345420885e-03,1.431960771158783674e-01,1.902389523788697301e-02
-5.099365349068479825e-01,-3.580479596615618321e-01,-2.073352038111931639e-01,7.541740529943739002e-01,5.626153747006988892e-01,-1.921193542256248443e-01,1.144117558763934728e+00,-1.734576442270040486e+00,-8.072697374394446901e-02,7.182714389030257426e-03,1.602633426475206901e+00,-7.043368639474083537e-01,2.356172755670487007e-01,-1.727373105271496234e+00,-7.082184065081108260e-02,-4.052155253957447079e-02,1.658823281042731690e+00,-7.014480934744647955e-01,-2.356172821839850884e-01,1.884705588770104190e-01,5.918132124540433081e-02,4.679983579674535932e-01,-9.684090459151907249e-01,1.238574048568154423e-01,1.878070026504947421e-01,1.061783240919263793e+00,-8.995310270050500823e-02,8.997436814582211728e-02,3.910466352606808277e-02,-5.022624601497325258e-01,-4.582009879315758205e-01,-1.817259376245322910e-01,6.503249911047070952e-01,-1.735848710717258605e-03,1.444771376093970106e-01,1.931601002953793264e-02
-5.101051744541169608e-01,-3.649964863228661316e-01,-2.041432218205884441e-01,7.515955168518548835e-01,5.615378331533464884e-01,-1.897676928855774880e-01,1.125362038787288244e+00,-1.785097238734929315e+00,-7.890598432752446434e-02,2.294987892278530298e-02,1.669473824475648849e+00,-7.221547863802816325e-01,2.356152420516336998e-01,-1.786120038490873307e+00,-7.595735726199000226e-02,-3.115704381328816136e-02,1.740336835377716662e+00,-7.185467745880514956e-01,-2.356154692014414687e-01,1.813948395355962362e-01,3.884471706081089881e-02,4.679952884911837141e-01,-9.775339459726010150e-01,1.366378781411121957e-01,1.804448728471093888e-01,1.062906913812343923e+00,-8.987040293571711691e-02,9.141981556395178954e-02,3.991757936467828921e-02,-5.188320971838099593e-01,-4.633014305791311460e-01,-1.748358776610206555e-01,6.402728376519783993e-01,-1.368540601174275846e-03,1.430639420479555834e-01,1.925517740402452743e-02
-5.079060922235484332e-01,-3.691551372814743659e-01,-2.085818829975380206e-01,7.498329708582447406e-01,5.602457121227726322e-01,-1.877478151948898943e-01,1.103527136042747880e+00,-1.845450387517136193e+00,-6.573099086445603756e-02,2.657789179357738021e-02,1.746118824074806231e+00,-7.428533180596729180e-01,2.356171779612618311e-01,-1.849625747476277837e+00,-6.976944888103965570e-02,-3.661985450738109577e-02,1.825620271504572179e+00,-7.374996213923478150e-01,-2.356175836090154962e-01,1.545368301307239456e-01,2.097229384097637310e-03,4.679865300822453889e-01,-9.847715150892235592e-01,1.738704975637190009e-01,1.947159980359500497e-01,1.068304311658663686e+00,-8.961598286268941671e-02,9.269071533336666058e-02,4.494702823510466488e-02,-5.373109093523825708e-01,-4.410056814537051673e-01,-1.514426919739110533e-01,6.225126090031471993e-01,-8.333671729172736041e-06,1.418722818401044472e-01,2.126006894881626863e-02
-5.066480036640161888e-01,-3.865461918016456777e-01,-2.152351976289656188e-01,7.399754399225236812e-01,5.561790208810279967e-01,-1.893620220700532875e-01,1.091365390967028892e+00,-1.911119004999140003e+00,-5.883845481221063739e-02,4.130617795324192931e-02,1.791228848553365838e+00,-7.486179272611921398e-01,2.356100298169740703e-01,-1.919538770602920996e+00,-7.096570195154391913e-02,-3.181232248491445286e-02,1.879723978652289906e+00,-7.450598938888840506e-01,-2.356120776157256125e-01,1.522993005388398602e-01,-7.912862196030302775e-03,4.679987439063521548e-01,-9.975897926441643637e-01,1.851540059647508729e-01,1.968089430963037567e-01,1.066551866032577678e+00,-8.959410703394264652e-02,9.262725805033912574e-02,4.494132622917845071e-02,-5.508928581712883021e-01,-4.517189439053719280e-01,-1.556007574004095451e-01,6.058564081811929070e-01,-2.636926107296717458e-04,1.393693921690621063e-01,1.952940531677741995e-02
-5.082283677446697290e-01,-3.883159028251457756e-01,-2.141376998756469585e-01,7.382816070610509485e-01,5.564889859868475952e-01,-1.871840675231056517e-01,1.076608624701594463e+00,-1.957636032704826112e+00,-5.710462146847101322e-02,5.032837599326896866e-02,1.853203191143097950e+00,-7.569494664283340501e-01,2.356084788616817083e-01,-1.964708878138783810e+00,-7.026011673086308973e-02,-2.591327638931769511e-02,1.940675468300093298e+00,-7.500445344723909447e-01,-2.356111192387742026e-01,1.533302784820640974e-01,-1.517326852331636784e-02,4.679974452829563369e-01,-9.992096752790435854e-01,1.885962012189998094e-01,1.974546190343543783e-01,1.069027339861987613e+00,-8.940538038671357046e-02,9.333649365755472549e-02,4.494479213700614678e-02,-5.518383041962633406e-01,-4.608024606320011984e-01,-1.561673197841214333e-01,6.053295915683254425e-01,-1.436257063001543030e-04,1.412508854202358666e-01,1.889532516822926139e-02
-5.108529465025833938e-01,-3.918730997876277433e-01,-2.149067175916013206e-01,7.343567548858445093e-01,5.560195463914140435e-01,-1.859462269387498756e-01,1.063957092236807789e+00,-1.999086313049384778e+00,-5.811764555527784010e-02,5.689120115668610395e-02,1.899082916139899879e+00,-7.613262184569302704e-01,2.356172238045301792e-01,-2.000848176216356578e+00,-7.001166444915526976e-02,-2.070604760428625471e-02,1.986580923797757414e+00,-7.611012957892139275e-01,-2.356180016864421467e-01,1.484799689291568525e-01,-2.401340131743048834e-02,4.679992691498999768e-01,-1.001770369727430054e+00,1.961511850645727417e-01,2.002522438310929132e-01,1.071766308880166552e+00,-8.924091722349514200e-02,9.304664811894407250e-02,4.499305489309030764e-02,-5.514576167247650096e-01,-4.647345534184620930e-01,-1.552454596551514909e-01,6.040104561484231915e-01,-1.573946668730424555e-05,1.424924898367739834e-01,1.834378198758353229e-02
-5.155962426905164042e-01,-3.975795857550345480e-01,-2.136420379289602767e-01,7.283186576930719136e-01,5.555715176977602532e-01,-1.836654850206706491e-01,1.049405294476075445e+00,-2.045117115331513968e+00,-6.273233786866785899e-02,6.904626141036813991e-02,1.941765247777710091e+00,-7.655569133355220046e-01,2.356146374481105921e-01,-2.039227876804703410e+00,-7.064135170014060328e-02,-7.496291807022497852e-03,2.026688976634201111e+00,-7.853930365923973422e-01,-2.356163425053723059e-01,1.460456790885552025e-01,-2.985779826824129513e-02,4.679982784124182560e-01,-1.006893059751373887e+00,1.980870921150044706e-01,2.017406956174201960e-01,1.074790344133781161e+00,-8.928056619878978195e-02,9.272908116326530892e-02,4.498911768897915359e-02,-5.469642250799997552e-01,-4.765705421385241780e-01,-1.621362183584721117e-01,6.042815452504339824e-01,-3.781031558370392042e-04,1.441011632671380382e-01,1.649903410945997503e-02
-5.192854944970711761e-01,-3.970220785117368756e-01,-2.138477298025440176e-01,7.259374579379759274e-01,5.565548229878563014e-01,-1.807985084875134707e-01,1.035629651805939355e+00,-2.086278481962634324e+00,-6.610067682396580935e-02,7.298121142117429405e-02,1.988255611316853022e+00,-7.717129772073979543e-01,2.356115527247585328e-01,-2.079043265076808922e+00,-6.629551884518491978e-02,-9.577908220466218843e-04,2.078732155873550980e+00,-7.853982612827133947e-01,-2.356143691445369004e-01,1.447589309734767515e-01,-3.007881611369018354e-02,4.679908648953256534e-01,-1.004642899043854287e+00,2.036474728258901856e-01,2.059904542929877902e-01,1.082255232987155980e+00,-8.907084347385875456e-02,9.357661029966431177e-02,4.498692508786197169e-02,-5.373828626020196175e-01,-4.835735912965438699e-01,-1.699412481036423894e-01,6.072237491325371828e-01,-8.807966555140608802e-04,1.460712911729045993e-01,1.443416927026732778e-02
-5.222320502629035355e-01,-3.972527417813687678e-01,-2.171836121088895899e-01,7.226999539620332369e-01,5.574705689727518232e-01,-1.794977912886278337e-01,1.026140154444181940e+00,-2.119519545849113396e+00,-7.018212762969253116e-02,7.498776474358286037e-02,2.019643614158389777e+00,-7.848926538814647857e-01,2.356099560659034309e-01,-2.103148794718779246e+00,-6.394104474517769976e-02,1.722853947712481076e-03,2.112369288471226625e+00,-7.853952955194543062e-01,-2.356140245968318114e-01,1.360834170872845805e-01,-2.928593947582374540e-02,4.679427621686554906e-01,-1.004496326535650130e+00,2.104948408776206592e-01,2.141535585327905000e-01,1.089726324675293290e+00,-8.862412654088665243e-02,9.393830806697661684e-02,4.498735397355343307e-02,-5.304033934248201243e-01,-4.806626758165599700e-01,-1.779782690498046271e-01,6.052253641245359805e-01,-1.503177694198228054e-03,1.466619329478898170e-01,1.215221333193685152e-02
-5.259527883909791424e-01,-4.004980504597168145e-01,-2.195180497544890474e-01,7.174864471149999812e-01,5.573864265861111500e-01,-1.783190340887264302e-01,1.016388912816657664e+00,-2.155092539773359572e+00,-8.236104799757350270e-02,7.450246259121501291e-02,2.046777104609182274e+00,-7.853821959605640224e-01,2.356070334960468360e-01,-2.129842535442435736e+00,-6.802759661170913741e-02,5.594098873984572687e-03,2.143335681757061906e+00,-7.853978245240214040e-01,-2.356125541465772799e-01,1.330939726315440164e-01,-2.582717041041249217e-02,4.679966981314120367e-01,-1.009083468860307420e+00,2.123708963437779540e-01,2.184194657884715729e-01,1.092956322109340350e+00,-8.835045296083066102e-02,9.327405188313057927e-02,4.498036091724468694e-02,-5.186206514306173077e-01,-4.805478605146661364e-01,-1.915038141344625466e-01,6.013184968797475882e-01,-2.417926128046889861e-03,1.469987022861712067e-01,9.118743105963542095e-03
-5.293212148701877950e-01,-3.929412327434648189e-01,-2.198938419933962607e-01,7.190708847893774180e-01,5.589695747120400071e-01,-1.766317845487205551e-01,1.006222278935934300e+00,-2.178029866706639783e+00,-8.945054828761951626e-02,7.108417228263325116e-02,2.090277434517590294e+00,-7.853915872207262172e-01,2.356103879701348658e-01,-2.144835671738442695e+00,-7.169027987207908514e-02,9.640917702333314703e-04,2.185088052981474238e+00,-7.854001155677978740e-01,-2.356139768959734093e-01,1.244778098064742849e-01,-2.885561358387134928e-02,4.679964840156789485e-01,-1.001281197435845760e+00,2.240541982090610285e-01,2.257351800420411281e-01,1.095970361909402557e+00,-8.816911514743192013e-02,9.251339983097604802e-02,4.498387626493759173e-02,-5.044572482564684268e-01,-4.562055297917529395e-01,-1.925068344066055703e-01,6.012810032623846501e-01,-2.559040796859315785e-03,1.488293081903131754e-01,7.862111599274943657e-03
-5.282658350775316647e-01,-3.924149382968325495e-01,-2.246879463131387922e-01,7.186522458553338266e-01,5.601467390298660032e-01,-1.766974567021226128e-01,1.002659748115178440e+00,-2.188592590881819344e+00,-8.433430648142996311e-02,7.065119727258555027e-02,2.105681883372635621e+00,-7.853997252920279504e-01,2.356124580433104909e-01,-2.162701163178548658e+00,-6.881121048166945198e-02,-5.218799024748224831e-03,2.200838368446733639e+00,-7.854004569782004896e-01,-2.356146750075864826e-01,1.288021337474799799e-01,-2.523238238046704440e-02,4.679933428276283891e-01,-1.001916669551438321e+00,2.273594156620421247e-01,2.295060972098501573e-01,1.091286992606732120e+00,-8.830456717913605369e-02,8.987297235697783160e-02,4.498514627119000464e-02,-4.998849432477576182e-01,-4.439833730662171019e-01,-1.921835049696641595e-01,5.919566580162589631e-01,-2.647300899342338882e-03,1.476002109355354364e-01,6.891774970737893531e-03
-5.285019860843844786e-01,-3.916433239199701988e-01,-2.268099685722506642e-01,7.182328283293885063e-01,5.617769289681496803e-01,-1.773708519400143402e-01,1.000852778190209902e+00,-2.190562431012683220e+00,-8.908404785133734738e-02,6.756652100234619707e-02,2.095435800492301937e+00,-7.854023278130466412e-01,2.356170861831209384e-01,-2.160900886371562191e+00,-7.297576226203725258e-02,2.217519487130669396e-03,2.195671875929437356e+00,-7.718135534807653020e-01,-2.356179933899333889e-01,1.307008771569982963e-01,-1.831657986911523414e-02,4.679975843134839275e-01,-1.005288497574686302e+00,2.200176474395022785e-01,2.264364215430657301e-01,1.082781640310672033e+00,-8.898092764824121204e-02,8.677348769388798511e-02,4.499115769637707790e-02,-4.970709440410379099e-01,-4.350499619686474806e-01,-1.894688613825542267e-01,5.907914039359504210e-01,-2.383854285263613867e-03,1.486690381864564370e-01,6.881512922612947197e-03
-5.291431886824979891e-01,-3.892989669351873960e-01,-2.272431106942297274e-01,7.188980239617606127e-01,5.639704343881951631e-01,-1.767702282331373442e-01,9.955854312663187100e-01,-2.200146207633050910e+00,-9.041685194407800275e-02,7.004126426939658034e-02,2.100454579874853067e+00,-7.854012074750065242e-01,2.356114388140546079e-01,-2.172356628157619873e+00,-7.064610295050978428e-02,6.216480353078985242e-03,2.211244172068028480e+00,-7.697803641225536841e-01,-2.356138413440251878e-01,1.297096712309518673e-01,-1.548514719943288459e-02,4.679886521882375972e-01,-1.008020527860166826e+00,2.200798752390009383e-01,2.245781755005707425e-01,1.081420372181506107e+00,-8.938490584812644468e-02,8.642425675652536110e-02,4.497478142136847323e-02,-4.924527715033013009e-01,-4.329060887254111423e-01,-1.910808967358661736e-01,5.864206766764140655e-01,-2.453747510073993072e-03,1.486166651570186015e-01,6.122084741834821729e-03
-5.315570352536569398e-01,-3.869168678618400414e-01,-2.258332920185206760e-01,7.188475358881071253e-01,5.655464930342960495e-01,-1.775324391947071534e-01,9.929357750930505322e-01,-2.204103067159559171e+00,-9.262566432668810357e-02,7.837671311426702703e-02,2.110656512871183388e+00,-7.854016058453654470e-01,2.356127377381586341e-01,-2.161687115398833736e+00,-8.586647684114968870e-02,7.722625401334130314e-03,2.219615970706222186e+00,-7.853846886973547825e-01,-2.356140122828867534e-01,1.225164835061463009e-01,-1.879523189405604006e-02,4.624693304019109608e-01,-1.007494056111017722e+00,2.163679247581708209e-01,2.209787188998401375e-01,1.083552782994731789e+00,-8.947700275594501484e-02,8.660863860601822339e-02,4.497428515356704376e-02,-4.827127224394634486e-01,-4.263635170286607656e-01,-1.919553549251848124e-01,5.897960493769086598e-01,-2.522550153805405617e-03,1.504468245170108853e-01,5.363900777550208686e-03
-5.311732750853654927e-01,-3.894328100504621526e-01,-2.276636067942068020e-01,7.171933633496200278e-01,5.674905169348428702e-01,-1.790292243928729155e-01,9.919645776967925821e-01,-2.210743190984333584e+00,-8.915142148486590590e-02,8.759743663406371894e-02,2.112628436543011912e+00,-7.854011711470232360e-01,2.356095369166054387e-01,-2.172137454825302072e+00,-8.793190383159188439e-02,1.393149352614267943e-02,2.227872278269507955e+00,-7.848069186982797873e-01,-2.356119001863119788e-01,1.218581408017397338e-01,-1.624000341070193365e-02,4.674331118907407712e-01,-1.019610779053988781e+00,2.044947836533167751e-01,2.134670551506983871e-01,1.080988327952532746e+00,-8.968611672770965271e-02,8.541562545968257869e-02,4.493098550234816274e-02,-4.847647543948493398e-01,-4.339377690728662418e-01,-1.986324025846191443e-01,5.878521973971134740e-01,-2.907503493841399715e-03,1.507578536182176687e-01,3.937505455820334600e-03
-5.249819298261046985e-01,-3.910459433473741364e-01,-2.341544012394287388e-01,7.187828322433875705e-01,5.702142926260554967e-01,-1.810562995598705427e-01,9.939112392710147681e-01,-2.210040833969152629e+00,-8.344785327197659641e-02,8.356871406500498978e-02,2.107277879070546867e+00,-7.854011646028542515e-01,2.356099243249177855e-01,-2.176975180385156250e+00,-7.811294026163906334e-02,1.201709015788232811e-02,2.215591244137494087e+00,-7.751086354628436981e-01,-2.356111148267271693e-01,1.286201754433338729e-01,-1.462629729386468770e-02,4.679706533229633370e-01,-1.029737069694933504e+00,2.010183124964367851e-01,2.088559719096434453e-01,1.081525429535564964e+00,-8.971005616868653332e-02,8.503064423767102420e-02,4.493336639078774480e-02,-4.953880747033424514e-01,-4.382533459275967935e-01,-1.982728057017799084e-01,5.913271704456344313e-01,-2.795529750858309279e-03,1.520384997145326211e-01,4.070102661529124803e-03
-5.215147995133627701e-01,-3.917363738956208263e-01,-2.386213778996342516e-01,7.194614411244895091e-01,5.729937975562235941e-01,-1.825341805796396322e-01,9.967453701454073167e-01,-2.211617918037904307e+00,-7.963017429034535688e-02,8.325204269283033309e-02,2.101353210544376182e+00,-7.854021545621022726e-01,2.356155435774901497e-01,-2.175949711108265738e+00,-7.148715109156104919e-02,1.262954239749630551e-02,2.201918655614159004e+00,-7.676109980439962399e-01,-2.356159970752686739e-01,1.354220197934815628e-01,-1.224544060665080925e-02,4.675466724534992347e-01,-1.040318382472387615e+00,1.959265054149630370e-01,2.046843795020278634e-01,1.087474476398295753e+00,-8.985029165670234408e-02,8.606775441920394565e-02,4.497174875937880872e-02,-5.035360057954095803e-01,-4.448160929991022416e-01,-1.987133928524191795e-01,5.981528630066382801e-01,-2.746391571531627083e-03,1.539568946285519713e-01,4.127592402724888400e-03
-5.174810787522191591e-01,-3.968402228404734888e-01,-2.455907878921705090e-01,7.172282311592772519e-01,5.750159975176918348e-01,-1.847514387174097883e-01,1.001294404562125928e+00,-2.216385077385810032e+00,-7.501403148684679389e-02,8.436858690996304477e-02,2.086212817288545907e+00,-7.854023730942987225e-01,2.356166790063993211e-01,-2.179258898616559748e+00,-6.730561855656491677e-02,1.362317004928054708e-02,2.180450427983752881e+00,-7.606818291000200238e-01,-2.356169427202335631e-01,1.416637721171366271e-01,-9.217528399283254903e-03,4.679885254268363881e-01,-1.055836549967156479e+00,1.893708649557488966e-01,1.992033596181820021e-01,1.092348559681310727e+00,-8.987387829344271883e-02,8.637252772469357354e-02,4.496091293379606002e-02,-5.138297550428481131e-01,-4.560052006548844239e-01,-2.017987874024644301e-01,6.018755468870738978e-01,-2.927871575221467106e-03,1.547110791326104795e-01,3.730313748641165845e-03
-5.122664119582007736e-01,-3.988051463382853989e-01,-2.511083583196597746e-01,7.179708704505879391e-01,5.786996133223533123e-01,-1.853985749921945314e-01,1.000108850317986242e+00,-2.226105358587718186e+00,-6.716065109588262305e-02,8.581451331079888167e-02,2.082482922166134287e+00,-7.854022371458370122e-01,2.356163766668450676e-01,-2.193121776187276772e+00,-6.309026846537760247e-02,1.397390525746864710e-02,2.172709207720686209e+00,-7.539462250811471700e-01,-2.356164798901352886e-01,1.465174836847394635e-01,-1.371174197900692365e-02,4.679821393621028114e-01,-1.067841475267526707e+00,1.925475566777142822e-01,1.980420504113541424e-01,1.100442964107281707e+00,-8.985103003526882792e-02,8.686944084386744036e-02,4.497347926988034400e-02,-5.223648839308554503e-01,-4.644886281913485626e-01,-2.005379029842943306e-01,6.026374869424379055e-01,-2.928271579838525370e-03,1.545547975578193955e-01,3.774430732241201326e-03
-5.082887765442207773e-01,-4.018989132323886326e-01,-2.543373620627745746e-01,7.179361318674197801e-01,5.818062147555920216e-01,-1.873209499749546592e-01,1.000836782399787683e+00,-2.235228668317002843e+00,-6.136838159088676969e-02,9.258722566520198594e-02,2.088860198050354722e+00,-7.854026061901704381e-01,2.356181923080803153e-01,-2.199327846168951162e+00,-6.015330607994683054e-02,1.979820954187231849e-02,2.164530635807253134e+00,-7.491553049112413820e-01,-2.356182859298288912e-01,1.484675950660208632e-01,-1.890378471907878596e-02,4.679839563406195668e-01,-1.076861227731121584e+00,1.890184252266216003e-01,1.962237869390634493e-01,1.106293023022512090e+00,-8.993902186616796468e-02,8.674163562121009474e-02,4.498747942742542527e-02,-5.277824277812978027e-01,-4.711983258015214893e-01,-2.012972821098564791e-01,6.065486547900859060e-01,-2.967775219474169494e-03,1.558792919067431282e-01,3.496324857123959354e-03
-5.058323925008580968e-01,-4.038131380972631024e-01,-2.554012664172028435e-01,7.182191401719864032e-01,5.848476008653988867e-01,-1.883587671084085424e-01,9.998396110326859265e-01,-2.239198722707352651e+00,-5.574798977890758900e-02,1.022334015887607500e-01,2.089284999677083920e+00,-7.854009812684104030e-01,2.356107915533400543e-01,-2.205509888270435148e+00,-5.713824328114079643e-02,2.838706446354951479e-02,2.162548031107769386e+00,-7.476714314223055213e-01,-2.356112381168856129e-01,1.541510962529645257e-01,-2.449351376693552004e-02,4.646693013040429920e-01,-1.083212514294871198e+00,1.819535555524958437e-01,1.945550294101644206e-01,1.109220931252270947e+00,-8.972457813480587407e-02,8.555960036394455459e-02,4.493678698122922921e-02,-5.262225848006132356e-01,-4.795302027710775516e-01,-2.043948293136101380e-01,6.139301023932296486e-01,-3.167427076746915683e-03,1.582089134414723097e-01,2.770955316828479110e-03
-5.032343439354829417e-01,-4.068218577385402934e-01,-2.572011778446887109e-01,7.177037865758351121e-01,5.877631843787239907e-01,-1.901250327410139440e-01,1.001470130121931312e+00,-2.241342510969828616e+00,-5.091322492922265713e-02,1.121612734174808057e-01,2.084874146693948660e+00,-7.854020031695176929e-01,2.356153979482097649e-01,-2.214203903510071569e+00,-5.038724195975243653e-02,3.144673246173861764e-02,2.165095373908126675e+00,-7.763871260864871893e-01,-2.356152691530736254e-01,1.636486838196880567e-01,-2.870276190682178111e-02,4.678462852039639852e-01,-1.089620252541141143e+00,1.716814698576200615e-01,1.906556061506784749e-01,1.101281628811567215e+00,-8.988244679421218686e-02,8.157198413782018598e-02,4.495050991120348033e-02,-5.281474958589529312e-01,-4.974965579858457998e-01,-2.077404443001381606e-01,6.222156400380378649e-01,-3.362130301414954260e-03,1.599609460052839327e-01,2.473185705751803926e-03
-5.013230527254163293e-01,-4.071459552679939642e-01,-2.595969981630289469e-01,7.179949626980167698e-01,5.909214131945368376e-01,-1.924882150634625866e-01,1.000842022261941855e+00,-2.243591648700485219e+00,-4.773607031192576150e-02,1.192787717360731248e-01,2.086954204615379282e+00,-7.854024031155680818e-01,2.356173512334606701e-01,-2.214423778639646567e+00,-4.657218390837326166e-02,3.809846057166955263e-02,2.164984712362072017e+00,-7.853895363460612344e-01,-2.356171633356353989e-01,1.679383670898815240e-01,-4.016289869311978622e-02,4.641841917008835416e-01,-1.087513547751724374e+00,1.694936855679195775e-01,1.854602265146323981e-01,1.087968522079195033e+00,-8.992499778746919359e-02,7.754833972664830488e-02,4.486932047071977292e-02,-5.180279217226329003e-01,-5.083497350241991120e-01,-2.036247401722056649e-01,6.276790799222236039e-01,-3.167157896237212354e-03,1.603453510485152445e-01,3.269500651681835936e-03
-4.992898761739998914e-01,-4.068559682994341009e-01,-2.632915882201780633e-01,7.182307290709426528e-01,5.934524598055158640e-01,-1.960420937535075070e-01,1.002798067502036483e+00,-2.241385336547593088e+00,-4.604102234846667308e-02,1.247682613375208360e-01,2.079958100984857339e+00,-7.854010240081593652e-01,2.356133343022471238e-01,-2.208888366638734890e+00,-4.855791728529463419e-02,4.014191511484518221e-02,2.157735064395383873e+00,-7.834664083773228427e-01,-2.356128158586337507e-01,1.822770895945881320e-01,-4.095213998066792038e-02,4.608247190114935221e-01,-1.088005488613035476e+00,1.624992393186319439e-01,1.731540568254518742e-01,1.061884003354084838e+00,-8.989660969880979013e-02,7.128475501931086367e-02,4.336298506065432851e-02,-5.100851306832109300e-01,-5.325766439906727268e-01,-2.007247680203941842e-01,6.407528254457894867e-01,-2.903338294280753077e-03,1.623590826225649320e-01,4.402456977323212714e-03
-4.953912379210276273e-01,-4.049583180248612080e-01,-2.723516864194253095e-01,7.186242696695139820e-01,5.975574710442658199e-01,-1.998143818800208471e-01,1.004627880493121461e+00,-2.244048822744471927e+00,-4.125498111934404466e-02,1.221421702786887886e-01,2.078992851722844204e+00,-7.854015974690962132e-01,2.356150972095933660e-01,-2.212655259045296141e+00,-3.465299801771515309e-02,3.939131337797676519e-02,2.151372676871562195e+00,-7.696144321956980283e-01,-2.356144896298611457e-01,1.836700312576472482e-01,-5.279876496354362486e-02,4.555534045361033235e-01,-1.086596360140929418e+00,1.646733017229969620e-01,1.654190367510816051e-01,1.046967269847175031e+00,-8.986850877599747434e-02,6.843599979896716756e-02,4.350948613084520272e-02,-5.126360531853600966e-01,-5.526299425527354536e-01,-1.892916788831627561e-01,6.466715623754892839e-01,-2.004942141322649772e-03,1.625651880788320791e-01,7.064536571042084878e-03
-4.918905511714799506e-01,-4.010411193199127089e-01,-2.789038484823125885e-01,7.207096152991192550e-01,5.994524317406584313e-01,-2.044660037568488964e-01,1.002853611285901891e+00,-2.232156893501654249e+00,-3.372319391614639339e-02,1.136297320132694799e-01,2.070615273238163745e+00,-7.774725097414155739e-01,2.356096475229000065e-01,-2.204237961231138243e+00,-2.784543119432920932e-02,3.432417112196906733e-02,2.151754462339828589e+00,-7.651338809400829444e-01,-2.356088506252274617e-01,1.725841892658747379e-01,-8.477608025282960813e-02,4.329829253025925251e-01,-1.063670188188782451e+00,1.777414456612760874e-01,1.652089137285370490e-01,1.058954130713298358e+00,-8.953496907364265345e-02,7.296514906272176526e-02,4.490078662502538370e-02,-4.875211848786812907e-01,-5.577223631837716633e-01,-1.532383648148672450e-01,6.366418898745196397e-01,5.250176044368588726e-04,1.566057311603638869e-01,1.466700748635588192e-02
-4.870101829813053840e-01,-4.044522232246612337e-01,-2.892948971885688225e-01,7.180166733870458895e-01,6.013616493528485263e-01,-2.102514996078030107e-01,1.004442425339665768e+00,-2.238327706560235164e+00,-2.671049462244404551e-02,1.123325561605389988e-01,2.065676117545382162e+00,-7.783262541593178874e-01,2.356139882067642688e-01,-2.200628393603162092e+00,-2.653602554064476288e-02,3.081442253908589501e-02,2.137805732243299506e+00,-7.613437096773926216e-01,-2.356133654564268876e-01,1.640084128935246632e-01,-1.140771718382615069e-01,4.193413173263173532e-01,-1.060955828489549502e+00,1.909421090192295611e-01,1.705263570221990099e-01,1.067018601346892526e+00,-8.904338653279146587e-02,7.369586130154390236e-02,4.498259750917920491e-02,-4.870647400069980093e-01,-5.724996517697138465e-01,-1.166699425733045969e-01,6.221835185714903460e-01,2.962471657356269619e-03,1.493494501078957148e-01,2.250829491610174468e-02
-4.853619253358979480e-01,-4.030985161291888996e-01,-2.996676987941043757e-01,7.156358417715830145e-01,6.050850735618623633e-01,-2.151812681097584057e-01,1.005710632942362626e+00,-2.243795259482362692e+00,-2.450652155975584570e-02,1.104328992849587660e-01,2.065018074788730118e+00,-7.801119524053248266e-01,2.356101033484528096e-01,-2.190484873380939224e+00,-3.149390653541192520e-02,2.647575789624556294e-02,2.123025407286526889e+00,-7.641375593967766333e-01,-2.356092044679490016e-01,1.520857614543824066e-01,-1.381665101421607478e-01,3.925414589944363208e-01,-1.049049194306727051e+00,1.983459989487155184e-01,1.780677737350178369e-01,1.074322775398683039e+00,-8.853058435592572883e-02,7.252238459289092609e-02,4.498053357907032257e-02,-4.947342545669076719e-01,-5.821549891210037186e-01,-8.186356059566803067e-02,6.150515103356509750e-01,5.137768876608959923e-03,1.455736399137130821e-01,2.890051386592226365e-02
-4.808981443997516481e-01,-4.042983984502778183e-01,-3.123987913197990296e-01,7.125214206642103143e-01,6.080387717923416702e-01,-2.226919531610026814e-01,1.009519575847634743e+00,-2.247212265483879978e+00,-3.056539659501037592e-02,1.000458443143142917e-01,2.060739524982885040e+00,-7.788346237251408954e-01,2.356129980081505815e-01,-2.180272015003978492e+00,-3.468601473613656255e-02,1.781555757424829051e-02,2.101272378228524751e+00,-7.668015401423571298e-01,-2.356110536155305579e-01,1.440198149049778664e-01,-1.671139909651342681e-01,3.649772698592211873e-01,-1.038562376490377082e+00,2.047711030859244441e-01,1.864873082639780799e-01,1.081192623519228402e+00,-8.756999692175987393e-02,6.981184558893699377e-02,4.498713355939845671e-02,-4.977645435285197317e-01,-5.951478847561930685e-01,-4.733750235206795470e-02,5.916637616549793588e-01,7.006242712217424125e-03,1.380918675573627741e-01,3.463412694971915173e-02
-4.781842732963487719e-01,-4.074519811207246156e-01,-3.235318722820308412e-01,7.075661180911103632e-01,6.109907389583668635e-01,-2.301351418371770652e-01,1.012351015925233577e+00,-2.258148768615881874e+00,-4.901015939635782609e-02,9.119800499614943989e-02,2.056556681781587237e+00,-7.734132990704120081e-01,2.356197145391385195e-01,-2.164179412527833080e+00,-4.849536859836623554e-02,1.491333878624107045e-02,2.066811974402351204e+00,-7.556922941662268522e-01,-2.356195714321519807e-01,1.397309745222258814e-01,-1.929324098342860561e-01,3.345945135808017223e-01,-1.029098604008669815e+00,1.992783497919923541e-01,1.911001939818031403e-01,1.089624475506659751e+00,-8.661148686567762822e-02,6.701047296018280974e-02,4.499940868510141773e-02,-5.075061727196256145e-01,-6.115516954934483440e-01,-2.375833908149299276e-02,5.746291087296857558e-01,8.117461920910562512e-03,1.355246969087859632e-01,3.794041296170919120e-02
-4.707278413451135290e-01,-4.050706660195926845e-01,-3.502364792741241573e-01,7.011900337987406751e-01,6.157188354992227941e-01,-2.408183777086755628e-01,1.019871979059460587e+00,-2.274554866098970063e+00,-6.279893459700992830e-02,6.123579431101202480e-02,2.055116527913237956e+00,-7.854028651839638497e-01,2.356197668596938244e-01,-2.133593959448452981e+00,-6.038270517362004375e-02,-2.058681934376540776e-02,2.012602790817441978e+00,-7.611566202320186880e-01,-2.356195828981917095e-01,1.000368844453626421e-01,-2.324757264491558728e-01,3.135717428030359577e-01,-1.031131337484712196e+00,2.381045456728829723e-01,2.063637953486366083e-01,1.084862764744063846e+00,-8.534544723423356793e-02,5.957174167110097784e-02,4.499966537140633743e-02,-5.364996585746234503e-01,-6.108706012380232808e-01,-2.389199773079422363e-04,5.226978894946420207e-01,8.658864290657619991e-03,1.238640880820516543e-01,3.973606547986285181e-02
-4.624194240267073264e-01,-4.058855991530956331e-01,-3.696428007032910856e-01,6.962681642665904391e-01,6.191251860446937982e-01,-2.496025417091908005e-01,1.028204993852429139e+00,-2.276549386440415823e+00,-7.536947673287162919e-02,3.301184590441214733e-02,2.035044812520319102e+00,-7.854017224110299011e-01,2.356173746583528905e-01,-2.112792271102849284e+00,-6.952055142538091093e-02,-5.110858524934899089e-02,1.955629529083318774e+00,-7.568961373754229394e-01,-2.356132528219223587e-01,9.093254664598938997e-02,-2.542821042064071224e-01,2.877417194798133626e-01,-1.026926572603825916e+00,2.542138076021294157e-01,2.141935861667195462e-01,1.083698123390635315e+00,-8.410849319687034586e-02,5.236657416585734082e-02,4.499425315689977584e-02,-5.673622687198959236e-01,-6.172604815832151148e-01,1.562187750359431485e-02,4.859052242028046309e-01,8.868949614064619569e-03,1.182600088609066930e-01,4.070312833861428753e-02
-4.532992153530224777e-01,-4.031709801632730739e-01,-3.902151087304809307e-01,6.926075014270195451e-01,6.231043315360016432e-01,-2.579868634169709130e-01,1.033713888458640762e+00,-2.271754820399386254e+00,-8.703233090241069281e-02,-3.112849887794943895e-03,2.007510630183203304e+00,-7.754304175831727708e-01,2.356114160463078921e-01,-2.094550553753669941e+00,-6.860490959022054469e-02,-7.968767819362827798e-02,1.909802144568816917e+00,-7.474768868238792496e-01,-2.355968656237097392e-01,7.339041627862470663e-02,-2.699838373524511836e-01,2.528165815759154111e-01,-1.011697296844959570e+00,2.789660958701208338e-01,2.283941393907443496e-01,1.086798124105798680e+00,-8.255923982713199438e-02,4.522864662648504869e-02,4.498280761867649857e-02,-5.985191540220339279e-01,-6.180804351471961278e-01,2.289237741218198841e-02,4.420496746366966989e-01,8.565608911250702229e-03,1.098394839194929834e-01,3.978524655758336470e-02
-4.416386079123948427e-01,-3.921416747857868756e-01,-4.104825417271685817e-01,6.947548703208948906e-01,6.262779387849198853e-01,-2.602908543981720668e-01,1.031514097581813338e+00,-2.277628968109457475e+00,-9.285012029162768854e-02,-5.071594473682915910e-02,2.012447292927843634e+00,-7.853924467235160467e-01,2.356166508831002426e-01,-2.117324819965292093e+00,-6.497194941345808827e-02,-1.145783897344145874e-01,1.910263714622790099e+00,-7.044320836655861839e-01,-2.353354373391119692e-01,8.149072896405797073e-02,-2.699989823201865979e-01,1.947943966332029153e-01,-9.791442785431222484e-01,2.835187758195489294e-01,2.405014134834868866e-01,1.090690306746846305e+00,-8.107283932979542085e-02,3.805257934048950075e-02,4.499010674991640868e-02,-6.254415544711056096e-01,-6.272863296223529783e-01,3.449858684613004572e-02,4.183574590776537594e-01,8.598887053473053613e-03,1.084400654010152509e-01,3.947539434360179678e-02
-4.334606953310151667e-01,-3.893094110245543527e-01,-4.257742122331802381e-01,6.922906385963066844e-01,6.303411569643913026e-01,-2.647016191477098990e-01,1.038172136251081179e+00,-2.277629800966826767e+00,-1.049580766835763734e-01,-8.266829236055982244e-02,1.999505459510548144e+00,-7.854019023137706057e-01,2.356184335902158089e-01,-2.137527575303690419e+00,-7.432534998188129738e-02,-1.364183615521092352e-01,1.875014113692321960e+00,-6.471380063441963815e-01,-2.303928346910801561e-01,7.680347860117524295e-02,-2.699995542193749931e-01,1.763922257813790584e-01,-9.754203548441554572e-01,2.926537205977328138e-01,2.538758998447953608e-01,1.087024970498389642e+00,-7.980256067288465927e-02,2.782282685824041812e-02,4.498977640646538434e-02,-6.823447592042535259e-01,-6.249404328986384316e-01,4.073678646399292447e-02,3.975208826156164110e-01,8.458396857421701318e-03,1.055963813652872479e-01,3.883083859150841116e-02
-4.156756528088351166e-01,-3.876158102140022654e-01,-4.458109229461207912e-01,6.915347831570145543e-01,6.355527597164770670e-01,-2.712807125917183759e-01,1.049916712667614105e+00,-2.277629221422491579e+00,-1.016339265259664643e-01,-1.235250404511473443e-01,1.979370328792908973e+00,-7.853953875127952511e-01,2.356142782712839501e-01,-2.150854230731937822e+00,-8.547485947400280948e-02,-1.854564963827570467e-01,1.758033824514554588e+00,-6.099796582923335819e-01,-2.179457427648121282e-01,6.949038265299394002e-02,-2.699985195209602118e-01,1.671990098067931418e-01,-9.788326340505607570e-01,3.233919109131463965e-01,2.716959426011653078e-01,1.081578704839819771e+00,-7.877865963059201004e-02,1.721383929336306462e-02,4.491785031428968678e-02,-7.667008675226288927e-01,-5.946077460630448952e-01,3.447785021209039819e-02,3.855084661770053489e-01,7.821129106674108364e-03,1.048985003953592648e-01,3.631635962142609753e-02
-3.996990737907749613e-01,-3.833781322782605638e-01,-4.548960956666602828e-01,6.973746484127867351e-01,6.402294667604360168e-01,-2.732806909832412035e-01,1.054317468707332894e+00,-2.277629714369459712e+00,-9.304117596073044338e-02,-1.535004706135435215e-01,1.973659423076915775e+00,-7.854004942854486693e-01,2.356181959542140436e-01,-2.181010811456876919e+00,-1.070975288017919497e-01,-2.340130627025461818e-01,1.674016700704631377e+00,-5.699320090724784293e-01,-1.998639125897372915e-01,7.878436093174341626e-02,-2.699996476487013797e-01,1.522920201521897055e-01,-9.698647620089797527e-01,3.369058172498883841e-01,2.861584400480454149e-01,1.085139221478497618e+00,-7.787535238432209683e-02,1.117263817279972454e-02,4.479238310332966239e-02,-8.478916602568719041e-01,-5.657756272256505570e-01,5.050110594332816311e-02,3.866167368385458047e-01,8.350530327481488213e-03,1.067088581942534781e-01,3.788699497230483410e-02
-3.863239503688035148e-01,-3.843797308586119343e-01,-4.642240831912918808e-01,6.982134547985362483e-01,6.426122012831824160e-01,-2.768514496724286955e-01,1.060827941214488535e+00,-2.277629639822327690e+00,-8.432492376360878339e-02,-1.771176122731585312e-01,1.948657642974992665e+00,-7.853989457579935163e-01,2.356178082027539922e-01,-2.194782596005640851e+00,-1.177165814763023871e-01,-2.763005965063460856e-01,1.578108725448664762e+00,-5.705449892344974794e-01,-1.845385910715778288e-01,7.644757794294494702e-02,-2.699995144387035140e-01,1.372596167051051419e-01,-9.642477237977707949e-01,3.527038004040456420e-01,3.018304964064383311e-01,1.086453955429983464e+00,-7.694050165596547086e-02,8.128353464495634284e-03,4.135567913327584111e-02,-9.152018241528094844e-01,-5.345205286617962237e-01,5.551738122726189439e-02,3.860403996863359111e-01,8.403973064421928207e-03,1.074851440944763759e-01,3.781858833767305639e-02
-3.812595818769007328e-01,-3.817704644706877426e-01,-4.691544222580373846e-01,6.991327282859909342e-01,6.448386537306347588e-01,-2.790771247104820163e-01,1.060087363539647942e+00,-2.277629992185592922e+00,-8.208199203156613111e-02,-1.875447400980217449e-01,1.944942436864975255e+00,-7.854029214971255390e-01,2.356199514198926148e-01,-2.192920003647452099e+00,-1.293755425502886580e-01,-3.097654772309659243e-01,1.492364458058178744e+00,-5.727520539329343796e-01,-1.708909336452561489e-01,5.409141865515305209e-02,-2.699999886599603327e-01,1.223430418238690975e-01,-9.482196798575905916e-01,3.728680025310857626e-01,3.196010724860669505e-01,1.086446560279670459e+00,-7.606834581647209381e-02,5.957846068163154957e-03,3.476246304016594735e-02,-9.604035913591094653e-01,-4.994533401892853886e-01,6.288383426426812084e-02,3.753724733877625286e-01,8.391782593521553493e-03,1.053122164527117155e-01,3.782754147205284051e-02
-3.805742878035814347e-01,-3.837351926293242066e-01,-4.732907879990699840e-01,6.956337710288019727e-01,6.435992921553760349e-01,-2.820434558354639187e-01,1.063339787960762450e+00,-2.277629241939429505e+00,-8.040773129523898222e-02,-1.923493074720577234e-01,1.934966613450748385e+00,-7.853926576962338979e-01,2.356145607049336954e-01,-2.192775362089454561e+00,-1.253100802258114432e-01,-3.155969736275979765e-01,1.434972685097223977e+00,-5.413674070047389542e-01,-1.473658313020399513e-01,4.524550749554163975e-02,-2.699978298325178550e-01,1.217075479303837415e-01,-9.492960556090006552e-01,3.793039215049018864e-01,3.324063628325183983e-01,1.082019520535771662e+00,-7.521623352140767438e-02,4.001640868250663091e-03,3.004775795843504446e-02,-9.910326015793528009e-01,-4.652133455226361014e-01,6.714850794508950282e-02,3.717110201846126061e-01,8.343605993841934562e-03,1.057427990595156686e-01,3.773275627850534303e-02
-3.807755588620500564e-01,-3.816560670706162783e-01,-4.728341449034534905e-01,6.969766794196938786e-01,6.425586577100405039e-01,-2.820007363438882253e-01,1.061778279200831232e+00,-2.277629478999488644e+00,-7.342554321499705772e-02,-1.932534064475953939e-01,1.941466737029940548e+00,-7.853963754267970776e-01,2.356154837316143669e-01,-2.200656163947890320e+00,-1.186169748475726510e-01,-3.178882475367547644e-01,1.432474558762772077e+00,-5.185151798394377343e-01,-1.233532167540423857e-01,4.461996126969642457e-02,-2.699970063260897502e-01,1.195596773256739354e-01,-9.443426937052071812e-01,3.778423078678160296e-01,3.452095610708926787e-01,1.080533157647325604e+00,-7.439576354829931237e-02,3.348116064266609335e-03,2.774582975942236837e-02,-1.013143400430881469e+00,-4.394324488593258082e-01,7.776927965262311893e-02,3.728078037575676129e-01,8.678727559122386206e-03,1.069477077897091621e-01,3.882671311439931522e-02
-3.870179806223258967e-01,-3.839885219844726971e-01,-4.680901081264073338e-01,6.954577976652539517e-01,6.396036166553188407e-01,-2.830680725948930831e-01,1.057189937093048426e+00,-2.277629761206133363e+00,-7.170225898274007470e-02,-1.770834173293075187e-01,1.952523829619452700e+00,-7.854006873615109185e-01,2.356175192743926727e-01,-2.214642165689557185e+00,-1.211232446578390798e-01,-3.154948784905920456e-01,1.462508412739161878e+00,-5.057743908302305691e-01,-1.033751714258062948e-01,5.531775871341584189e-02,-2.699964980132825709e-01,1.347456611944445881e-01,-9.509239447327832995e-01,3.577760595354622097e-01,3.510862118545582944e-01,1.076363026013010593e+00,-7.361326604262312390e-02,2.017029648167446843e-03,2.490603974172826696e-02,-1.022958317851634602e+00,-4.234817409644848762e-01,7.649085496019361607e-02,3.756090698241190684e-01,8.651272262233373686e-03,1.082593861644815247e-01,3.838265628903841931e-02
-3.971231165963157728e-01,-3.847004750745479651e-01,-4.573744178452080478e-01,6.964965302447695406e-01,6.368460906512507513e-01,-2.814425657201614639e-01,1.050782098615541393e+00,-2.277629986021824759e+00,-7.017012617249807072e-02,-1.511940610918583172e-01,1.975793987609449021e+00,-7.854028783999958963e-01,2.356198509092291560e-01,-2.230395858547991494e+00,-1.353673890579688011e-01,-3.032108021826582789e-01,1.508323537719822305e+00,-5.104957973722676901e-01,-9.538300901511960472e-02,7.269858062026521295e-02,-2.658029870459635013e-01,1.470794734728155528e-01,-9.485405553583622362e-01,3.241436766105522116e-01,3.535503969294208626e-01,1.079371438499099778e+00,-7.266182679315219550e-02,3.103523953195187236e-03,2.290620598363673002e-02,-1.011057377385183642e+00,-4.079887866126488682e-01,8.221427507696396630e-02,3.973814985266250210e-01,9.246517247840022047e-03,1.141003871232849215e-01,3.942672762346343535e-02
-4.078740290151592895e-01,-3.826956449052260067e-01,-4.512528478968947931e-01,6.953802464051277443e-01,6.347432084772873795e-01,-2.823844729589237157e-01,1.047928081322749838e+00,-2.277629959528753911e+00,-6.878638457127224382e-02,-1.294698065594450387e-01,2.006440832284963616e+00,-7.854028802302667200e-01,2.356195027026816158e-01,-2.232059548599163445e+00,-1.423217575845646121e-01,-2.821604789594511220e-01,1.538787703554383990e+00,-5.277457712470169371e-01,-9.841354610161559546e-02,8.558066926074485437e-02,-2.621253209613013668e-01,1.798890568421017411e-01,-9.659754619152737254e-01,3.001791652051517545e-01,3.519351105160297144e-01,1.077388407012024985e+00,-7.158425098282833465e-02,2.559968585010530175e-03,2.069215125991416548e-02,-1.007263050911939128e+00,-3.945403582589607216e-01,9.375834800833646177e-02,4.200236744710404424e-01,1.019876010132933497e-02,1.194457226827097263e-01,4.175430566621557427e-02
-4.168411983095480222e-01,-3.806605943104477419e-01,-4.469223742985055092e-01,6.939750130101682846e-01,6.314967362448954402e-01,-2.814488379161151355e-01,1.038919755303156611e+00,-2.277629950293325045e+00,-6.153129099591667789e-02,-1.127605307427187037e-01,2.026281275305335416e+00,-7.854027242058674307e-01,2.356194006751499703e-01,-2.249690918252571947e+00,-1.483979510881538455e-01,-2.634614481425542332e-01,1.592011295179231345e+00,-5.523483238082578239e-01,-9.998934768555133024e-02,1.135037631570466193e-01,-2.459261558988883323e-01,1.905132735337252969e-01,-9.654640270798234836e-01,2.683384734573541763e-01,3.475460078474671977e-01,1.078470875339004653e+00,-7.045080101257666927e-02,2.545262758308151040e-03,1.805829499575315952e-02,-9.861792475346657927e-01,-3.770325916315109827e-01,9.272001807742621948e-02,4.388530047317189542e-01,1.055104224591653199e-02,1.236260122935200767e-01,4.158771910778411712e-02
-4.233828832408261800e-01,-3.777076057875387027e-01,-4.426479140656867650e-01,6.943678584743295801e-01,6.302496136934465643e-01,-2.811224627351088801e-01,1.032658788353589374e+00,-2.277629926278064598e+00,-5.748507832799983064e-02,-9.912583472003029528e-02,2.058657614953998571e+00,-7.854025990322519579e-01,2.356189540119807690e-01,-2.260334797061065881e+00,-1.643417699598997972e-01,-2.584985481063740709e-01,1.629256227607667196e+00,-5.765111250237319185e-01,-1.068419485452977435e-01,1.248926258404210177e-01,-2.386073091081550024e-01,2.170523071414932892e-01,-9.717078878369604933e-01,2.543949952508857137e-01,3.440300361027152642e-01,1.070961876504608057e+00,-6.945355431856009565e-02,2.420801769430545414e-04,1.571237667117215270e-02,-9.678171772118452365e-01,-3.476275782721621743e-01,9.287061598580383104e-02,4.524360614913747192e-01,1.087957984984418494e-02,1.271305310897020979e-01,4.118882022617199878e-02
-4.308799190408029167e-01,-3.748908002078882862e-01,-4.379896488460707227e-01,6.942365956866404231e-01,6.279475885189811368e-01,-2.801874356464254534e-01,1.030277768930012883e+00,-2.277629638722525218e+00,-5.818244419701624343e-02,-9.150018118894789887e-02,2.080083742734365693e+00,-7.854007399662263911e-01,2.356148541714852551e-01,-2.264667825327457251e+00,-1.811864583040672660e-01,-2.569606751607353412e-01,1.651573419924510011e+00,-5.935708951193910954e-01,-1.171054066643767988e-01,1.425967959495334503e-01,-2.308524720284368947e-01,2.410861126247356434e-01,-9.821546341640471356e-01,2.366716822433982681e-01,3.377535694137258071e-01,1.066326040997946922e+00,-6.835545364383124878e-02,-6.303819948038217377e-04,1.349818657231315229e-02,-9.406675242441547846e-01,-3.127761141951559964e-01,1.079942214864510891e-01,4.725429947161754463e-01,1.215240500936570593e-02,1.325790386895663309e-01,4.328122995326563749e-02
-4.404144915893383749e-01,-3.684606705432925677e-01,-4.325662797117549307e-01,6.950958376491860324e-01,6.239328183967637331e-01,-2.809036962785919633e-01,1.024257676831535457e+00,-2.277629463886913452e+00,-5.386498438357949226e-02,-8.326823768517963020e-02,2.118845941839264668e+00,-7.854019809809797970e-01,2.356133214478000337e-01,-2.253477711129089123e+00,-1.935804997499044056e-01,-2.583015495904780190e-01,1.685088279638092157e+00,-5.629405362948021185e-01,-1.188784959497146132e-01,1.383846248719780292e-01,-2.294968001703747706e-01,2.396657462374635894e-01,-9.679093068034543279e-01,2.324180880361653989e-01,3.328543906445513567e-01,1.070154968000704088e+00,-6.692097288181629577e-02,1.013352049302267696e-03,1.272293449320863537e-02,-8.785682221768503775e-01,-2.643835217245404379e-01,1.416356735107357767e-01,4.813077647989734698e-01,1.438822779441664354e-02,1.359771485712903683e-01,4.492312758751711849e-02
-4.451448855085048395e-01,-3.664270397198582385e-01,-4.294304733574098587e-01,6.951019522485838431e-01,6.214834242432083489e-01,-2.794131598321646370e-01,1.019950554001433307e+00,-2.277629506021769501e+00,-5.697009279237016943e-02,-8.055382423353621424e-02,2.137081937184463154e+00,-7.854018773716165969e-01,2.356133573992263974e-01,-2.264758553842908473e+00,-2.078968463632361041e-01,-2.592343350603878438e-01,1.713581374286930359e+00,-5.523034117987669633e-01,-1.234318583292587368e-01,1.551103959354939443e-01,-2.212439680665735375e-01,2.512247351571952336e-01,-9.708780209880839562e-01,2.177936262157267600e-01,3.227154726236605153e-01,1.067509976005200256e+00,-6.543980506564567312e-02,3.358276162859298629e-04,1.104303880743663299e-02,-8.452898196138428633e-01,-2.285791043985951065e-01,1.654962209526556483e-01,5.139059114844172216e-01,1.677865184014661407e-02,1.451487338486340817e-01,4.495082562709473012e-02
-4.468838233988986497e-01,-3.632620565125291301e-01,-4.281926433659279385e-01,6.964097837121254742e-01,6.194029701667976839e-01,-2.796097822661576249e-01,1.016983475633540301e+00,-2.277629954051525019e+00,-5.430837787627244145e-02,-8.312668359880506785e-02,2.152534492025945934e+00,-7.854028965586583588e-01,2.356194168778894260e-01,-2.272833854693230293e+00,-2.144713753151286928e-01,-2.620461157921695206e-01,1.739313212051278201e+00,-5.365312143339405759e-01,-1.312044548809652988e-01,1.558385431381602293e-01,-2.121289195645274517e-01,2.592942560293851062e-01,-9.669207749536239405e-01,2.211654385340811879e-01,3.208754545950861514e-01,1.066657912629680904e+00,-6.422442069258708919e-02,-1.059050494148557108e-03,1.011787962409997632e-02,-8.184978846703819810e-01,-1.843179020162370729e-01,1.945269664160345358e-01,5.507050859342089710e-01,1.999871999502198655e-02,1.539666340579579629e-01,4.499904389124613491e-02
-4.544010733018929993e-01,-3.619663618457986121e-01,-4.223847003225982277e-01,6.957666148986979548e-01,6.177200297795992778e-01,-2.782542400535604199e-01,1.012568251736488012e+00,-2.277629338410821713e+00,-6.394246553965644841e-02,-7.548029377140674789e-02,2.169067970782529553e+00,-7.854015003324988919e-01,2.356111121019600907e-01,-2.277626897860121957e+00,-2.315152896300498309e-01,-2.561851360335994365e-01,1.768280694827622623e+00,-5.439142658138478303e-01,-1.360565923895611651e-01,1.802141072010214340e-01,-1.858268940292880644e-01,2.858348929232219504e-01,-9.769911661766147448e-01,1.963725554994475986e-01,3.101420633548547245e-01,1.064190311619374274e+00,-6.304274560779429826e-02,-2.196712288924984168e-03,7.031601453947588891e-03,-8.189166944304936413e-01,-1.657325824507822065e-01,1.833333831408130443e-01,6.038924003465864221e-01,2.106494419930318024e-02,1.655923416488511157e-01,4.493653952536415946e-02
-4.604395293268542799e-01,-3.598883868451537293e-01,-4.211178646488698551e-01,6.936393392252446777e-01,6.160507781878639122e-01,-2.791152602778194103e-01,1.009018810296558932e+00,-2.277629300632214360e+00,-7.165043953061674131e-02,-7.289101305173202594e-02,2.183375528054025683e+00,-7.854015171083954527e-01,2.356117577151219666e-01,-2.277626852149626124e+00,-2.460347545642840861e-01,-2.546363096676150795e-01,1.792315459481838902e+00,-5.594840683283750504e-01,-1.406790795049254195e-01,1.860161164515890253e-01,-1.729990503241197186e-01,2.984613021812183020e-01,-9.803936720087051970e-01,1.850558100705389508e-01,3.046246385390325440e-01,1.062066729675215315e+00,-6.190242304003890084e-02,-3.463330587560711597e-03,5.069303480353533689e-03,-7.881452626449608756e-01,-1.425537968904106723e-01,1.792851771287906903e-01,6.235331058242089552e-01,2.212652937019413124e-02,1.688374341432338499e-01,4.494914298881062809e-02
-4.638757370175882189e-01,-3.703145350349509868e-01,-4.271395930419625842e-01,6.820837293208099616e-01,6.133143619234677768e-01,-2.870994745930118275e-01,1.023245254450050545e+00,-2.277628886190676827e+00,-7.909607792016494499e-02,-6.990119126192148591e-02,2.150090044218736729e+00,-7.854005864259180347e-01,2.356116085856514164e-01,-2.262021153164104348e+00,-2.541313487511749347e-01,-2.550996547163389416e-01,1.764815725184320616e+00,-5.543133864980133163e-01,-1.504078964816217001e-01,1.888770699397247510e-01,-1.596635308642541107e-01,3.336412691546520870e-01,-1.018071536546823586e+00,1.795822638115593117e-01,2.979182106099111382e-01,1.055267058805613223e+00,-6.076202122661282512e-02,-5.111356500537569784e-03,3.499027321690828096e-03,-7.908807308470402475e-01,-1.299668667450921133e-01,1.566611839478838086e-01,6.310911325104953118e-01,2.126827754883547222e-02,1.682843364346726101e-01,4.498030292399142482e-02
-4.722830062299373521e-01,-3.650564029343561501e-01,-4.168927961045709174e-01,6.854801100390547353e-01,6.124167111779172945e-01,-2.804672838004645397e-01,1.011538098836611832e+00,-2.277629256780784761e+00,-9.065635047562214943e-02,-5.889950795617639873e-02,2.175419379796408315e+00,-7.854012428848458072e-01,2.356110615839611400e-01,-2.277577121118499193e+00,-2.709647185618400123e-01,-2.440418861720653754e-01,1.805967264955700147e+00,-5.683403954830908988e-01,-1.578792530098156732e-01,1.885601767533751916e-01,-1.526537548685428791e-01,3.174024161326878812e-01,-1.004285966473610348e+00,1.654037279538677629e-01,2.963744675769034997e-01,1.065871889594908417e+00,-5.945489644316782896e-02,-2.187336766797616516e-03,3.225852217686350255e-03,-7.527388260425701416e-01,-1.122691154557987764e-01,1.443188073798201965e-01,6.473951673101191462e-01,2.094354024699272496e-02,1.712742856655425916e-01,4.492922598246668064e-02
-4.768626168141312793e-01,-3.674345253076055084e-01,-4.149130886105238947e-01,6.822323967658154853e-01,6.117877341221683585e-01,-2.825429479642683206e-01,1.012052653172514471e+00,-2.277629396767999914e+00,-1.015727159986601624e-01,-4.916888477793870255e-02,2.193602781121648082e+00,-7.854015444054058825e-01,2.356119003101190823e-01,-2.277626505403477442e+00,-2.910600244722982843e-01,-2.413850221717778466e-01,1.813829475406259828e+00,-5.694196181151141012e-01,-1.615654204024988272e-01,1.959973230615180695e-01,-1.408421465150220542e-01,3.353512802873322429e-01,-1.016715094628880101e+00,1.497184555922062288e-01,2.940754117938036982e-01,1.065963262108957421e+00,-5.841335904575653548e-02,-4.213691204801825983e-03,1.737048712853745368e-03,-7.489219045204537073e-01,-1.120722100387646081e-01,1.196310204397663529e-01,6.501946531837525800e-01,1.932409461594805297e-02,1.693495898982450010e-01,4.402983665880535330e-02
-4.859552055485649724e-01,-3.703173018499520963e-01,-4.086757494552929471e-01,6.780094143579262767e-01,6.103600688540892216e-01,-2.841515725240910117e-01,1.015311079904970049e+00,-2.277629879965435755e+00,-1.125563778492861822e-01,-2.706855305901584643e-02,2.200882339036924318e+00,-7.854025535804675107e-01,2.356180979466837300e-01,-2.274519021619894499e+00,-3.116155601450623647e-01,-2.305623546616721309e-01,1.818603154408973577e+00,-5.657515402601327459e-01,-1.651878287315893257e-01,1.866100747107146407e-01,-1.314729068715773386e-01,3.580760372552308501e-01,-1.034202769733687965e+00,1.422785776558627979e-01,2.958593630781493622e-01,1.071277478375199488e+00,-5.739543870451645213e-02,-4.069136863479596959e-03,1.009057525431522563e-03,-7.463141897881199194e-01,-1.096035794434428723e-01,9.160897597110136126e-02,6.312814305806606630e-01,1.686338847272651764e-02,1.625279266162748815e-01,4.130943064357334160e-02
-4.918888366245531829e-01,-3.690555581082898273e-01,-4.084005069894176554e-01,6.745757135595001897e-01,6.092432744823315094e-01,-2.856569541772244203e-01,1.021264983284229322e+00,-2.277629975170980536e+00,-1.065390210975454277e-01,-6.333348063558917607e-03,2.172015265801598094e+00,-7.713509414688263233e-01,2.356195247101502965e-01,-2.270763714932337862e+00,-3.275304200733051285e-01,-2.302468748633008100e-01,1.824598787457977878e+00,-5.343129590220999647e-01,-1.737316711452434603e-01,1.847385971813626238e-01,-1.222293448069377841e-01,3.731304911510294198e-01,-1.050578340097645835e+00,1.407581443773145702e-01,3.038098603211125126e-01,1.077951808597745309e+00,-5.656226506488139932e-02,-2.992792150392697189e-03,8.816694002931992676e-04,-7.517024498300800550e-01,-1.152843612111623395e-01,7.280872824454878711e-02,6.285242713834675587e-01,1.534374865784755675e-02,1.612140283578211430e-01,3.977855841558236571e-02
-5.015088681129283854e-01,-3.671562719465797375e-01,-4.023188880611500151e-01,6.721790233885749366e-01,6.065184416888876884e-01,-2.874941599271277903e-01,1.023620820927542585e+00,-2.277629946013330020e+00,-9.874718462797288376e-02,4.104064025208383620e-02,2.125548211423759604e+00,-7.585642111592695302e-01,2.356187237963945358e-01,-2.254649046595982309e+00,-3.428465170284459851e-01,-2.242436161709038811e-01,1.834571278918370796e+00,-5.316063529546527500e-01,-1.795100780949611119e-01,1.853602878271145560e-01,-1.191535137912364539e-01,3.988105374384828261e-01,-1.070258204262648727e+00,1.312903852763569468e-01,3.131218095553505720e-01,1.086383548647155139e+00,-5.583000440632361616e-02,7.095855236697377715e-04,1.871923318478647697e-03,-7.596393331648357838e-01,-1.260641098267645532e-01,5.897333121406998779e-02,6.284459684175849326e-01,1.430644716377771006e-02,1.612472674478767909e-01,3.851346092398377080e-02
-5.072581199471808411e-01,-3.614215726951897634e-01,-4.042181675074702496e-01,6.698293212416801534e-01,6.040660356944893561e-01,-2.957329925840662677e-01,1.040177641751430571e+00,-2.277629583865986795e+00,-9.004351158809453803e-02,8.480892402611958647e-02,2.031552498899774406e+00,-7.702029386125796018e-01,2.356010430655877952e-01,-2.202092927666426725e+00,-3.453613201621567597e-01,-2.375203917209822435e-01,1.813166510786100361e+00,-5.180142737133254238e-01,-1.853108098448444652e-01,1.721348805406338889e-01,-1.230519235462678995e-01,4.477790333936498279e-01,-1.108479936090658313e+00,1.511352262817110270e-01,3.316182508446192112e-01,1.097415161148598051e+00,-5.512845622811513024e-02,7.797212592810662084e-03,6.486043832348407576e-03,-7.977000810599437219e-01,-1.267172791840018853e-01,5.163239854648390276e-02,6.269141451560543699e-01,1.365902774274792460e-02,1.606302356931466613e-01,3.799229761321318288e-02
-5.186441589550079279e-01,-3.505566882356696556e-01,-3.946422302620752331e-01,6.725888452902465398e-01,6.008747847366974204e-01,-2.974399016433508791e-01,1.040834519577999995e+00,-2.277629682448330417e+00,-8.038039709816471867e-02,1.484080468736681258e-01,1.974121245286008852e+00,-7.756471767557187036e-01,2.356060862685458723e-01,-2.161507553171149176e+00,-3.554098086387568745e-01,-2.386763247571069002e-01,1.825956999321093566e+00,-5.269773657625760332e-01,-1.902820107280636941e-01,1.589665937874397417e-01,-1.312559594417002373e-01,4.679937148525679658e-01,-1.112466415123765762e+00,1.640893831109838941e-01,3.531560942175248630e-01,1.116838946716646408e+00,-5.419402441303323298e-02,1.710487605608946790e-02,1.253421129798245291e-02,-8.031072226497714128e-01,-1.239501990607667081e-01,4.963233246664448817e-02,6.216972280241239712e-01,1.331608323991080242e-02,1.598003335984489459e-01,3.773791884220750736e-02
-5.217609690024049840e-01,-3.338191723557686896e-01,-3.887777950763358081e-01,6.820425774458391821e-01,6.003496938854963050e-01,-2.987081954506662362e-01,1.038030744245019621e+00,-2.277629865425197853e+00,-5.236237981802375346e-02,2.155651982405413780e-01,1.919470569751567712e+00,-7.794316591281922335e-01,2.355939567021023973e-01,-2.136281843028540184e+00,-3.600307464879127783e-01,-2.475202058772793257e-01,1.858892342981340873e+00,-5.294867364305045898e-01,-1.934768604800791159e-01,1.428867038837586534e-01,-1.486554825760955378e-01,4.679993815782564903e-01,-1.088131982902641459e+00,1.901508757751200207e-01,3.800168701553949813e-01,1.136856447956148930e+00,-5.314047533176507326e-02,2.664456001016472439e-02,2.055969294933052138e-02,-8.049385959166872606e-01,-1.144136628764594460e-01,5.333658379968763547e-02,6.149939275587600340e-01,1.328469521206122016e-02,1.579670291363995116e-01,3.819985737240668561e-02
-5.176546198454410330e-01,-3.087532704660059801e-01,-3.867237695930219044e-01,6.979612013292577632e-01,5.989247565750599467e-01,-3.007282950999907167e-01,1.034347360832103657e+00,-2.277629838165141418e+00,-1.658006135339182285e-02,2.608500774328792460e-01,1.870768452802830550e+00,-7.651783987004185938e-01,2.343249092400302158e-01,-2.088093947544956475e+00,-3.461274989133697466e-01,-2.816857941082518968e-01,1.886988106314776426e+00,-5.263861520522037374e-01,-1.932501923681916867e-01,1.248959014618671176e-01,-1.767092555698694667e-01,4.538754145749780977e-01,-1.036244121618051350e+00,2.408113868525399992e-01,4.127282007420552956e-01,1.154656284783909248e+00,-5.193186288242455234e-02,3.474121165137379619e-02,3.006119880351102239e-02,-7.766796935060712448e-01,-8.826515047586139251e-02,8.097344619597703075e-02,5.947329345455358851e-01,1.456627575257993072e-02,1.537015505851459796e-01,4.176876320664814346e-02
-5.148088201899255756e-01,-2.865820242182551270e-01,-3.782358880091346021e-01,7.139889600487991927e-01,5.972692463109737782e-01,-3.022577912438698666e-01,1.025923905838734385e+00,-2.277629877019156979e+00,3.211100705651201426e-02,3.131690544730825199e-01,1.834023452432874235e+00,-7.040417988860386833e-01,2.349812596393553443e-01,-2.058850053929353496e+00,-3.397858970317379490e-01,-3.016048615619043582e-01,1.929886866242521259e+00,-5.814267731474775935e-01,-1.957433342934409015e-01,1.340767878488935694e-01,-1.888959544106648403e-01,4.458877242790368345e-01,-9.828078276258367385e-01,2.581031236366257420e-01,4.349626659151079600e-01,1.163110910364984818e+00,-5.108262300941277673e-02,3.974592572898576204e-02,3.575278492636480010e-02,-7.748925331670324379e-01,-1.053133703789650433e-01,8.217609256712382626e-02,5.852921624052751515e-01,1.428366462179899050e-02,1.523920260902881518e-01,4.120199494238533516e-02
-5.186954977783253540e-01,-2.652878212429828353e-01,-3.621804617228976397e-01,7.276006223408794105e-01,5.943217358419807805e-01,-3.061155116250874331e-01,1.014201111079617856e+00,-2.277629861493893682e+00,8.703248712582464797e-02,3.866932407251479908e-01,1.815098406784958929e+00,-6.475018226269010357e-01,2.350549433606567429e-01,-2.014022960615100555e+00,-3.388945358889120518e-01,-3.022839982727711927e-01,1.989625206514635813e+00,-6.201608203333961455e-01,-1.977942687468340621e-01,1.357820112966964254e-01,-2.176563410141097721e-01,4.357413638278617718e-01,-9.196248531688724359e-01,2.686469692792292641e-01,4.535366833018525945e-01,1.165812918662675113e+00,-5.046212713220007279e-02,4.283763742015435361e-02,3.969886754850326244e-02,-7.590296435214011206e-01,-1.386705264868105247e-01,9.950406892464026820e-02,5.638198651224722857e-01,1.491916031284352961e-02,1.462977091990063927e-01,4.387295759430769743e-02
-5.050249118949649008e-01,-2.549284208660340667e-01,-3.609682884513146783e-01,7.413927659026364747e-01,5.892343923011598150e-01,-3.123392777556516231e-01,1.006073221138014340e+00,-2.277629098361087401e+00,1.446691276440517648e-01,4.168320430757892492e-01,1.758243235272267668e+00,-5.587801990907412808e-01,2.353408895676218082e-01,-2.000617417405590182e+00,-3.146859071727655111e-01,-3.236889663478459411e-01,2.018824199801382946e+00,-6.237015361925518642e-01,-1.957763711063012779e-01,1.451008537822779110e-01,-2.552451515649312164e-01,3.920230391582771312e-01,-8.533912241681892441e-01,2.943341420799362451e-01,4.706593239095316350e-01,1.164790578915568364e+00,-5.002765889380166031e-02,4.540973601807236221e-02,4.231591211509889983e-02,-7.461821525050710280e-01,-2.072142242896367892e-01,8.614625855145602307e-02,5.349374284001818802e-01,1.340532584096381687e-02,1.384238042120174428e-01,4.156118508534364236e-02
-4.922960685201474562e-01,-2.389482590660785277e-01,-3.518920441372242469e-01,7.594210292596739187e-01,5.887092503296116330e-01,-3.131645636349960071e-01,9.934476183225703361e-01,-2.277629796006665153e+00,1.712836627374094423e-01,4.237706577582166512e-01,1.678525848518716002e+00,-4.856286045813386631e-01,2.307869980747641880e-01,-1.998707041611895274e+00,-2.952495512541811196e-01,-3.331434254560305952e-01,2.058916767587683605e+00,-6.215489561938515317e-01,-1.961584261461562784e-01,1.563485298340575591e-01,-2.699991542299935432e-01,3.293834420133213703e-01,-7.682147426891560160e-01,2.974161845062478493e-01,4.845476323709533295e-01,1.169023921197016813e+00,-4.955897407822123374e-02,5.035568068851861007e-02,4.458744728555150139e-02,-7.465998235831287078e-01,-2.662785023023130915e-01,8.959244421958327542e-02,5.364918603327221147e-01,1.314610890647616333e-02,1.395744730760970775e-01,4.191218811794349824e-02
-4.784169846056015030e-01,-2.249780493365364786e-01,-3.574109966508361436e-01,7.699087255192439416e-01,5.871386424891867906e-01,-3.198910098369354138e-01,9.756679806529011678e-01,-2.277629281710683795e+00,2.264011325002186215e-01,4.388644962124517712e-01,1.619745923336028071e+00,-3.628408492214467151e-01,2.356078074643499776e-01,-1.979631125230254529e+00,-2.758878147605357545e-01,-3.622922341405772628e-01,2.102095558217207838e+00,-6.616559493870329822e-01,-1.990006887871205166e-01,1.733738478959408191e-01,-2.699991129360648223e-01,2.486419365793449965e-01,-6.767280632341198254e-01,2.862588268883933251e-01,4.989313433831163436e-01,1.160009388903601169e+00,-4.929088248126087951e-02,5.131187596045565236e-02,4.493413100940863575e-02,-7.033585568351593542e-01,-3.460824173290684702e-01,9.471228107050463918e-02,5.186592644910476002e-01,1.296266677651076137e-02,1.355691162414836837e-01,4.213667631253898566e-02
-4.645698500095439276e-01,-2.150648162084172754e-01,-3.650655148136722761e-01,7.775918911518934218e-01,5.840278275893543425e-01,-3.288785563641193344e-01,9.669793611810523215e-01,-2.277629532816515923e+00,3.055344913880870261e-01,4.704336500448024205e-01,1.571750220920954622e+00,-2.183249477633358582e-01,2.356192725037914992e-01,-1.951233947937854873e+00,-2.551897321360675486e-01,-4.020983151448781490e-01,2.122681818585423486e+00,-6.908425161486201338e-01,-1.940555396663313226e-01,1.871737584539142629e-01,-2.699998914155043450e-01,1.652452854835072815e-01,-5.926734407190931142e-01,2.813706628964024459e-01,5.100863456285711361e-01,1.154833756464210825e+00,-4.919578101553160471e-02,5.419890999557480660e-02,4.499675926692778966e-02,-6.790196737837392860e-01,-4.016998625553103164e-01,8.159328091182174725e-02,5.231972267886944028e-01,1.189544825550496558e-02,1.380009440860312797e-01,3.929184677818438332e-02
-4.474479419021705207e-01,-2.025992645018276361e-01,-3.588059192627679472e-01,7.937267726446112226e-01,5.834713110319575957e-01,-3.375452282673722659e-01,9.442649268717916433e-01,-2.211252005638594031e+00,2.477142690385869539e-01,3.323522706244950720e-01,1.421057258438346738e+00,-2.890552221350617401e-01,2.354640453467905514e-01,-1.956547986744848977e+00,-2.567828889793854485e-01,-4.072776346910170209e-01,2.189099890005183457e+00,-7.337831111052660615e-01,-1.744901626406430706e-01,2.301645832547772885e-01,-2.699998635484577858e-01,7.456359652438848684e-02,-4.958852359702943247e-01,2.492287557714511770e-01,5.132264136056977621e-01,1.155313181205529505e+00,-4.921476649470410414e-02,5.899110876222708744e-02,4.442847039163615175e-02,-6.400471298472867332e-01,-4.821982456392434058e-01,9.550752781867512253e-02,5.311431960928891804e-01,1.276745135758622536e-02,1.410364844600555945e-01,4.150886597779921555e-02
-4.375180325941908643e-01,-1.885242221692116638e-01,-3.528600947375717944e-01,8.053113325616336748e-01,5.821983300807037631e-01,-3.488544574703192902e-01,9.320738458794934900e-01,-2.120188248758238192e+00,1.981008062740328146e-01,2.004461610554202355e-01,1.296187663208162366e+00,-3.246797334678809266e-01,2.356028999701012538e-01,-1.927148805962814127e+00,-2.611516405484030634e-01,-4.102278732310782328e-01,2.242295023491310602e+00,-7.607594930577320502e-01,-1.619157413411855539e-01,2.470608200377752972e-01,-2.699997817004869405e-01,6.000458619990461928e-03,-4.082015981160579399e-01,2.333103211683948131e-01,5.199309747958693606e-01,1.152859055713664427e+00,-4.906031261604670152e-02,6.326130918508721113e-02,4.472759360902323761e-02,-5.991357175917187972e-01,-5.644249088784877300e-01,1.186392872806856513e-01,5.178349198562651745e-01,1.392610063987062725e-02,1.372325621809483143e-01,4.471043440701662208e-02
-4.292015311448894033e-01,-1.718570956589733634e-01,-3.457005713325090324e-01,8.165428949632234090e-01,5.803059935192073082e-01,-3.610588180197387698e-01,9.201958279224855541e-01,-2.000716462105609494e+00,1.690560842141317077e-01,7.158355307205810369e-02,1.169336297942747072e+00,-3.371958489501915013e-01,2.356148218047399989e-01,-1.891104594267853711e+00,-2.623005781466407060e-01,-4.096758949447855125e-01,2.299219773141289558e+00,-7.853992039991305463e-01,-1.494764895096497015e-01,2.642563184019630085e-01,-2.699998884067969507e-01,-4.419889514481114418e-02,-3.259907759099276436e-01,2.226310087259178172e-01,5.263007520916418436e-01,1.147983512829850783e+00,-4.900662984481161943e-02,6.722686913861700142e-02,4.473136345404744862e-02,-5.608138351031231039e-01,-6.460548077203293049e-01,1.102500137827726046e-01,4.760868252139248136e-01,1.281183243130816496e-02,1.266604426431480190e-01,4.272417961139265280e-02
-4.220464832023850255e-01,-1.520867249339362404e-01,-3.285324023005114502e-01,8.311515233421779003e-01,5.778243787225892936e-01,-3.744156550872699274e-01,9.082060299965089012e-01,-1.860882625876544516e+00,1.648509889993732269e-01,-3.546513746783968440e-02,1.068878707325879418e+00,-3.343314764637661529e-01,2.356118625473538064e-01,-1.855610137958578987e+00,-2.683677030629854077e-01,-3.846105392545511870e-01,2.373105315003505744e+00,-7.853990257218907978e-01,-1.405583386620476161e-01,2.968329214150037809e-01,-2.699996841665979197e-01,-8.999035607422999072e-02,-2.447799174229041974e-01,2.086366339823545191e-01,5.347701307006482718e-01,1.150482972510652013e+00,-4.861473826577109025e-02,7.233131615976969020e-02,4.488616392538991723e-02,-5.079970040905593676e-01,-7.183830658674950076e-01,8.991788834744707248e-02,4.222909512775233631e-01,1.098905534056237622e-02,1.136557571029417485e-01,3.874509606521826799e-02
-4.215582187571159656e-01,-1.214608768576611320e-01,-2.984631131978170426e-01,8.476176577039690185e-01,5.768517237997551339e-01,-3.889895385776730441e-01,8.970645709899678355e-01,-1.686182560961786203e+00,1.861907610531423618e-01,-9.095343224717207520e-02,9.894921955123757717e-01,-3.066013145870728485e-01,2.356195243994622102e-01,-1.797723278668804880e+00,-2.822547007083583415e-01,-3.425389509050993930e-01,2.450526767259936456e+00,-7.854026231207673625e-01,-1.341844744686811197e-01,3.211330116835951487e-01,-2.699999737030773228e-01,-8.999991592858729017e-02,-1.663210297850171437e-01,1.935462668209704529e-01,5.514988328831937903e-01,1.157176185825934400e+00,-4.767120400729225882e-02,7.822346283616719853e-02,4.499720391473702868e-02,-4.547641097820197542e-01,-7.968572091192692719e-01,5.120784514589329234e-02,3.516088165949555200e-01,8.357397207300387709e-03,9.637541805233927616e-02,3.226698869416847609e-02
-4.170760811888499231e-01,-8.846916545345090421e-02,-2.854394033845136791e-01,8.583385673844644570e-01,5.737540071842636147e-01,-4.017864646969128706e-01,8.896146815970294996e-01,-1.525410704106739068e+00,2.377908515576299397e-01,-1.351110204995649156e-01,8.926584645905939475e-01,-3.003400394160206655e-01,2.356160465616774780e-01,-1.725902982105197880e+00,-2.614153716093500224e-01,-3.323251920813236060e-01,2.503826557716024581e+00,-7.854001211368368818e-01,-1.299037184355829877e-01,3.328522300417892654e-01,-2.699997504311379415e-01,-8.999926877484770715e-02,-9.848627940871113040e-02,2.000537960703897278e-01,5.809529653706243524e-01,1.157097981644912954e+00,-4.594469720868547130e-02,8.018503842269368576e-02,4.499188929205868992e-02,-3.435805840145377821e-01,-8.988034651262486463e-01,6.667268521003102966e-02,2.496999302971426860e-01,7.321769204959533393e-03,6.977067191662432444e-02,3.454557671916112099e-02
-4.149195023602736399e-01,-5.527728202103143751e-02,-2.666983454275985710e-01,8.681349095616714973e-01,5.687927793184130998e-01,-4.157546767655493913e-01,8.822317016117067201e-01,-1.361816028849853977e+00,2.801136334465036404e-01,-1.693100766467788565e-01,8.160943279570760378e-01,-2.978546612695901485e-01,2.356199458575103101e-01,-1.642143248548204815e+00,-2.423878424013743982e-01,-3.093776094852154768e-01,2.568171402368766287e+00,-7.854029766604643248e-01,-1.231827263182950910e-01,3.582279582315816002e-01,-2.699999943975959216e-01,-8.999999241692219210e-02,-2.785777628668435410e-02,1.986939869561941963e-01,6.145139882268435549e-01,1.150841778587933462e+00,-4.425335791383166323e-02,7.970318242483349913e-02,4.499990683319234769e-02,-2.325761654180594495e-01,-9.497557492206474272e-01,1.152774809396737640e-02,1.464490387494109258e-01,4.695973859758571615e-03,4.366074360625325779e-02,2.655351709016776432e-02
-4.128937088676167266e-01,-2.220905423750876156e-02,-2.519024412075770991e-01,8.749689727076511714e-01,5.646105671669553461e-01,-4.296895037368843040e-01,8.798941895646326117e-01,-1.208724630756925933e+00,3.424700487199526799e-01,-1.614372770049112837e-01,7.594053866410142017e-01,-2.621155126205126917e-01,2.356197882019057943e-01,-1.554393303204956611e+00,-2.263631050496212882e-01,-2.756386698503254240e-01,2.591819983688971263e+00,-7.854029606505755767e-01,-1.092970982955206866e-01,3.655933690158423288e-01,-2.699999717938923460e-01,-8.999998546702359103e-02,3.990567618116572929e-02,2.050849361467648735e-01,6.526482263574220344e-01,1.146487149487571466e+00,-4.231558851702760943e-02,7.944022155063500124e-02,4.499959767866337779e-02,-1.263417319278229145e-01,-9.535869690592944092e-01,-6.916424279195321212e-02,4.928185871626657860e-02,2.392603929245097627e-03,1.885503736401652336e-02,1.438287477289240494e-02
-4.090894758290582467e-01,1.057306094407889016e-02,-2.494982368766740510e-01,8.776586129832091299e-01,5.627614176509685429e-01,-4.439095087246151539e-01,8.755304224252763445e-01,-1.082274266894724057e+00,4.128986524572019756e-01,-1.489576480054713159e-01,7.098391783618460682e-01,-2.443291942091425084e-01,2.356141834676155067e-01,-1.483794022953422331e+00,-2.195096207156863599e-01,-2.594159981335066867e-01,2.591819798287927856e+00,-7.854022665424473804e-01,-7.409616306353787596e-02,3.782036279716117222e-01,-2.527549178978519273e-01,-8.999959663571403812e-02,9.110720395358758161e-02,2.038695391056394579e-01,6.900104428949986879e-01,1.132825185769851029e+00,-4.069069221133534558e-02,7.652699670966751910e-02,4.499248043072632403e-02,-2.131460427125558181e-04,-9.703539089010267960e-01,-1.291879722973804656e-01,-4.566185471197872769e-02,9.921598101368801596e-04,-6.643659309441294313e-03,6.058781269648878809e-03
-4.167685329502010538e-01,5.120255349591460586e-02,-2.504017391529532177e-01,8.723423969332292360e-01,5.594188363210466086e-01,-4.604313847213463151e-01,8.736399262690497380e-01,-9.432955270628440303e-01,4.815393116517279748e-01,-1.331208385924374793e-01,6.469754563491336707e-01,-2.284697426030598277e-01,2.356199252831962243e-01,-1.368156604432529289e+00,-1.936853631578794588e-01,-2.444925439417554025e-01,2.591819998519894419e+00,-7.854029920464565828e-01,-2.930639282865933268e-02,3.877391808622908109e-01,-2.154524344054689899e-01,-8.999999670825470366e-02,1.425591610398581066e-01,1.962582482898733993e-01,7.322808502544924103e-01,1.115997849322673208e+00,-3.889877089093046053e-02,7.328899160927861145e-02,4.499990228696514050e-02,1.214206540119351641e-01,-9.620758082104188258e-01,-1.811599124621002255e-01,-1.137573387114826501e-01,4.202887497825614485e-04,-2.488755660902319117e-02,-1.654020559965908030e-03
-4.427036061412499279e-01,1.004815461094306084e-01,-2.581461718807085415e-01,8.528056812336132220e-01,5.547216138655145512e-01,-4.804305466088033549e-01,8.657378403419919710e-01,-8.056515303885518620e-01,5.491987882406769161e-01,-1.227737417811318316e-01,5.931100699396838483e-01,-1.949209161260175016e-01,2.356163033317662248e-01,-1.229039325237968328e+00,-1.884156079367909631e-01,-2.260451615014528459e-01,2.591819965287241789e+00,-7.854025307290931623e-01,1.116132294220436964e-02,3.857991893498111113e-01,-1.459843117039665850e-01,-8.999990003381971859e-02,1.920839705231143224e-01,1.866456445829474120e-01,7.722666155353571371e-01,1.102201604034039217e+00,-3.742255589852271774e-02,7.210945847086894234e-02,4.499664112422897128e-02,2.322585772742019883e-01,-9.560338914908517172e-01,-2.358275154534285323e-01,-1.403960946397631582e-01,5.585083471810125492e-04,-3.057831754123031126e-02,-8.840174644763713896e-03
-4.810351613469773802e-01,1.478729060199520662e-01,-2.619580627214468382e-01,8.234784457339052732e-01,5.561449617571628812e-01,-5.016325899256915966e-01,8.560200116337551846e-01,-6.669062544674676518e-01,5.910792969316369661e-01,-1.031917032332965584e-01,5.400991231449127072e-01,-1.847165717539328011e-01,2.356102326676339231e-01,-1.102237024658863085e+00,-1.828646122878586355e-01,-2.123280355403895925e-01,2.591819872243413592e+00,-7.840462965807892814e-01,6.616048361295752411e-02,3.783859967659278789e-01,-5.653379282449561005e-02,-8.999961719438241692e-02,2.339550210985935907e-01,1.523215907173073591e-01,8.011599697785199981e-01,1.078252322177110756e+00,-3.697943549564380178e-02,6.974644297918389246e-02,4.498646611036540705e-02,3.100301555768268935e-01,-9.371611284094553129e-01,-2.903108083784836646e-01,-1.414648002347551337e-01,1.017408865971266944e-03,-2.882464311974284460e-02,-1.614466256824490659e-02
-5.431599329492530215e-01,1.894499224746285237e-01,-2.561060244383005502e-01,7.768498686099707395e-01,5.510296842352875313e-01,-5.290213748963271678e-01,8.395370849910523958e-01,-5.608704947401340624e-01,6.025216666306808522e-01,-5.284069089300580391e-02,5.146934807744196760e-01,-2.104372508291799393e-01,2.356192528023799415e-01,-9.908663872570687703e-01,-2.133304002653224618e-01,-2.007456414120820654e-01,2.591819982522768573e+00,-6.418384049821688198e-01,1.808424967709233167e-01,3.322969388592915130e-01,1.572497693475355049e-02,-8.999993606073072860e-02,2.874454119558489951e-01,1.377787695311240290e-01,8.243194738282412226e-01,1.052978931129035400e+00,-3.773091823450659688e-02,7.164425335798170480e-02,4.499472313371686433e-02,3.787052257255265619e-01,-8.858994938611332026e-01,-3.263509579025832830e-01,-1.341504065390012879e-01,1.325997917248920030e-03,-2.538525776284789384e-02,-2.145028108362897687e-02
-6.148623968008305463e-01,1.949624909343897206e-01,-2.349027715583988096e-01,7.271551059046333920e-01,5.488331059111586363e-01,-5.559190257205965935e-01,8.256924520139429235e-01,-4.481758064018875887e-01,5.394018141467394889e-01,7.478279406989052705e-03,4.636933211472362149e-01,-2.534954423730789719e-01,2.356198060084534474e-01,-8.904698035120057753e-01,-2.700847375318951027e-01,-1.110505068221515901e-01,2.591819991310307714e+00,-3.449253416248834747e-01,2.251623080553350753e-01,2.675216811967705555e-01,4.434746023217169680e-02,-8.999998087156123316e-02,3.520462395454667104e-01,1.079621201281145831e-01,8.157533540288054441e-01,1.001805051316202677e+00,-4.088916890360826117e-02,7.014289727174276290e-02,4.211109684724077817e-02,4.438862239887156336e-01,-8.527725056050656782e-01,-3.785919900008755112e-01,-1.441028516457095177e-01,1.602070186929482019e-03,-2.844796683701211748e-02,-2.839373129996767761e-02
-6.644490184915831099e-01,1.718749066621896304e-01,-2.044774450947448308e-01,6.979652518091148394e-01,5.485246183483302174e-01,-5.798417073804845723e-01,8.057608828590379080e-01,-3.755186038863440046e-01,4.426848589461119809e-01,8.957983091032724332e-02,4.625070837289413928e-01,-2.116243062232646965e-01,2.356154212708502782e-01,-8.771632506351494385e-01,-3.012898831805736477e-01,3.534396456248488361e-02,2.558877045861090327e+00,-1.694914681599030692e-01,1.758803342261449076e-01,2.408931888268002197e-01,2.427453438949801062e-02,-8.999990447469140287e-02,4.336311816241736339e-01,7.648608880578165736e-02,7.683216650746229615e-01,9.205104124111136432e-01,-4.474557787913479440e-02,5.604933646082804061e-02,3.180273883779873023e-02,4.428682991216261744e-01,-7.674333467350971105e-01,-4.367175113165773781e-01,-1.669230283935026482e-01,2.121922779758239792e-03,-3.382495635594361810e-02,-3.516352146746511836e-02
-7.075806953620228379e-01,1.291703694639273203e-01,-1.643181569824504473e-01,6.750141616954711266e-01,5.454097127944200762e-01,-6.067452998890134896e-01,7.900983457448393921e-01,-3.673006419070363182e-01,2.757000500512351016e-01,9.361932103241606129e-02,5.444341733591120391e-01,-2.945683028809604753e-01,2.243840525886056370e-01,-9.252568567112311460e-01,-2.897306618231831887e-01,1.985517781240361268e-01,2.467508837629235785e+00,-1.454082244714496874e-01,1.349200297128267945e-01,2.187082801720040548e-01,-6.938906018717852509e-02,-8.970449445872728800e-02,5.288981804404483400e-01,7.978180454331745830e-02,7.072971565471960487e-01,8.030201740429641077e-01,-4.601099087168183943e-02,3.102549244490653436e-03,3.231382593992360164e-02,3.941106085774959689e-01,-6.482276408436146165e-01,-4.710955875694635697e-01,-1.550084111633086015e-01,2.650641537214976518e-03,-2.696775716601158140e-02,-3.872466440131230175e-02
-7.192754207777359854e-01,1.092917749337958405e-01,-1.178963057864046982e-01,6.758688024156388474e-01,5.313659567528435934e-01,-6.379559849418153794e-01,7.644138219407273782e-01,-3.513481058802418455e-01,2.052875718406598771e-01,1.397865248950810046e-01,7.407930791254135894e-01,-4.572438969792087526e-01,2.179558626480085637e-01,-9.277291865519980973e-01,-1.819594161495761420e-01,3.346289838863194532e-01,2.372009174965130196e+00,-1.331348756246455434e-01,1.108582602544761209e-01,2.876911037141406391e-01,-1.346795890866274992e-01,2.919884225394494496e-03,6.417990354563943844e-01,1.338562600685068160e-01,6.450182769335782718e-01,6.501096736418550126e-01,-4.536475322276549427e-02,-4.461945402290074664e-02,4.330660339980835910e-02,3.492434084079284462e-01,-5.234219066051806202e-01,-4.379242074549049013e-01,-9.569823616587090631e-02,2.599379284542322616e-03,-6.355899771646003095e-03,-3.324908880294804442e-02
-7.408197710441594142e-01,1.075389939270594980e-01,-1.031257135635828132e-01,6.549706243926035620e-01,5.215263449175479016e-01,-6.581981927883472361e-01,7.201868653496656947e-01,-4.417706570845782443e-01,1.765131621572688103e-01,9.783029188780040242e-02,1.046487614971928659e+00,-6.549428364625192733e-01,2.116845371783123431e-01,-9.046685667002402065e-01,-1.693381911969343845e-02,4.212078612500215202e-01,2.284802720632399975e+00,-1.801012133633929369e-01,1.028091172007504356e-01,3.206018038331149844e-01,-1.096639891262177341e-01,1.296312232683930199e-01,7.521694519134302093e-01,1.701397623846656326e-01,5.967114263517513395e-01,4.386953215904138004e-01,-4.677254293973612254e-02,-8.999997314520130631e-02,4.499997652995606917e-02,2.936546063932150008e-01,-4.622578165815819928e-01,-4.448925231825147097e-01,-9.711919785928103260e-03,2.077466588669788731e-03,2.091517624018566363e-02,-3.443826659498300247e-02
-7.801097941467838304e-01,9.295654865743975537e-02,-9.792222742476967834e-02,6.109001772091176008e-01,5.073110420228001960e-01,-6.642084398859411376e-01,6.843750967341969416e-01,-5.531901428531345033e-01,9.237146736725493357e-02,2.443750728203052114e-02,1.248336652411596193e+00,-7.536896941586967991e-01,2.174550731576599671e-01,-9.288000188765165310e-01,1.023176893563829265e-01,4.807687209360845815e-01,2.169914651398734406e+00,-2.747990812108577208e-01,8.503446678952249205e-02,3.384238752041401899e-01,-6.889650146087784865e-02,2.875415407656508049e-01,7.397884405349693937e-01,2.495797132191779899e-01,5.127173197537016058e-01,2.725886923194168476e-01,-4.794569378858049707e-02,-8.999674310345261163e-02,4.499492478418997549e-02,2.395348120862149099e-01,-4.658434240688185679e-01,-4.581122745991914047e-01,1.079772645332231495e-01,9.279250684376042337e-04,5.600360642665937888e-02,-3.566002991862618487e-02
-8.190186307264462062e-01,8.216954301878193201e-02,-1.050701178564985155e-01,5.580474164949456028e-01,5.004967246125905378e-01,-6.745350613391274397e-01,6.697027597451453707e-01,-6.153135424847263613e-01,5.697461587595048157e-03,-5.731602329452018668e-02,1.326574421340340315e+00,-7.853335661009338553e-01,2.190478154804613997e-01,-9.346682496108251748e-01,1.510076340471487033e-01,4.491916749631833516e-01,1.901120859123070828e+00,-3.770729444082833726e-01,7.071119277720229468e-02,3.809528853547872740e-01,-4.976620594885908938e-02,4.124476413586201096e-01,6.688722548362290299e-01,3.607682214458647341e-01,4.736992520775841209e-01,1.389569884475048145e-01,-5.076457670346538886e-02,-8.999656371492253948e-02,4.499568666128093974e-02,2.875964629727761346e-01,-5.206645895027847137e-01,-3.744757095314102946e-01,2.136016448601517626e-01,1.962736848408390931e-03,8.526619097999880992e-02,-2.180244237172711264e-02
-8.560437726766720878e-01,5.778195850733024164e-02,-1.188989821694624027e-01,4.997132543485445777e-01,4.993803154428179125e-01,-6.914389471204273052e-01,6.647617944251575928e-01,-6.600495884440981120e-01,-1.035274473808538986e-01,-1.280627304793403032e-01,1.338335449223297058e+00,-7.854018596588288048e-01,2.212781431695101664e-01,-9.239748404096478351e-01,1.454439598418496293e-01,4.525555472005761692e-01,1.588315652964455316e+00,-4.873581343451640624e-01,5.358628878233079318e-02,3.623419631170581301e-01,-4.404183675076073223e-02,3.953732567510437335e-01,5.717799387517983334e-01,4.269791872514242526e-01,4.252619850629952847e-01,1.395246264230042554e-01,-4.923656418421223230e-02,-8.957458958152515749e-02,4.499809753899276094e-02,2.820004352300192751e-01,-5.472576848714908460e-01,-2.543660502146963820e-01,2.959097947541873275e-01,4.313177713355043942e-03,1.051501236753729224e-01,-4.037967868952246041e-03
-8.859157676231311784e-01,2.881409201914947316e-02,-1.312598197255396282e-01,4.439525430757764735e-01,4.945847465363480411e-01,-7.052553640641915367e-01,6.595258012928740809e-01,-7.105809171097031696e-01,-2.096041983518840690e-01,-1.836876915496990503e-01,1.346164238171360328e+00,-7.771988787922066155e-01,2.078703953304070762e-01,-9.521324039471968925e-01,1.129158817678307669e-01,4.607251612115408346e-01,1.274929308244920900e+00,-4.850936883722922754e-01,4.701126784774110196e-02,3.278443574790419479e-01,-5.319884720302428538e-02,4.065789524850146330e-01,4.830159324402971688e-01,4.681790699446373161e-01,4.188078628094622502e-01,1.700346992914121003e-01,-4.932510335303884330e-02,-8.353540873046343129e-02,4.499675180212224512e-02,2.023951142861185326e-01,-5.523272898396287545e-01,-2.043346527574269045e-01,3.274695175474243714e-01,3.959539679547107588e-03,1.094521704232198217e-01,2.075325992394384377e-03
-9.073765379004223863e-01,1.063057137812170767e-02,-1.495058133855310389e-01,3.926866704943635100e-01,4.897609195588475406e-01,-7.246991308674934906e-01,6.606479019548113785e-01,-7.384834745658993560e-01,-2.739768956456545279e-01,-2.562271009166834923e-01,1.333229567863358778e+00,-7.693064487391603201e-01,1.847188290017344470e-01,-9.676809939342941869e-01,1.055556440648546535e-01,4.977717030689031152e-01,1.017176794269992968e+00,-4.510003634718849908e-01,5.960072276785578077e-02,3.053329845725571423e-01,-5.886520625692584496e-02,3.817291978850184675e-01,3.767475839184175057e-01,5.017874878196912913e-01,4.177644633159787735e-01,2.341115358992318929e-01,-4.902772965819338774e-02,-5.966879722512021672e-02,4.499653829493846513e-02,1.208367801367751931e-01,-5.279578634431085771e-01,-1.793438794053995589e-01,3.451027956106025307e-01,3.177654247244616949e-03,1.108754986995288405e-01,4.453425076882354221e-03
-9.230914620601935461e-01,3.531845115681042473e-03,-1.647179279778816785e-01,3.475020617842815573e-01,4.879219421357035014e-01,-7.487821754216126280e-01,6.657828223866559814e-01,-7.299274145750015430e-01,-3.038560822878905721e-01,-3.374554335285089302e-01,1.305987595689370062e+00,-7.677500806668687838e-01,1.644912130968434472e-01,-9.625369358826360022e-01,1.271635578145006717e-01,5.332604963123932507e-01,8.563991264403038040e-01,-4.207029322014275152e-01,7.816218580672260052e-02,2.952072420239152950e-01,-5.099558262046409440e-02,3.268888244624697514e-01,2.669422878229669172e-01,5.322491979656813754e-01,3.733700196677333660e-01,3.287517106140448453e-01,-4.864200737591609092e-02,-1.359613107821503429e-02,4.499290715497661353e-02,4.563631317279667060e-02,-4.902460619386231899e-01,-1.532324499976208121e-01,3.799609925864941284e-01,3.121659446467174581e-03,1.182190745168526791e-01,7.209466618656310520e-03
-9.348966911142283509e-01,3.797481136326424228e-04,-1.726095722478198091e-01,3.101192807670334339e-01,4.832930192341409747e-01,-7.723343314431575513e-01,6.686907444316513294e-01,-7.123882359670922204e-01,-3.152851322274515256e-01,-4.082111734137133796e-01,1.289314272550725837e+00,-7.795650906331996755e-01,1.402003664283824336e-01,-9.678726246655910970e-01,1.120641798878973944e-01,4.824013542924123765e-01,8.994231654103136409e-01,-3.510379747475529943e-01,7.630350443421175799e-02,3.066738148148122622e-01,-3.194213814964611681e-02,2.992645858964851913e-01,1.519009989524356952e-01,5.542978617377483097e-01,3.135454590243068607e-01,4.181843307386853281e-01,-4.885921867762019893e-02,3.519958709941633374e-02,4.282520719788564939e-02,-2.311171636252360231e-02,-4.464238943400349324e-01,-1.535093549347066044e-01,4.160418747975171416e-01,2.234792635954975515e-03,1.268640146765598609e-01,5.778872160445374002e-03
-9.494323728503888393e-01,-9.014432339313970324e-03,-1.765647122016499038e-01,2.594644711678818494e-01,4.769037282117039589e-01,-7.999203458887697016e-01,6.738009785439819099e-01,-6.830963544889163686e-01,-3.425194509514110086e-01,-4.968238711684659914e-01,1.249115995259588718e+00,-7.744754370925831521e-01,1.076163988716028058e-01,-9.835699664333342751e-01,5.870697691308388727e-02,4.114748624854331904e-01,9.761989117702337682e-01,-3.849194000676711691e-01,9.303041013894204625e-02,3.144061841472453600e-01,-4.307372234176264775e-02,2.829854754765997460e-01,2.720482178325727210e-02,5.719775291709568998e-01,2.906280210507918293e-01,4.637748014301232846e-01,-4.912263729539147195e-02,6.243779513549171933e-02,4.442670088968968950e-02,-7.120486337973450097e-02,-4.054243433411547914e-01,-1.433248438168578109e-01,4.313664697462725739e-01,2.047476039563695099e-03,1.290559804842310310e-01,6.610140829517397940e-03
-9.621359246824182643e-01,-2.381032185329774037e-02,-1.753744595514926397e-01,2.072952723671535324e-01,4.698532089452789884e-01,-8.295173715065945474e-01,6.726747527547680683e-01,-6.565123798362805241e-01,-3.774152360322923228e-01,-5.793701632565023685e-01,1.224119304322393242e+00,-7.854029069369117266e-01,5.552704133112922047e-02,-1.006173601315142108e+00,7.580273227586314597e-03,3.673642841754252153e-01,1.088626372429496225e+00,-4.280725552691972413e-01,1.214427114289887560e-01,3.166871179496766331e-01,-9.718196255161964947e-02,2.766183821385492791e-01,-1.144556857840146047e-01,5.530532263527133674e-01,3.167341308225177232e-01,4.985342852310397088e-01,-4.768383166582532140e-02,8.028732318288550607e-02,4.499820881559157826e-02,-1.051267919134676876e-01,-3.869498326711064418e-01,-1.148745808685563141e-01,4.329689136806399996e-01,2.945811676192834801e-03,1.276014001721583468e-01,1.059086918157088088e-02
-9.720187619067253149e-01,-3.418262534305259448e-02,-1.691133927110480273e-01,1.594105863226534803e-01,4.676787072886964269e-01,-8.606791342341489903e-01,6.749273535542478220e-01,-6.038666105765286840e-01,-3.906654250188374422e-01,-6.617706970107132269e-01,1.178395287874268949e+00,-7.854026583785856941e-01,2.085792978539101339e-02,-9.896404229669533148e-01,-4.146896481267461215e-02,3.183189658704623781e-01,1.160096218380520572e+00,-4.756323947088506587e-01,1.404431157068318226e-01,3.251109135855864141e-01,-1.388116978783352773e-01,2.774780191548996133e-01,-2.036825609762480116e-01,5.378255199738275483e-01,3.204230513962175730e-01,5.112734062723498507e-01,-4.708437839575793649e-02,8.832968434114149558e-02,4.499235587391568064e-02,-1.215761938479592713e-01,-3.832365573058746921e-01,-9.566206036682500802e-02,4.039082357937306411e-01,3.270878648000775067e-03,1.183047025746221947e-01,1.277057578106723795e-02
-9.787417094441797083e-01,-3.787669130077007951e-02,-1.627339745155192141e-01,1.189440035847687260e-01,4.632068186538536581e-01,-8.912102141889904905e-01,6.788200982587292431e-01,-5.550872595562722500e-01,-3.745348316099709196e-01,-7.394314218607817013e-01,1.125807914813961919e+00,-7.854029691122976775e-01,1.086734745881987388e-02,-9.534019581463849535e-01,-7.513508725627500440e-02,2.570432665005166206e-01,1.180791489340963007e+00,-5.211971769153029843e-01,1.511943558659862297e-01,3.314715280489685667e-01,-1.832001601426251902e-01,2.910430769758653446e-01,-2.668955259751371600e-01,5.106243425765945032e-01,3.141932362787920874e-01,5.019879151201643852e-01,-4.711002420507900967e-02,8.787109943506753174e-02,4.499971971654946612e-02,-1.478097462116556293e-01,-3.724531869815048135e-01,-7.218903499318586603e-02,3.716957605768494988e-01,3.762948070617353011e-03,1.088783228429457267e-01,1.586656205276369691e-02
-9.840967286312447548e-01,-4.302308718116396730e-02,-1.523430081562751615e-01,8.058691291135001988e-02,4.629660761578726080e-01,-9.162192185583719617e-01,6.816632721263070627e-01,-5.034151965704638521e-01,-3.674203500661876176e-01,-8.028348347139506735e-01,1.078511810924603687e+00,-7.854008558995858591e-01,2.368267065130190419e-02,-9.077645686787503276e-01,-1.128217099640362181e-01,2.055185612887534818e-01,1.202815371760485696e+00,-5.657228760468329121e-01,1.509322730642790322e-01,3.411069384665731397e-01,-2.039451941307893201e-01,2.960967276084127131e-01,-2.977595690769093140e-01,4.674245796456509283e-01,2.830126466593445023e-01,4.833712791079727844e-01,-4.816151020701121832e-02,8.470884910228107523e-02,4.494580737766418199e-02,-1.602516515046334966e-01,-3.731142491582734588e-01,-5.789186956674231832e-02,3.484817250720275150e-01,4.033743037944508870e-03,1.025795811221382747e-01,1.807156716074796027e-02
-9.884054914072949449e-01,-4.482925249641404181e-02,-1.373231930510162568e-01,4.676818712319402022e-02,4.631724672837594370e-01,-9.414183056046440123e-01,6.847712759862701892e-01,-4.460673216916624662e-01,-3.458046549703388539e-01,-8.579683303520685422e-01,1.033541202958953464e+00,-7.798049963307354115e-01,4.705138554433063031e-02,-8.459821118569482712e-01,-1.365455037239234892e-01,1.482849363645226126e-01,1.212184546542271146e+00,-6.072050044082216713e-01,1.401491940295482574e-01,3.514242068898909555e-01,-2.222784007687350627e-01,3.068796161954542301e-01,-3.133199715639616856e-01,4.262114427489567814e-01,2.586175608855023067e-01,4.582488457787010638e-01,-4.909794951922123729e-02,7.937589609058880169e-02,4.499952052663438312e-02,-1.609429378313876335e-01,-3.735223277849077927e-01,-5.580130197036448081e-02,3.324445369918452853e-01,3.910371451882215833e-03,9.877891503867688994e-02,1.845607257537024148e-02
-9.923479473678867846e-01,-3.809207183614832931e-02,-1.129113507622327428e-01,-3.233531021993754639e-02,4.603158863658574629e-01,-9.675090022055329309e-01,6.889642299337098708e-01,-4.852216169097428589e-01,-2.653110929195010570e-01,-6.962304698929978608e-01,1.017758748512191724e+00,-7.339322445019098584e-01,9.078493616710953118e-02,-7.393812857378673220e-01,-2.106238823039311980e-01,9.434523708585749319e-03,1.218292944907143571e+00,-6.479614933514507014e-01,1.137539409742462093e-01,2.995068706654902546e-01,-1.892032078609370283e-01,3.420171077677359173e-01,-3.410335173985848956e-01,3.730973344840843309e-01,2.160933322040149429e-01,4.225469523606892319e-01,-5.063314407737284917e-02,7.144016584581119877e-02,4.477304768767095128e-02,-1.444398900352258652e-01,-3.866107880207818592e-01,-7.664041027213931712e-02,3.221787255598211885e-01,3.074164582853787259e-03,9.671912427270966395e-02,1.574807527157446110e-02
-9.910343976416106093e-01,-2.847916203459244580e-02,-8.791883907148624611e-02,-9.648853692154003847e-02,4.588674940681118919e-01,-9.897026768925578644e-01,6.952330910850192947e-01,-5.045168272288833577e-01,-2.067532582432184962e-01,-5.529989835915756213e-01,1.032606109248299875e+00,-6.739790894407172717e-01,1.335481459400361670e-01,-6.193011919680025956e-01,-2.461480600467132462e-01,-1.226799221001111800e-01,1.185717084696279233e+00,-6.677531987069751374e-01,8.832732453866679045e-02,2.632192636299019450e-01,-1.586758603860531913e-01,3.903466608236783597e-01,-3.453388807068161204e-01,3.161056983870859094e-01,1.753736467777579355e-01,4.284552876901902563e-01,-5.178810838025185020e-02,7.619204433348307492e-02,4.456184429954057613e-02,-1.342940897022935620e-01,-3.900958294996299536e-01,-1.045880066226133748e-01,3.138116639828107957e-01,2.004392109463427711e-03,9.524726185270619705e-02,1.169819860508273211e-02
-9.863561024806214439e-01,-2.265047825776798918e-02,-6.247783770677442505e-02,-1.506157851269847303e-01,4.559339524593969961e-01,-1.011238935773815850e+00,6.995957460294449648e-01,-4.906486948430674455e-01,-1.474622500681159465e-01,-4.311197213442652942e-01,1.031810378806210959e+00,-6.554747933918148028e-01,1.768935594505523234e-01,-4.988750045336731165e-01,-2.589570999913630711e-01,-2.423514408182068092e-01,1.130424454676787205e+00,-6.986555688259190600e-01,5.277838293835738354e-02,2.364408647612505909e-01,-1.201457476494735138e-01,4.382561895943258845e-01,-3.450366036663417568e-01,2.784733091389028359e-01,1.337003395439205766e-01,4.501368119931494216e-01,-5.304513764680629517e-02,8.439493298186123704e-02,4.375301957763569338e-02,-1.229205740200315089e-01,-3.858272975214036560e-01,-1.164526891086402893e-01,3.332658025986723893e-01,1.743806782091039589e-03,1.016021345686532740e-01,1.055778265796669148e-02
-9.771991726658459942e-01,-1.801968624099510238e-02,-3.828070104383209105e-02,-2.080664696114083168e-01,4.581910525757763586e-01,-1.031071564765498438e+00,7.044855551403933491e-01,-4.590608652173983062e-01,-9.520622341829811097e-02,-3.290208926791850508e-01,1.030199154723992372e+00,-6.402023258784145243e-01,2.132781239391784434e-01,-3.747396238442774474e-01,-2.630497215497896724e-01,-3.662112062539089608e-01,1.072857107951906919e+00,-7.140002489393425522e-01,3.847592158828283537e-02,2.106577739849679887e-01,-9.663922849554498762e-02,4.679955282353934209e-01,-3.333414669855406243e-01,2.368083573450351642e-01,1.025339667682121925e-01,4.720414746371029979e-01,-5.401757705438627044e-02,9.059401949899827111e-02,4.401819273218426920e-02,-9.261906512452966478e-02,-3.746185251460070753e-01,-1.310033562632068882e-01,3.513022381781085723e-01,1.275835026204873027e-03,1.065849677708175514e-01,8.880964821450185523e-03
-9.648946931878840116e-01,-1.406382081846054705e-02,-3.180968449531501596e-02,-2.603239980757711125e-01,4.633023430573216528e-01,-1.046883096390445411e+00,7.090438224054661509e-01,-4.446009229453031786e-01,-6.827552736197591010e-02,-2.583312932127058148e-01,1.025360767951998930e+00,-6.245958725726549199e-01,2.356126565909337778e-01,-2.976020750959574301e-01,-2.603444741105021554e-01,-4.746387298230081431e-01,1.016495981621392541e+00,-7.170866957456604185e-01,-5.479417282617166096e-03,1.764552788811550865e-01,-9.021337343863196356e-02,4.679996755405867459e-01,-3.168357602331944300e-01,2.109253286685505158e-01,9.001008809521712783e-02,5.232223293626037108e-01,-5.406074409579966766e-02,1.033433406139091099e-01,4.497843860742752747e-02,-5.400965416849645706e-02,-3.479367552657212093e-01,-1.375629481231862294e-01,3.762655792777026553e-01,1.136877142807997529e-03,1.131307264311951638e-01,8.384880059368791938e-03
-9.502341440912959181e-01,-1.391002318945109423e-02,-1.976054770418589693e-02,-3.105979771543626589e-01,4.711420783204710583e-01,-1.059778299156181047e+00,7.123172927177038316e-01,-4.016857177033861803e-01,-6.887296821291444271e-02,-1.993085750067180861e-01,1.025748907782635388e+00,-6.193146393748396594e-01,2.349440507474593043e-01,-2.055183459362474319e-01,-2.535177811334564657e-01,-5.772292070814062370e-01,9.598252567230252108e-01,-7.254074285689934287e-01,-1.332754392988299078e-02,1.420090245784298155e-01,-9.586639137573643721e-02,4.679991656601638628e-01,-2.946856125751592392e-01,1.956642160915383899e-01,8.222348067497631252e-02,6.038021613906354723e-01,-5.356056452003715024e-02,1.208500636349555124e-01,4.497461699464996854e-02,-1.160403704723307269e-02,-3.050215037851445876e-01,-1.415233467333154305e-01,3.940862820921077758e-01,9.516392803576558196e-04,1.172637071339367454e-01,7.773752436029262268e-03
-9.358816647027913271e-01,-1.109842185286694614e-03,-2.471515265867387998e-02,-3.514447881993903455e-01,4.693992418680180134e-01,-1.072780116792548144e+00,7.178579978638831571e-01,-4.045112208477999460e-01,-4.812563022208249386e-02,-1.446416303902876843e-01,1.024657143386551672e+00,-5.975113952797154182e-01,2.292855177092594232e-01,-1.859890992966748979e-01,-2.243747841841885471e-01,-6.632208414548864672e-01,8.944016243135953781e-01,-6.976378396165662243e-01,-4.522955360743918796e-02,1.132326112126382928e-01,-9.139375618049973282e-02,4.679995379576016856e-01,-2.846077327471954188e-01,1.619206492381327911e-01,6.282794002742218831e-02,6.696978774492952091e-01,-5.407627174101366230e-02,1.317005025869912027e-01,4.494386088683309521e-02,6.327663971688466532e-03,-2.512708349376621131e-01,-1.512655088520491187e-01,4.134941194857140179e-01,4.099116223917466471e-04,1.223161956169547537e-01,5.583544702541801824e-03
-9.191521835959750586e-01,1.120980836799272476e-02,-2.841360088875300588e-02,-3.927165273726567762e-01,4.660840077744504706e-01,-1.084446369793616416e+00,7.175966180267784322e-01,-4.113921931428654033e-01,-2.353327424823243447e-02,-9.272716684510318164e-02,1.018165652962595757e+00,-6.238445986293632561e-01,2.157354213306528767e-01,-1.830096477900034491e-01,-2.128492219575314759e-01,-7.446977383767319214e-01,8.761033451295059393e-01,-6.899722941899185669e-01,-4.971321506714983934e-02,8.309425590889887858e-02,-6.358483111570355228e-02,4.679998548068023401e-01,-2.911692853216204524e-01,1.491982562582176153e-01,6.767798993190499157e-02,7.319810763797777176e-01,-5.303074046956356841e-02,1.377923455084963389e-01,4.499081357670755427e-02,3.074602925000242265e-02,-2.098624719898165292e-01,-1.656026843517531266e-01,4.388743066816649940e-01,-2.594288993171749527e-04,1.294509196922918604e-01,2.730975900466799718e-03
-9.006630707539770020e-01,1.943464852090399930e-02,-3.012704745228332592e-02,-4.330365901730399703e-01,4.645046587841723529e-01,-1.093392190114761631e+00,7.224298913066220518e-01,-4.009396070053027894e-01,2.612092346295384268e-02,-4.356739766608903192e-02,9.701990277168655030e-01,-6.408811327157424298e-01,2.324766156290433150e-01,-1.593727449178122813e-01,-1.983034113537359144e-01,-8.242301753221689120e-01,8.221192264374055370e-01,-6.659692303352388043e-01,-5.450704355827793585e-02,5.598990216596567981e-02,-5.275453689201783231e-02,4.679997237192909387e-01,-2.981702016064958216e-01,1.429099202710658045e-01,8.597427753141219375e-02,7.850271797769688975e-01,-5.118405378540330508e-02,1.399911006516277312e-01,4.498728645883860733e-02,6.175635415634082165e-02,-1.707217513717662061e-01,-1.686207332192964647e-01,4.787741715983063751e-01,-3.284806227768674830e-04,1.399876362953830500e-01,2.116187252362157056e-03
-8.829021488089096037e-01,3.124516249816790964e-02,-3.035127949846025061e-02,-4.675321756648191385e-01,4.618922042221556001e-01,-1.102437420254468670e+00,7.229307496441238490e-01,-4.056612561495904767e-01,6.014407971348957604e-02,-2.411897275014437958e-03,9.715098485287917418e-01,-6.625397279182018151e-01,2.328484516990369790e-01,-1.524091018304623013e-01,-1.797023629028370872e-01,-8.929941537175117849e-01,7.945201907881277448e-01,-6.545618312024149565e-01,-6.486887349494278865e-02,3.490762320084381948e-02,-3.104071217619653114e-02,4.679997772471308215e-01,-2.985155250970956131e-01,1.349311785026313659e-01,1.072502597799052937e-01,8.447178816865085205e-01,-4.886263039861103025e-02,1.423262953552202892e-01,4.498978264879499589e-02,7.645695123698834084e-02,-1.273091481482933052e-01,-1.654740547050270738e-01,5.318514888266760998e-01,-1.178168791916786188e-04,1.529318033440212055e-01,2.837762975981894878e-03
-8.675125703270786248e-01,4.039862054151829168e-02,-1.641614239946713460e-02,-4.955001534324366408e-01,4.601853982837021961e-01,-1.104994783204807707e+00,7.220095174920281300e-01,-3.753666185176243175e-01,1.083509625137410864e-01,2.004811233867668033e-02,9.799383492036436438e-01,-6.738607281873949528e-01,2.356198254087162602e-01,-1.120964553984103718e-01,-1.500017579396547840e-01,-9.477005021767684889e-01,7.685202891539208991e-01,-6.515111062407420439e-01,-7.603146641565158848e-02,2.408620275412356668e-02,8.132971240598561814e-04,4.679999991235581080e-01,-2.851154763271602222e-01,1.248134189214627210e-01,1.310772132295184578e-01,8.956130623090230447e-01,-4.634598759107292493e-02,1.415216804778819670e-01,4.499996010264631363e-02,1.077455229712126206e-01,-9.431955130677861787e-02,-1.560117124001617339e-01,5.799737070378327974e-01,4.142680997427367734e-04,1.634089575381967863e-01,4.688274404965618418e-03
-8.504772604610445486e-01,5.111610307585583157e-02,-6.739271746793808020e-03,-5.234788970544446141e-01,4.556132509500445682e-01,-1.107638092121697726e+00,7.214498710327708064e-01,-3.527139486484823228e-01,1.519929089577251591e-01,4.833747782551304356e-02,9.891132877731959594e-01,-7.015007939305101248e-01,2.356051256803454730e-01,-8.822989013812307380e-02,-1.275392666605263681e-01,-1.001941484372709024e+00,7.483934389863161618e-01,-6.429407412636268804e-01,-8.364806772648655797e-02,9.688590048082042216e-03,3.231891407394261312e-02,4.679999540658169033e-01,-2.743624657177848314e-01,1.090171812854156264e-01,1.573138593753520553e-01,9.513782440985186772e-01,-4.322605124450350222e-02,1.412884462256193407e-01,4.499815408793012700e-02,1.275050865162535574e-01,-6.520414151354933519e-02,-1.480975588746220595e-01,6.253743924796675291e-01,7.753618654989557265e-04,1.722401505540307465e-01,6.383779486215342309e-03
-8.389713271449241727e-01,4.961994397178385446e-02,1.464130618267163279e-03,-5.419066614376079061e-01,4.493376961399518366e-01,-1.109107665748273464e+00,7.209754885184174178e-01,-3.567142785204575062e-01,1.364864500450935492e-01,2.264110288511827704e-02,9.999923740502079106e-01,-6.962533300194868602e-01,2.153994657184788719e-01,-6.588707221498057987e-02,-1.445931441722173860e-01,-1.037453991685698851e+00,7.634576107257626809e-01,-6.426609001045145986e-01,-7.156575457324819423e-02,8.297569415213356184e-03,3.999662761940868394e-02,4.679999913889502650e-01,-2.615790429158319497e-01,9.596155234427612701e-02,1.845025812090558825e-01,1.008554507854260374e+00,-3.966282839415286726e-02,1.400422561426172552e-01,4.499966675365653368e-02,1.365688373184264226e-01,-3.799078684197822187e-02,-1.366691778304041649e-01,6.578266084604832420e-01,1.315931221609331365e-03,1.768973849866412595e-01,8.670601684628085129e-03
-8.272483535438022173e-01,5.031840372901635883e-02,5.722764718592230834e-03,-5.595493452495566844e-01,4.427582572011082296e-01,-1.112747934492512414e+00,7.190457544616255525e-01,-3.768557377724165991e-01,1.160393290244202402e-01,-1.330693402223383226e-02,1.018596749335599183e+00,-6.909509043022212804e-01,1.763420217095386933e-01,-5.927362834592254243e-02,-1.675980500081135915e-01,-1.078205919728064677e+00,7.943436226127497113e-01,-6.523259919371349191e-01,-9.029174502701395322e-02,4.234460984359650869e-03,4.124730258068757399e-02,4.679999989364534430e-01,-2.543107769861169265e-01,9.147347816985133828e-02,2.119679715531513076e-01,1.058147851788991511e+00,-3.591106199064249965e-02,1.360419956655264107e-01,4.499995761678648315e-02,1.484773268442146632e-01,-1.075772227999644524e-02,-1.286444622214938382e-01,6.897143394551326079e-01,1.574460690738893782e-03,1.827827082770867584e-01,9.710196778387030977e-03
-8.132449343978342959e-01,4.879037943070744371e-02,8.213558980775255425e-03,-5.798143780557182270e-01,4.338080421211616966e-01,-1.114149286851868759e+00,7.200041860984123243e-01,-3.834777440183194663e-01,8.147874143975472605e-02,-4.703949622771418093e-02,1.009876123487218669e+00,-6.705184787565700022e-01,1.206107982415081104e-01,-4.861356555524104506e-02,-1.996452952164140260e-01,-1.115984040278548584e+00,8.191006810166627794e-01,-6.595341280542268425e-01,-1.258761308532339862e-01,-6.000822905231539307e-03,4.818992293560463852e-02,4.679999555170675229e-01,-2.477313135653225196e-01,8.136860858925756834e-02,2.373191168317864141e-01,1.099966914712501742e+00,-3.226143511384187146e-02,1.299761261736998574e-01,4.499822610802356460e-02,1.506363337380419443e-01,-2.368466918664647453e-03,-1.278961510200024021e-01,7.024860861667577838e-01,1.190304842655350330e-03,1.830930864752439435e-01,9.674032745158312602e-03
-7.999792722138453493e-01,5.453363117213848310e-02,-8.001246986218976762e-04,-5.975438116990705595e-01,4.246021943316617975e-01,-1.120316146613900221e+00,7.255493758304647489e-01,-4.176335985201362067e-01,5.297783706241879914e-02,-6.766471804650647792e-02,9.749158963946429335e-01,-6.225641647050287331e-01,8.183050053270712887e-02,-6.774579924625855065e-02,-2.175572922691656752e-01,-1.157739451330815239e+00,8.058500993025450310e-01,-6.503005970610938880e-01,-1.614841113383753968e-01,-1.228973028819891830e-02,4.495268227458286414e-02,4.679998447650254301e-01,-2.518482181173584689e-01,7.558874420066745425e-02,2.622845781306026303e-01,1.126187874525938160e+00,-2.896037704867977097e-02,1.200958343616666257e-01,4.499374788322665908e-02,1.438391871320718884e-01,4.467163377399565281e-03,-1.279407941141581795e-01,6.985463037242486406e-01,8.007875475809166609e-04,1.795413434024784316e-01,9.604713131893932374e-03
-7.869303741092333881e-01,6.460583690310801874e-02,-1.500633679504850132e-02,-6.134667733450155369e-01,4.142925943898237984e-01,-1.127893204959938611e+00,7.302844583421260749e-01,-4.687595717586795496e-01,2.591912710011954127e-02,-8.121248893112986700e-02,9.401663507802534570e-01,-5.707045226941511729e-01,4.510639421503902236e-02,-1.055186865489182862e-01,-2.390449762764301489e-01,-1.197788989947371041e+00,7.951404293476540541e-01,-6.302107429370559233e-01,-1.939963556843518067e-01,-1.736470607379856160e-02,4.900345572470415911e-02,4.679999776162712677e-01,-2.652277862671065245e-01,6.581043595114832723e-02,2.842097083299758298e-01,1.137097436683466745e+00,-2.644611897340651274e-02,1.086200289018461607e-01,4.499892942092231091e-02,1.288990589687629973e-01,6.014045096114232006e-03,-1.310589451933264482e-01,6.827257003318888406e-01,2.756768730021789374e-04,1.742203197225231648e-01,8.907112987545503721e-03
-7.748551821632775338e-01,7.165465533790633945e-02,-3.542219802437025084e-02,-6.270648490628716321e-01,4.043958744894753377e-01,-1.136487930289129311e+00,7.362076737314304786e-01,-5.137778112055997326e-01,-1.993616399331423622e-02,-9.701976140618127908e-02,8.838959914930808459e-01,-5.105594917071774042e-01,4.972675640884877124e-02,-1.510732131055446681e-01,-2.741276990067050279e-01,-1.232266855331784150e+00,7.789853486698224971e-01,-5.955690590068135615e-01,-2.041854490263161626e-01,-1.821011925611366530e-02,4.979749778009456840e-02,4.679998704910712792e-01,-2.824638657727820412e-01,5.649704672161991181e-02,3.021725638862322594e-01,1.140232700382450615e+00,-2.475105423877750621e-02,9.796250553051823184e-02,4.499274262454694417e-02,1.049180066656446031e-01,-4.335255354097302359e-03,-1.459376250403511543e-01,6.517836882067097326e-01,-1.013840231396262188e-03,1.653307756314505716e-01,6.525325397948671634e-03
-7.633211902192934550e-01,8.199478668899072564e-02,-5.617853342488138280e-02,-6.383271793526088533e-01,3.957947656074464193e-01,-1.145279062048328633e+00,7.394865818774178923e-01,-5.699366587738561307e-01,-5.828690463820430934e-02,-1.118450267353248567e-01,8.451284663938890551e-01,-4.581819027898673680e-01,6.012921858797506958e-02,-2.046830121651064260e-01,-3.061676730107059652e-01,-1.261606347957034746e+00,7.738361963711235525e-01,-5.760736027196068365e-01,-2.168882578268467587e-01,-1.816604446959888680e-02,4.615537892170352291e-02,4.679998749255937507e-01,-3.043663608661691389e-01,4.841406119180415718e-02,3.198101951151327560e-01,1.135653474458446333e+00,-2.330440228179381235e-02,8.717687475929986052e-02,4.499188378854265119e-02,8.962074871003669618e-02,-5.327461060192863196e-03,-1.494511161946001920e-01,6.255649431882500666e-01,-1.203164482469036133e-03,1.593581153761623737e-01,6.076962268588127422e-03
-7.496558400927949561e-01,9.109239730726403916e-02,-7.215617991824892219e-02,-6.515456870144922252e-01,3.861047116158739523e-01,-1.152037524338922925e+00,7.412500121863848657e-01,-6.163658959470945664e-01,-9.246409019011998798e-02,-1.149553674500573275e-01,8.126049127861675325e-01,-4.130595608718743983e-01,7.499819484970848826e-02,-2.496187323193521379e-01,-3.420000607278609883e-01,-1.276017343031416340e+00,7.836555642407667666e-01,-5.730076702356821094e-01,-2.286800602318398712e-01,-1.932182120674687947e-02,6.064620311439677253e-02,4.679998327595182306e-01,-3.254440543507848282e-01,2.946108519475507462e-02,3.329574445196074595e-01,1.126286857204691572e+00,-2.239515223360351651e-02,7.751637015230071481e-02,4.498644438457529565e-02,9.119323072526344665e-02,-6.833311070924862236e-03,-1.454874802915446241e-01,6.086513698577632470e-01,-7.442239817692463235e-04,1.569699184657869229e-01,6.565594572298751042e-03
-7.377372314550707522e-01,9.848050059909446707e-02,-8.481989967457577440e-02,-6.624582650597349298e-01,3.778855610197244808e-01,-1.157652890605249674e+00,7.414647823021885964e-01,-6.547427122088379514e-01,-1.207203375462141126e-01,-1.139066626206360205e-01,7.899301944000329812e-01,-3.789570244940037580e-01,8.817403527234338179e-02,-2.860153058970560935e-01,-3.765229390771773210e-01,-1.285115133660717390e+00,7.999077465320253433e-01,-5.742971549109515683e-01,-2.262007103500878746e-01,-1.890914692747923745e-02,7.650854157737703443e-02,4.679999021628555300e-01,-3.413800904118846069e-01,9.005442457379215018e-03,3.424520139886282899e-01,1.117625284690703547e+00,-2.181033668521345503e-02,6.997163005154144466e-02,4.498913348841503124e-02,9.169911882062833919e-02,-2.017500948206172456e-02,-1.497127127043886841e-01,5.901423738726330193e-01,-8.393656510569495743e-04,1.539248686665518340e-01,5.738560648684035495e-03
-7.106627085198805593e-01,9.705227248910751336e-02,-6.778534378563363938e-02,-6.935016353922682786e-01,3.734277455274043755e-01,-1.156755535568176896e+00,7.390581826689873735e-01,-6.426648804023651351e-01,-1.581834633935258472e-01,-1.682813635467656777e-01,8.226724162329405177e-01,-3.862302780217355402e-01,9.638524601107184564e-02,-4.093190402619166779e-01,-4.179450198846684783e-01,-1.081692487422447835e+00,8.314130316535640608e-01,-5.256499843585598075e-01,-1.970138086879824890e-01,-5.037577959573565078e-02,1.189733843247074291e-01,4.679998445331444712e-01,-3.492421273424243799e-01,-1.672273257698104337e-02,3.521045760641622890e-01,1.122871808439499519e+00,-2.114386484771063612e-02,6.812461429074989638e-02,4.495611652892894661e-02,1.014280861307548937e-01,-4.316615001615242003e-02,-1.659728545359706597e-01,5.716332108954548241e-01,-1.679118870066817915e-03,1.506733820936240476e-01,3.098908878846992187e-03
-6.907657179484678611e-01,8.984487362421107737e-02,-6.422145903164418190e-02,-7.145951481716302789e-01,3.689722402694678438e-01,-1.156269363219164958e+00,7.350593028774617954e-01,-6.372270757353662995e-01,-2.029027919848489514e-01,-1.851783377404966624e-01,8.417780361753071094e-01,-3.883056063353114706e-01,1.089729883844798020e-01,-4.615235858074947517e-01,-4.211448431452330388e-01,-8.655717580780154519e-01,8.902102147474283411e-01,-5.325141039257100806e-01,-1.760842760816092589e-01,-7.748272343901202452e-02,1.320146549150262583e-01,4.679998054567579557e-01,-3.533637685948452511e-01,-3.551498412466535387e-02,3.619066281804893537e-01,1.127084558893613364e+00,-2.063084731915504691e-02,6.663287024099462386e-02,4.493691955486108641e-02,1.171372186075584909e-01,-5.495223808624172951e-02,-1.768674720519938237e-01,5.635852180280409573e-01,-2.137499010390431307e-03,1.505051904081695646e-01,1.218342331503234881e-03
-6.783501116275888476e-01,7.545598928404782801e-02,-6.068421003125584051e-02,-7.283302454167929207e-01,3.668088539142126958e-01,-1.155099869805538360e+00,7.304212603905155810e-01,-6.179195970108781744e-01,-2.390281245076258387e-01,-1.812252054330349693e-01,8.613080938053299107e-01,-3.985296903586231232e-01,1.205748109381285516e-01,-4.916303604694220453e-01,-4.021034698538301089e-01,-6.693661788457486717e-01,9.419669784979562976e-01,-5.648850043466586701e-01,-1.661777695029583723e-01,-9.275354016358255960e-02,1.201603968556891749e-01,4.679998477154297398e-01,-3.524022273306889885e-01,-4.321567956340451044e-02,3.725377330134324594e-01,1.129983585034914473e+00,-2.022595845538136677e-02,6.545978470424028417e-02,4.494970875661118831e-02,1.338794490508614932e-01,-5.621862672059948357e-02,-1.794698854073543404e-01,5.552334100690266006e-01,-2.137851378023314982e-03,1.497753042259907519e-01,6.426505013457677789e-04
-6.742336527099184185e-01,6.106645794428713914e-02,-5.909010457063894328e-02,-7.336131329313908545e-01,3.666367373034012389e-01,-1.152281127566737062e+00,7.278263957112001137e-01,-5.907973322751485235e-01,-2.572671866616952907e-01,-1.624195526666761813e-01,8.652651600407226251e-01,-4.086308405089250639e-01,1.296488954301869556e-01,-5.031680078942678547e-01,-3.593233264646193970e-01,-5.090655940605277596e-01,9.673856052549406614e-01,-5.962574623692611375e-01,-1.667150511250432843e-01,-9.179418349534877730e-02,9.654448622006253644e-02,4.679999794006773350e-01,-3.483481515064247303e-01,-4.354259780033375993e-02,3.832122305435855525e-01,1.131649700158409821e+00,-1.992765528513944229e-02,6.461639151876108489e-02,4.499323635360551882e-02,1.429334471625523240e-01,-5.341448879860572624e-02,-1.771772054280077724e-01,5.466209731691026308e-01,-1.875838566614938894e-03,1.486202934064130565e-01,8.528228444909505181e-04
-6.847332279681649370e-01,4.650570663796419618e-02,-6.129419733566626033e-02,-7.247210823064119678e-01,3.668066571691169786e-01,-1.150392727652487457e+00,7.251398104323218963e-01,-5.690267365605420347e-01,-2.540330163636786986e-01,-1.097055672633405476e-01,8.646780278217521820e-01,-4.226492184895913051e-01,1.386878796126378988e-01,-5.113839237713415642e-01,-3.644981015999207430e-01,-4.506580181163281074e-01,9.898628470118387979e-01,-5.772124069765223187e-01,-1.494519950011631015e-01,-6.703707432296762692e-02,6.219080816082375729e-02,4.679999344977541220e-01,-3.416127541365128195e-01,-3.866032398715098933e-02,3.930015512237627351e-01,1.130469409869033104e+00,-1.976065563363827576e-02,6.352151623614926690e-02,4.498328742164778987e-02,1.412792427511110616e-01,-4.830580283573530920e-02,-1.731675159135875053e-01,5.406341620626247124e-01,-1.523943780107593366e-03,1.478576450081702798e-01,1.430853107179795580e-03
-6.927376462068027818e-01,3.356195535626786686e-02,-6.060971859156440156e-02,-7.178541709099236501e-01,3.669156859228423495e-01,-1.148292362686057722e+00,7.248893921009750274e-01,-5.362732676083643568e-01,-2.487655178579753767e-01,-7.003260069280632660e-02,8.492546844168163966e-01,-4.319791718638614775e-01,1.284214861891969650e-01,-5.052945751408031150e-01,-3.614774574870768253e-01,-4.024109487256700701e-01,9.979756633302246938e-01,-5.761501862747843150e-01,-1.374015917384078522e-01,-4.157992442509370057e-02,4.150186816719229205e-02,4.679997426534974747e-01,-3.368872966734021701e-01,-3.918400032773623753e-02,3.991839102541348550e-01,1.127524076903715811e+00,-1.982682250094660453e-02,6.237215772529598745e-02,4.482485395849455934e-02,1.407780978952322126e-01,-4.802269707270385296e-02,-1.710574320908664070e-01,5.399661274137760314e-01,-1.271036233751951733e-03,1.477703937170333215e-01,2.134995325418527837e-03
-6.984594001934371077e-01,2.743377510541368178e-02,-6.162849420949084722e-02,-7.124631800776516366e-01,3.705448852831851325e-01,-1.145921229668844799e+00,7.240884653460050169e-01,-5.222495520157138804e-01,-2.370310377593481121e-01,-4.023627329817480031e-02,8.475843599647274740e-01,-4.439718582849322415e-01,1.276475625713317519e-01,-5.065666172760745489e-01,-3.484511833423780680e-01,-3.665373130016481018e-01,1.005520310507563853e+00,-5.853106415914142158e-01,-1.286370822769388744e-01,-2.576446974086287270e-02,9.732595098475696482e-03,4.679999398454059989e-01,-3.337336356921279945e-01,-2.796169835834062464e-02,4.100598779808895533e-01,1.120807229741226818e+00,-1.965240842702496021e-02,6.064180092724175131e-02,4.497099306125618839e-02,1.368832508498653566e-01,-3.924298983940859714e-02,-1.622747778257662699e-01,5.391161669060511308e-01,-6.587020544761341577e-04,1.477202405240763683e-01,3.700047868351062641e-03
-7.046064447472450976e-01,1.992245853880979592e-02,-5.527289809796090414e-02,-7.071617639566418756e-01,3.752733446948589568e-01,-1.142736706942259595e+00,7.232101333712334101e-01,-4.954715636696362391e-01,-2.164376907686584306e-01,-1.664349113219595194e-02,8.566468102963488152e-01,-4.651098766930548689e-01,1.237486122350000273e-01,-4.849740599437043498e-01,-3.247089086479872933e-01,-3.394180084817150500e-01,1.004210736758329059e+00,-5.874992866592186891e-01,-1.057332595962017924e-01,-8.558286667780978102e-03,-1.244871673219730482e-02,4.679998692181711606e-01,-3.260854378606048987e-01,-1.542194087050525325e-02,4.215577009220002891e-01,1.113723058113137876e+00,-1.940641442257634228e-02,5.917434754205785213e-02,4.494765452923508292e-02,1.383253324176008658e-01,-3.843801867123442656e-02,-1.624627237801093693e-01,5.436639529641795754e-01,-5.862417558570653464e-04,1.488675981289708239e-01,3.973841884269671901e-03
-7.082443770725536103e-01,1.560168657039843511e-02,-4.971281895881975860e-02,-7.040419911854953749e-01,3.800236900907413284e-01,-1.140423083655197622e+00,7.214412047227656277e-01,-4.805775525950714555e-01,-1.964537923645949258e-01,8.931357853747477456e-04,8.743555183039563028e-01,-4.869406636235952268e-01,1.186660930428702909e-01,-4.679205615960035369e-01,-3.014183257707085395e-01,-3.194234294411830155e-01,1.005416657280543413e+00,-6.023058485002363849e-01,-8.598005683912106345e-02,4.469604700883839966e-03,-2.805251581274698786e-02,4.679999796855504046e-01,-3.244129647114537551e-01,-5.783809245431013185e-03,4.328438808595885257e-01,1.107887777400860640e+00,-1.915368025688585218e-02,5.826145354549604888e-02,4.499263652086107901e-02,1.326391292817419854e-01,-3.166220326116657435e-02,-1.569360788620090819e-01,5.500232304806063066e-01,-1.998624881054819548e-04,1.503306968624811280e-01,5.081161293840992174e-03
-7.129103608796181213e-01,9.809111514943643848e-03,-4.309387043056096128e-02,-6.998610697939228187e-01,3.831680652031345669e-01,-1.136574834839847670e+00,7.244313807365601043e-01,-4.410882536772057216e-01,-1.791213021700723274e-01,1.498743623768602172e-02,8.538850530587553944e-01,-4.908884768688871469e-01,1.149430573091701491e-01,-4.339670810636828135e-01,-2.759988188843309209e-01,-3.000663491359783497e-01,9.798104056186807131e-01,-5.988417689699874202e-01,-7.695367821123817731e-02,1.774692355103137109e-02,-2.890040944943639625e-02,4.679999662807830529e-01,-3.165076204374042690e-01,-2.615858941128340609e-03,4.443911435825119161e-01,1.099236237447035025e+00,-1.888797368438688284e-02,5.638253931526181900e-02,4.498555022205913412e-02,1.400366438165671912e-01,-3.093121483164113297e-02,-1.593168086853358201e-01,5.668107319825523849e-01,-2.731773775471550963e-04,1.552009903932288770e-01,4.605836728575403438e-03
-7.144982347133506106e-01,5.617436747021750838e-03,-3.670960272503127897e-02,-6.986509300528191968e-01,3.874963790626428373e-01,-1.133788574272633465e+00,7.244392983220674376e-01,-4.182017930206282652e-01,-1.629832267636808496e-01,2.367424321966323658e-02,8.580349612907539614e-01,-5.042569485891683634e-01,1.091546506510278763e-01,-4.083190118726485185e-01,-2.548257283370330972e-01,-2.877950494577359297e-01,9.711379746168884441e-01,-6.017003860417932115e-01,-6.620616321923447622e-02,2.647963671219139004e-02,-3.330895900490939143e-02,4.679999662870570898e-01,-3.133186767453147170e-01,-2.431176288020541181e-03,4.539273306835356903e-01,1.095580290056103134e+00,-1.871619449487829656e-02,5.636678857341091003e-02,4.498569666512951953e-02,1.344197723499031827e-01,-2.884252433285875231e-02,-1.589674427140816138e-01,5.753613518199094390e-01,-2.840457105845541649e-04,1.570451636166064480e-01,4.640005648208473873e-03
-7.152580125719192328e-01,6.443014688059068651e-04,-2.948659882559896001e-02,-6.982378540418614499e-01,3.914368526055726494e-01,-1.130588187485138452e+00,7.244741421659046665e-01,-3.922891165875129760e-01,-1.513109645964130501e-01,2.503156002101053143e-02,8.615248804779442882e-01,-5.167037086938820467e-01,1.032727710372944446e-01,-3.786417124710302895e-01,-2.354388524640576019e-01,-2.773659673495187383e-01,9.631813097589485562e-01,-6.085998939248055128e-01,-6.205630857141337942e-02,3.212917262048901185e-02,-3.331328921308818886e-02,4.679998930251917932e-01,-3.098482273080548355e-01,-5.971443928621575359e-03,4.601837663058505057e-01,1.095721744532506037e+00,-1.874705058424492449e-02,5.751793819545580888e-02,4.495340075193855062e-02,1.293963611386409474e-01,-2.832690590894901272e-02,-1.593263237815092104e-01,5.832576084579658149e-01,-3.379481214823220020e-04,1.585104932486409990e-01,4.686804647770736500e-03
-7.148429802739836303e-01,1.296083913055797376e-03,-2.254901052151057558e-02,-6.989201498340137375e-01,3.953442437993066605e-01,-1.128697112272742276e+00,7.251766556687537779e-01,-3.795282502481402420e-01,-1.331478438089776228e-01,1.967973037398143207e-02,8.679079066697018563e-01,-5.262839288110385816e-01,9.563681381820113292e-02,-3.548840095431236574e-01,-2.082442853763410706e-01,-2.748460658643318011e-01,9.456861484194037937e-01,-6.085296977115955963e-01,-6.262857686859367445e-02,3.575650501071958587e-02,-2.368681383657118139e-02,4.679999679822147707e-01,-3.046242177515984251e-01,-9.558171474889697733e-03,4.668077200675665450e-01,1.101255100345711169e+00,-1.880240517841803155e-02,5.999106046716453505e-02,4.498442171112148474e-02,1.221361125179726975e-01,-2.959622182369559679e-02,-1.602575977159720610e-01,5.914651726561991341e-01,-4.102991228169516869e-04,1.595626569881852808e-01,4.968690928801605504e-03
-7.137043216307208393e-01,2.222958509275822173e-03,-1.567196963891240302e-02,-7.002682265451829480e-01,4.000927886242247045e-01,-1.127262737628724310e+00,7.252773230313741548e-01,-3.710333185881654616e-01,-1.156443492326767186e-01,9.300552492724429091e-03,8.796187744371818384e-01,-5.370859448313896056e-01,8.616854062720122331e-02,-3.333922475561657550e-01,-1.807408919210052312e-01,-2.740380821995108684e-01,9.312799277874560522e-01,-6.098649565835130293e-01,-6.469900957847748990e-02,3.615132579847883665e-02,-2.217368020593853475e-02,4.679998722838806802e-01,-3.045757344574832604e-01,-1.057589129430363227e-02,4.729015915987252461e-01,1.104894442529268606e+00,-1.895527831232124080e-02,6.161318626900677553e-02,4.494514564852507971e-02,1.153785342884508236e-01,-2.889891358558101947e-02,-1.586863821456645784e-01,5.944201326194972212e-01,-3.542311542691516969e-04,1.593034700492552136e-01,5.526183423038613304e-03
-7.115818996891341008e-01,3.236422932046402381e-03,-4.428580778306778071e-03,-7.025817484632644883e-01,4.055125964765707858e-01,-1.124584408766532873e+00,7.237544624298535290e-01,-3.607056009386374051e-01,-9.288585577906918744e-02,-8.105227017153233265e-03,9.076198228149858771e-01,-5.595643607800028230e-01,7.466839531072015645e-02,-3.030720733997200877e-01,-1.471296555205428291e-01,-2.790416541557450003e-01,9.204188023420603049e-01,-6.164077836717720693e-01,-6.951482845664121168e-02,3.743110207159416197e-02,-1.359260803597357736e-02,4.679998499613077789e-01,-3.018755639348659203e-01,-1.113965377503709983e-02,4.791960878799666479e-01,1.110450161698509852e+00,-1.913055673864462458e-02,6.357474112177699532e-02,4.495799887674144235e-02,1.063790987782915753e-01,-2.876135016513151413e-02,-1.566830197372438005e-01,5.895023190678670977e-01,-3.002758444694866012e-04,1.568908741065043466e-01,6.172263335276963192e-03
-7.092026127290608217e-01,3.326169611502356911e-03,4.435720104550872935e-03,-7.049829182903252223e-01,4.100572286854007875e-01,-1.122176573508944175e+00,7.230330105280082797e-01,-3.489809455262146698e-01,-7.698831003161032971e-02,-2.470360486567322808e-02,9.242013662518864248e-01,-5.745146480055016713e-01,6.510284740647279134e-02,-2.760414542025133589e-01,-1.193713333642771185e-01,-2.805188337352045869e-01,9.077168042060010933e-01,-6.211598064897888571e-01,-7.462007924309298212e-02,3.520634011186345169e-02,-5.700788914586553228e-03,4.679998503363166917e-01,-2.999863381488083736e-01,-1.321746321222007185e-02,4.852774638545354069e-01,1.115760014436697256e+00,-1.935006282989220824e-02,6.512621870241867839e-02,4.495490843875463854e-02,1.059035358823639111e-01,-2.825297498707166066e-02,-1.550774239651362685e-01,5.899334168003403933e-01,-1.944159357784333130e-04,1.566250371339589220e-01,6.639021189402623951e-03
-7.070177255082918943e-01,3.885854048218450284e-03,1.192425768146458676e-02,-7.070846116513522794e-01,4.140869163471196934e-01,-1.120235991685304411e+00,7.227583399799831776e-01,-3.392065814296708615e-01,-6.262024815054585691e-02,-3.990633842705319789e-02,9.358654614225233592e-01,-5.855713070456375346e-01,5.639778970278726267e-02,-2.528443939818854624e-01,-9.296680074938315497e-02,-2.798357833599191546e-01,8.926208871720286986e-01,-6.224346660356757654e-01,-7.863421966430939047e-02,3.296485354845202220e-02,3.366908213362669600e-03,4.679998507554882226e-01,-2.998051713051246847e-01,-1.684002820885814253e-02,4.905143677526033197e-01,1.120406593213779001e+00,-1.964138772460424787e-02,6.628432306448860112e-02,4.495691168737887822e-02,1.049030610242784184e-01,-2.847061746118940972e-02,-1.539196785260227296e-01,5.920157195516482229e-01,-1.023149550150626605e-04,1.568630506509534062e-01,7.032625944162663664e-03
-7.043131044579806765e-01,2.365088486923179727e-03,1.894337473983885578e-02,-7.096327259918870922e-01,4.182939077911956849e-01,-1.118392491885853213e+00,7.222754981996157841e-01,-3.264510567195992863e-01,-5.228354856975217513e-02,-5.427483978891105287e-02,9.453797752042248925e-01,-5.954297875530584205e-01,4.812861078243852592e-02,-2.289003448568540378e-01,-7.102976939243384191e-02,-2.780544724395773160e-01,8.812624317775339389e-01,-6.259611397771632779e-01,-8.339173701913214776e-02,3.039534988263396104e-02,7.010563900246727029e-03,4.679998788525609466e-01,-2.988240781033174587e-01,-1.880136241914240683e-02,4.955928498149239636e-01,1.123422903413020535e+00,-1.999039052727793683e-02,6.684055314600935438e-02,4.495799961315159743e-02,1.063819819602605937e-01,-2.727005861034717885e-02,-1.518149138676145593e-01,5.944706825210853696e-01,4.062870414009701035e-05,1.573101087502618844e-01,7.478711006459816055e-03
-7.017010399992938963e-01,2.566717573274774592e-04,2.466845159790138561e-02,-7.120442767688538455e-01,4.222154738018014108e-01,-1.116286356595879159e+00,7.219133024645668639e-01,-3.129622388105389730e-01,-4.473462137065629951e-02,-6.662684731757369250e-02,9.512171124947726986e-01,-6.035516935410752959e-01,4.085269898249783982e-02,-2.065533059716721243e-01,-5.223446036620954525e-02,-2.741710965712899073e-01,8.707841210723447078e-01,-6.296513472417646362e-01,-8.760283240771073177e-02,2.742651466283854700e-02,8.257022564937373937e-03,4.679999600383488723e-01,-2.975991552349880886e-01,-1.962220309789745182e-02,5.000896686124636226e-01,1.126131437456417750e+00,-2.039956899887108641e-02,6.733209281054422513e-02,4.498349707124726926e-02,1.087617543312452278e-01,-2.565892275514050982e-02,-1.495375296653347619e-01,5.980856455769467672e-01,1.965547811714800841e-04,1.580502477835575292e-01,7.928270369923126268e-03
-6.989275788754534258e-01,-1.807583490866089288e-03,3.093883919590510387e-02,-7.145206507571564281e-01,4.246967472642243502e-01,-1.115306310441395388e+00,7.202106270720953773e-01,-3.050805035906955509e-01,-3.895496877777337302e-02,-7.820305512706759998e-02,9.669144923422214877e-01,-6.151656618488813288e-01,3.590384563995749345e-02,-1.896854809755026128e-01,-3.615088105049734518e-02,-2.696584532736748807e-01,8.704444406546546498e-01,-6.363838550688901696e-01,-8.812071830632478564e-02,2.376704140504443119e-02,2.110852144721090881e-02,4.679999155753025164e-01,-2.970724662417774109e-01,-2.555575209397307340e-02,5.022938806031905790e-01,1.130275902376376429e+00,-2.096225772408064417e-02,6.829665911961214919e-02,4.495412688965586684e-02,1.113854692176375200e-01,-2.865819271343034158e-02,-1.522016892684639744e-01,6.013542097457813540e-01,1.335942052087939326e-05,1.588237089842439442e-01,7.480210324421985094e-03
-6.963401146994517843e-01,-3.888720414921625727e-03,3.584608758329749928e-02,-7.168056783528291565e-01,4.272773833468949123e-01,-1.113731725188763511e+00,7.199582871703728015e-01,-2.932103348783492991e-01,-3.423427016231260500e-02,-8.857090657734320582e-02,9.707246708388523881e-01,-6.209233333821813083e-01,3.107528815057738342e-02,-1.706147963025002601e-01,-2.050451504912741141e-02,-2.639512700383653265e-01,8.610368128830633294e-01,-6.385805546203803251e-01,-9.209329093146616241e-02,2.059187797613114615e-02,2.616063248706537031e-02,4.679999352245437505e-01,-2.957628275618375824e-01,-2.821671845863746309e-02,5.047545328361875416e-01,1.133918708490031957e+00,-2.154579729150811473e-02,6.903893652019699179e-02,4.496798720492439783e-02,1.162770379824467210e-01,-2.952595815251028363e-02,-1.532993321343975313e-01,6.052160950715221865e-01,-6.246967623724534666e-05,1.597292344615425796e-01,7.301694040362171137e-03
-6.937440127629065367e-01,-5.850423836439444178e-03,4.004289312930544437e-02,-7.190838504697413258e-01,4.299844182215608601e-01,-1.112676619792304145e+00,7.189650875364033134e-01,-2.857334106265146945e-01,-3.039984065817959505e-02,-9.849146829308737250e-02,9.791668904575892007e-01,-6.281650862729345475e-01,2.615465723108717500e-02,-1.564536981726696030e-01,-6.417645019534218460e-03,-2.578669423145717454e-01,8.577196348957245586e-01,-6.427021135308637056e-01,-9.301018493611769300e-02,1.791030931121014719e-02,3.092527594019019166e-02,4.679999255731682184e-01,-2.938848922579966882e-01,-2.969769939508532311e-02,5.077052737295354445e-01,1.137843248287808029e+00,-2.210853019471943973e-02,6.981240490733646442e-02,4.496923235885492975e-02,1.212476468909070293e-01,-2.946198696793820085e-02,-1.545738531476442690e-01,6.100004664842747504e-01,-1.509221302001538566e-04,1.608648277661928194e-01,7.092594457706239038e-03
-6.916073541931071489e-01,-6.328902119364388998e-03,4.230107827156025929e-02,-7.210061243852488033e-01,4.325638039398479462e-01,-1.112475663978729878e+00,7.187299298568959882e-01,-2.833498063767017072e-01,-2.680090740980247549e-02,-1.071120013778891350e-01,9.828742585598549963e-01,-6.305257367069491137e-01,2.133214292003093870e-02,-1.481209151265311386e-01,5.986765616159850367e-03,-2.538252805967471937e-01,8.514702482189736577e-01,-6.428053690517941954e-01,-9.561756320268985365e-02,1.573105662147286296e-02,3.271166767570656692e-02,4.679998219128767567e-01,-2.934118556068780470e-01,-2.795501585839230488e-02,5.114500182646596338e-01,1.140701045024208327e+00,-2.263181712518067337e-02,7.020426153108735856e-02,4.493524825910540088e-02,1.240903043435627601e-01,-2.866257266571329079e-02,-1.548093958711121987e-01,6.145542634957883443e-01,-1.779451742183435459e-04,1.618502805474849870e-01,7.059313028694522672e-03
-6.904477358915807050e-01,-7.500878051327789994e-03,4.442145471834949705e-02,-7.219781126816483541e-01,4.345914732754007637e-01,-1.111976109669053026e+00,7.192330986661238379e-01,-2.762731611258260056e-01,-2.344716340383174585e-02,-1.123059762631444525e-01,9.800661063224309633e-01,-6.303664398501689359e-01,1.763290733021546930e-02,-1.362910444131432974e-01,1.549660074134265667e-02,-2.520802247576809929e-01,8.408716934729099091e-01,-6.409522435115004857e-01,-9.917930362924887167e-02,1.458109678748461223e-02,3.517934837637647083e-02,4.679999699426335424e-01,-2.916402290128994879e-01,-2.531276019130035068e-02,5.160534075162181988e-01,1.143011469802054814e+00,-2.307561730508047443e-02,7.044389782386052679e-02,4.499242767536332233e-02,1.280009729430717225e-01,-2.914263920675387934e-02,-1.562842691537862372e-01,6.196344558762341137e-01,-2.927031985197345657e-04,1.629472061109482339e-01,6.832868235864184708e-03
-6.895898860833116206e-01,-8.990363638938715651e-03,4.642114144843752233e-02,-7.226548553769420735e-01,4.367776635268093566e-01,-1.111601483336797536e+00,7.194230223806782343e-01,-2.696386975792565144e-01,-2.012502886972432695e-02,-1.165185363032076038e-01,9.787693424216318272e-01,-6.310696246649084573e-01,1.375842404011146797e-02,-1.248832615053604989e-01,2.316040008696605701e-02,-2.526458498083377080e-01,8.323258207031090095e-01,-6.400132213913901635e-01,-9.970867096682085873e-02,1.424491482984764461e-02,3.678118001662497583e-02,4.679998860867186083e-01,-2.891879875976023917e-01,-2.186569706861080098e-02,5.210334054614969013e-01,1.145014404969954436e+00,-2.348459392468858764e-02,7.064669752418129001e-02,4.497739613884065707e-02,1.317776230683979088e-01,-2.885928648826468351e-02,-1.575776985849520473e-01,6.262995480158541906e-01,-3.983911762078015521e-04,1.643867424955528511e-01,6.660420626302823201e-03
-6.887493126768339247e-01,-1.072742708100509444e-02,4.830269444362058490e-02,-7.233091706213164995e-01,4.382714453068501381e-01,-1.111345825875646565e+00,7.193536752237789100e-01,-2.635524050726761880e-01,-1.846536650413224331e-02,-1.197475819185035151e-01,9.788388219294341663e-01,-6.322798371716394916e-01,1.122847652793675099e-02,-1.145965385794807251e-01,2.853118400957170911e-02,-2.533895341463774931e-01,8.267808239737007847e-01,-6.398950848130623426e-01,-1.003613564042862838e-01,1.314237662785742132e-02,3.840992206105240531e-02,4.679999983412034270e-01,-2.867487920827902492e-01,-1.969448992164126583e-02,5.256125899417449787e-01,1.146823158655718267e+00,-2.391958880857259287e-02,7.084973980198480681e-02,4.499966138330917936e-02,1.356529002503940595e-01,-2.942373606614454018e-02,-1.593845491772641620e-01,6.325974126827283994e-01,-5.509477072563849498e-04,1.656699071550365998e-01,6.401738976880199695e-03
-6.877845641096347329e-01,-1.345687040642282346e-02,5.018676415334390878e-02,-7.240528949705270501e-01,4.391151443492151141e-01,-1.110574043960786295e+00,7.192936306737797159e-01,-2.541902428804378999e-01,-1.925363518039506505e-02,-1.218506927171124771e-01,9.773184547392599342e-01,-6.335896662674266322e-01,1.025052779551273441e-02,-1.021825717692929625e-01,3.156601916578906375e-02,-2.527117335258834974e-01,8.224828657888327843e-01,-6.421542469605693304e-01,-1.013864538591268682e-01,1.127290706902708307e-02,4.153897452055095585e-02,4.679998262561693712e-01,-2.838596628265959154e-01,-2.002568318367543843e-02,5.295770350825772521e-01,1.150142501627680947e+00,-2.438502302671142694e-02,7.153129416027825815e-02,4.496229800750804750e-02,1.408270955357986687e-01,-3.118825323401286376e-02,-1.623114302185477698e-01,6.379272067133444635e-01,-7.877675782333496378e-04,1.667214213971731918e-01,5.937931856126157405e-03
-6.866448581788507921e-01,-1.671487955834744313e-02,5.254433499389423584e-02,-7.248989890998229768e-01,4.402549645032733383e-01,-1.110379116395698862e+00,7.190432039026471989e-01,-2.448906855980355346e-01,-1.994036082366047041e-02,-1.245036263335317223e-01,9.772676581136608975e-01,-6.349176416247165333e-01,8.744124156456870717e-03,-9.012145467750877492e-02,3.445429407657777526e-02,-2.528677077672172313e-01,8.197882968044162277e-01,-6.441846270565899646e-01,-1.012635191304617766e-01,9.336717367573221446e-03,4.190600336458508157e-02,4.679999368268832338e-01,-2.800384720718945286e-01,-2.023687963229012232e-02,5.337468254610236995e-01,1.154046688449928082e+00,-2.484443099423354687e-02,7.230157475556527047e-02,4.498171838401373440e-02,1.455411572770058670e-01,-3.143201076418226242e-02,-1.645304608918003175e-01,6.437978752678480410e-01,-9.765959670272974548e-04,1.679093887115269135e-01,5.602426835924668655e-03
-6.858645806796664912e-01,-1.864363029060784119e-02,5.353683104349070410e-02,-7.255177459859357691e-01,4.416350848911796967e-01,-1.110000572649112227e+00,7.185695416514269462e-01,-2.403818993425078931e-01,-2.011919305906600258e-02,-1.266647685487929664e-01,9.788503996637816229e-01,-6.369818564091344060e-01,6.760019117191963522e-03,-8.308140475102690492e-02,3.695992084787981524e-02,-2.538795959219425358e-01,8.188462417053695708e-01,-6.464605849915215918e-01,-9.897136090484835724e-02,7.292042788988760925e-03,3.875853197459149663e-02,4.679999274923767882e-01,-2.771676838662892051e-01,-1.839752752760378043e-02,5.387093674355046824e-01,1.157066396169484923e+00,-2.526072098176912126e-02,7.270607648215683672e-02,4.498147899080875284e-02,1.487379047871418003e-01,-2.977723559546134949e-02,-1.652194022480183988e-01,6.485098819954532301e-01,-1.063915117476531020e-03,1.687265773898814214e-01,5.528844849073411179e-03
-6.849936861476987326e-01,-2.129472171613277717e-02,5.455078153496698001e-02,-7.261917081589025491e-01,4.425315198032064301e-01,-1.110039274500849604e+00,7.185462153312733857e-01,-2.338567353973372842e-01,-2.202740555071228123e-02,-1.280695482571510835e-01,9.769342470583270988e-01,-6.363772496620686558e-01,5.822303327066090384e-03,-7.582994785713509378e-02,3.762910985319838780e-02,-2.541839804839856609e-01,8.170101310756604507e-01,-6.466732890363562358e-01,-9.721126337557439712e-02,5.057973313856734335e-03,3.691609926216667809e-02,4.679999730897400623e-01,-2.745420389174335063e-01,-1.809359983873127034e-02,5.430286846313039373e-01,1.160328843715596969e+00,-2.572653833706081694e-02,7.314092387948670226e-02,4.499451349621542279e-02,1.517024063348177410e-01,-2.880230956436940354e-02,-1.659383085882274178e-01,6.528165270156154332e-01,-1.160717237584474575e-03,1.694680411602818015e-01,5.426304997533023047e-03
-6.845051254594149981e-01,-2.297284888363143249e-02,5.498010471921372516e-02,-7.265687644807095058e-01,4.430926343718509797e-01,-1.110151558937642946e+00,7.185549550007365172e-01,-2.300814834469246395e-01,-2.350546725450050958e-02,-1.286867215721994029e-01,9.754206749940818044e-01,-6.356315262062279814e-01,5.281717383227926832e-03,-7.138707773337482632e-02,3.790227102964317807e-02,-2.543153072930287029e-01,8.157000475461236855e-01,-6.469928545807321907e-01,-9.531837630839196107e-02,3.129455167840762293e-03,3.593354417358122360e-02,4.679998866955926706e-01,-2.723013370485340423e-01,-1.895003785626137374e-02,5.470139987895937805e-01,1.163454267007580256e+00,-2.621009756749397360e-02,7.350108631029803052e-02,4.497475851641459521e-02,1.539425870735564306e-01,-2.788224319117713415e-02,-1.664508007506804999e-01,6.560471349208074621e-01,-1.242191880948001525e-03,1.699580987842733981e-01,5.349167100645129541e-03
-6.841539889764591820e-01,-2.370652665639056203e-02,5.504865889690976899e-02,-7.268706660164107047e-01,4.436833358580262732e-01,-1.110509834571292931e+00,7.184827682692394024e-01,-2.295537476427420009e-01,-2.409494461086697514e-02,-1.295332065158563695e-01,9.754277996250043659e-01,-6.350574691906593072e-01,4.444450094406141721e-03,-6.977164420959827695e-02,3.800020817000931972e-02,-2.550696301735048133e-01,8.152619791617127243e-01,-6.469462470548389410e-01,-9.290648071967790023e-02,2.017148321086866154e-03,3.451201589169179684e-02,4.679998862769139123e-01,-2.714219317605293114e-01,-1.943378182196894149e-02,5.508550650813140992e-01,1.165404263289722575e+00,-2.671029657727089571e-02,7.347810640962118556e-02,4.497821465908847377e-02,1.554253013979626785e-01,-2.622474270079004979e-02,-1.659500853121668174e-01,6.585888023052257623e-01,-1.244325562277623452e-03,1.703134301777740056e-01,5.436904958341621553e-03
-6.843353783607888374e-01,-2.415996977258909675e-02,5.509672598640571323e-02,-7.266813170640638031e-01,4.436230470810543780e-01,-1.110927527431295081e+00,7.185447001709319714e-01,-2.290649430505443118e-01,-2.455011085050944758e-02,-1.287624468901688024e-01,9.747458579439471915e-01,-6.341444474931355879e-01,4.612070891292167907e-03,-6.921781731223752843e-02,3.732637047431408561e-02,-2.548096845806461785e-01,8.151356261257567404e-01,-6.462807116093767235e-01,-9.120870522408351666e-02,1.757130392340580140e-03,3.689557772589421164e-02,4.679999633254648961e-01,-2.711555184921103367e-01,-2.197359516992458683e-02,5.538768376390745818e-01,1.166820947137572340e+00,-2.726865762102851504e-02,7.333766186791819408e-02,4.499206933587700241e-02,1.566371137058677199e-01,-2.611913161957923890e-02,-1.664516243115849448e-01,6.604002421135445333e-01,-1.314972103884689452e-03,1.705971052450381553e-01,5.324153720332655375e-03
-6.846891824360294976e-01,-2.449174904229202768e-02,5.542637436693993724e-02,-7.263117751409974288e-01,4.439639462614007326e-01,-1.111313568836313825e+00,7.185950378165935071e-01,-2.283454133454578538e-01,-2.351264807933265560e-02,-1.282203031489304035e-01,9.743888669624336529e-01,-6.336881088301727916e-01,3.924704678458009605e-03,-6.727464304421601482e-02,3.837367062350892366e-02,-2.550339974044764091e-01,8.130718836387957893e-01,-6.446355420305449613e-01,-8.868341987831998563e-02,2.766718902563239900e-03,3.583108688660720936e-02,4.679998513267574212e-01,-2.708560804333502992e-01,-2.270504434928381776e-02,5.572152828699200589e-01,1.167085982727060767e+00,-2.780134194858620289e-02,7.292077183813823471e-02,4.496751042751628152e-02,1.581145538404181983e-01,-2.406555370870312044e-02,-1.647991967298634286e-01,6.631651115330911006e-01,-1.213837635141919256e-03,1.711267416688080356e-01,5.599669810345277686e-03
-6.850944363207492893e-01,-2.479725552711824210e-02,5.590172056896488412e-02,-7.258827088986944398e-01,4.436671900226075160e-01,-1.111762930043695974e+00,7.188798602913145652e-01,-2.268912495788073802e-01,-2.304267788073946846e-02,-1.271314837979962697e-01,9.726930645750758719e-01,-6.323553125476687464e-01,4.303275743806445758e-03,-6.592312564725663626e-02,3.833529788378147590e-02,-2.549984109456925330e-01,8.111972779696798863e-01,-6.422300620449264974e-01,-8.945647113412943940e-02,3.988493404270379399e-03,3.868696721145329503e-02,4.679998698269181023e-01,-2.708351519561782439e-01,-2.573014850428332473e-02,5.594129610330178526e-01,1.167479990606469453e+00,-2.841998572665944620e-02,7.267894716301422087e-02,4.497152915793989347e-02,1.591845017825192499e-01,-2.392097842455122650e-02,-1.646428605919764698e-01,6.654634086677023719e-01,-1.233448656033848175e-03,1.715545261110790198e-01,5.595647941580325462e-03
-6.855610966858091126e-01,-2.464216084508366253e-02,5.587333763499623823e-02,-7.254494584472176433e-01,4.433876754102144546e-01,-1.112334019712388100e+00,7.190497300341827103e-01,-2.276833797318493779e-01,-2.270219230067900204e-02,-1.259467568885077327e-01,9.719821923829315979e-01,-6.311276879820273411e-01,4.630031494889330634e-03,-6.725685065418227082e-02,3.813624281578945757e-02,-2.546417095226814475e-01,8.110890873506972909e-01,-6.409391797080401521e-01,-8.975076562634011490e-02,5.272114861155627330e-03,4.034758404001950044e-02,4.679998659097638347e-01,-2.712057188245599604e-01,-2.802205324979487044e-02,5.614145893395764420e-01,1.167629399870007356e+00,-2.905762495249682512e-02,7.243856765832193401e-02,4.496885615732618829e-02,1.592855081366361669e-01,-2.376349256828328566e-02,-1.645313647033553317e-01,6.669937135990661181e-01,-1.258331456289537307e-03,1.717770934629365420e-01,5.582740948306181075e-03
-6.856113975223837587e-01,-2.316852451798267001e-02,5.527608148859792375e-02,-7.254962342247749385e-01,4.433058645511638862e-01,-1.113341874750533700e+00,7.190644884619031840e-01,-2.337945225520889625e-01,-2.187159078040120178e-02,-1.266347063862333089e-01,9.739274941590710943e-01,-6.299179631041360583e-01,4.344542798409997686e-03,-7.275335577969442580e-02,3.883695934113465253e-02,-2.556968266818348545e-01,8.119029780434474652e-01,-6.393185833999476264e-01,-8.951821328544876111e-02,5.986896298147715081e-03,4.077157771838821332e-02,4.679999305029602374e-01,-2.729087179537026397e-01,-2.884175913323908103e-02,5.628077449196161597e-01,1.166896221331529260e+00,-2.976836755012365540e-02,7.202183451396172720e-02,4.498171098421686193e-02,1.579197779630484022e-01,-2.295777298354003890e-02,-1.635512615227085187e-01,6.671660967456708446e-01,-1.218728376694884572e-03,1.716344898120646112e-01,5.725229434070274598e-03
-6.859228503025193158e-01,-2.237594547272010043e-02,5.468206532884596627e-02,-7.252716954551868822e-01,4.428323399796572080e-01,-1.114121065350491158e+00,7.193556010963969571e-01,-2.369256947823984438e-01,-2.206437340163719743e-02,-1.258111926479580645e-01,9.729323128250874086e-01,-6.277110535471931430e-01,4.965908883645956534e-03,-7.634589894660430420e-02,3.828202123110756999e-02,-2.554017371523386037e-01,8.116260051964000466e-01,-6.371977168571967276e-01,-8.952777164117318998e-02,6.145670708141517426e-03,4.276134873985294044e-02,4.679999201378490237e-01,-2.733092787105136923e-01,-3.001903916846562423e-02,5.642774164511074053e-01,1.167087619686428379e+00,-3.046552769178880946e-02,7.192979294878266983e-02,4.497930729883489742e-02,1.564824080209383239e-01,-2.323985751502785982e-02,-1.636841946761374844e-01,6.661360620203310434e-01,-1.259291489005986801e-03,1.712419169148355902e-01,5.673372269316068889e-03
-6.862005727203364103e-01,-2.171343236415712238e-02,5.455808665188430912e-02,-7.250384238329269371e-01,4.424689499849653873e-01,-1.114776526119828581e+00,7.195272122050151431e-01,-2.392496858045598807e-01,-2.157806138403343607e-02,-1.253649949518060025e-01,9.728744046311591509e-01,-6.264356607522384435e-01,5.315050220274140924e-03,-7.866435691607083502e-02,3.857282850484612668e-02,-2.551214960323779368e-01,8.111090257967447092e-01,-6.355011614244154838e-01,-8.861887529285550347e-02,6.729758811768129026e-03,4.357526791173475800e-02,4.679999183521670325e-01,-2.729709393425782671e-01,-3.056949494214296348e-02,5.661057340543736993e-01,1.167870680827481467e+00,-3.113775425273481237e-02,7.198201365925396833e-02,4.497912265905949780e-02,1.551522061039632971e-01,-2.292543730506679464e-02,-1.633388481456860830e-01,6.647919021140057394e-01,-1.248332515317031235e-03,1.708419288682287984e-01,5.718318683489463823e-03
